date,total_stocks,up_gt_1pct,up_gt_2pct,down_gt_1pct,down_gt_2pct,moved_gt_1pct,moved_gt_2pct,pct_moved_gt_1pct,pct_moved_gt_2pct,pct_up_gt_1pct,pct_up_gt_2pct,pct_down_gt_1pct,pct_down_gt_2pct
2024-01-01,2145,827,515,274,104,1101,619,51.3,28.9,38.6,24.0,12.8,4.8
2024-01-02,2124,568,372,552,190,1120,562,52.7,26.5,26.7,17.5,26.0,8.9
2024-01-03,2125,673,383,444,173,1117,556,52.6,26.2,31.7,18.0,20.9,8.1
2024-01-04,2126,830,505,271,87,1101,592,51.8,27.8,39.0,23.8,12.7,4.1
2024-01-05,2127,587,333,474,174,1061,507,49.9,23.8,27.6,15.7,22.3,8.2
2024-01-08,2146,520,347,863,395,1383,742,64.4,34.6,24.2,16.2,40.2,18.4
2024-01-09,2121,627,353,439,188,1066,541,50.3,25.5,29.6,16.6,20.7,8.9
2024-01-10,2122,603,364,471,172,1074,536,50.6,25.3,28.4,17.2,22.2,8.1
2024-01-11,2120,729,429,355,126,1084,555,51.1,26.2,34.4,20.2,16.7,5.9
2024-01-12,2116,601,353,492,211,1093,564,51.7,26.7,28.4,16.7,23.3,10.0
2024-01-15,2143,652,385,611,266,1263,651,58.9,30.4,30.4,18.0,28.5,12.4
2024-01-16,2115,344,189,987,546,1331,735,62.9,34.8,16.3,8.9,46.7,25.8
2024-01-17,2116,274,158,1122,565,1396,723,66.0,34.2,12.9,7.5,53.0,26.7
2024-01-18,2117,546,314,604,245,1150,559,54.3,26.4,25.8,14.8,28.5,11.6
2024-01-19,2116,900,522,291,100,1191,622,56.3,29.4,42.5,24.7,13.8,4.7
2024-01-22,2114,653,440,512,169,1165,609,55.1,28.8,30.9,20.8,24.2,8.0
2024-01-23,2149,175,110,1631,1273,1806,1383,84.0,64.4,8.1,5.1,75.9,59.2
2024-01-24,2115,1094,668,312,151,1406,819,66.5,38.7,51.7,31.6,14.8,7.1
2024-01-25,2116,766,495,451,174,1217,669,57.5,31.6,36.2,23.4,21.3,8.2
2024-01-26,2116,766,495,451,174,1217,669,57.5,31.6,36.2,23.4,21.3,8.2
2024-01-29,2150,905,572,474,219,1379,791,64.1,36.8,42.1,26.6,22.0,10.2
2024-01-30,2119,615,386,593,291,1208,677,57.0,31.9,29.0,18.2,28.0,13.7
2024-01-31,2119,997,638,316,152,1313,790,62.0,37.3,47.1,30.1,14.9,7.2
2024-02-01,2132,523,328,736,362,1259,690,59.1,32.4,24.5,15.4,34.5,17.0
2024-02-02,2129,712,446,600,282,1312,728,61.6,34.2,33.4,20.9,28.2,13.2
2024-02-05,2157,588,392,904,553,1492,945,69.2,43.8,27.3,18.2,41.9,25.6
2024-02-06,2132,929,595,406,190,1335,785,62.6,36.8,43.6,27.9,19.0,8.9
2024-02-07,2138,775,492,504,236,1279,728,59.8,34.1,36.2,23.0,23.6,11.0
2024-02-08,2134,482,296,895,495,1377,791,64.5,37.1,22.6,13.9,41.9,23.2
2024-02-09,2130,354,184,1137,742,1491,926,70.0,43.5,16.6,8.6,53.4,34.8
2024-02-12,2158,201,123,1567,1256,1768,1379,81.9,63.9,9.3,5.7,72.6,58.2
2024-02-13,2129,611,352,807,501,1418,853,66.6,40.1,28.7,16.5,37.9,23.5
2024-02-14,2136,994,666,423,198,1417,864,66.3,40.4,46.5,31.2,19.8,9.3
2024-02-15,2134,910,569,380,181,1290,750,60.4,35.1,42.6,26.7,17.8,8.5
2024-02-16,2132,767,454,474,232,1241,686,58.2,32.2,36.0,21.3,22.2,10.9
2024-02-19,2168,822,531,449,216,1271,747,58.6,34.5,37.9,24.5,20.7,10.0
2024-02-20,2135,572,354,598,251,1170,605,54.8,28.3,26.8,16.6,28.0,11.8
2024-02-21,2135,348,204,1022,573,1370,777,64.2,36.4,16.3,9.6,47.9,26.8
2024-02-22,2135,636,329,485,177,1121,506,52.5,23.7,29.8,15.4,22.7,8.3
2024-02-23,2132,602,344,492,187,1094,531,51.3,24.9,28.2,16.1,23.1,8.8
2024-02-26,2168,472,301,804,375,1276,676,58.9,31.2,21.8,13.9,37.1,17.3
2024-02-27,2135,399,204,846,435,1245,639,58.3,29.9,18.7,9.6,39.6,20.4
2024-02-28,2135,147,82,1531,1015,1678,1097,78.6,51.4,6.9,3.8,71.7,47.5
2024-02-29,2138,576,340,586,280,1162,620,54.3,29.0,26.9,15.9,27.4,13.1
2024-03-01,2151,905,506,363,160,1268,666,58.9,31.0,42.1,23.5,16.9,7.4
2024-03-04,2172,363,207,1094,631,1457,838,67.1,38.6,16.7,9.5,50.4,29.1
2024-03-05,2151,345,204,1016,558,1361,762,63.3,35.4,16.0,9.5,47.2,25.9
2024-03-06,2151,165,92,1445,1036,1610,1128,74.8,52.4,7.7,4.3,67.2,48.2
2024-03-07,2154,720,390,423,187,1143,577,53.1,26.8,33.4,18.1,19.6,8.7
2024-03-08,2154,720,390,423,187,1143,577,53.1,26.8,33.4,18.1,19.6,8.7
2024-03-11,2177,188,101,1502,1161,1690,1262,77.6,58.0,8.6,4.6,69.0,53.3
2024-03-12,2154,125,70,1577,1211,1702,1281,79.0,59.5,5.8,3.2,73.2,56.2
2024-03-13,2153,37,22,1960,1728,1997,1750,92.8,81.3,1.7,1.0,91.0,80.3
2024-03-14,2156,1476,1194,272,137,1748,1331,81.1,61.7,68.5,55.4,12.6,6.4
2024-03-15,2155,553,353,757,378,1310,731,60.8,33.9,25.7,16.4,35.1,17.5
2024-03-18,2174,638,419,642,327,1280,746,58.9,34.3,29.3,19.3,29.5,15.0
2024-03-19,2156,272,173,1210,684,1482,857,68.7,39.7,12.6,8.0,56.1,31.7
2024-03-20,2156,482,286,737,381,1219,667,56.5,30.9,22.4,13.3,34.2,17.7
2024-03-21,2159,1332,880,196,91,1528,971,70.8,45.0,61.7,40.8,9.1,4.2
2024-03-22,2158,913,528,351,135,1264,663,58.6,30.7,42.3,24.5,16.3,6.3
2024-03-25,2158,913,528,351,135,1264,663,58.6,30.7,42.3,24.5,16.3,6.3
2024-03-26,2182,380,242,1108,760,1488,1002,68.2,45.9,17.4,11.1,50.8,34.8
2024-03-27,2160,528,321,854,554,1382,875,64.0,40.5,24.4,14.9,39.5,25.6
2024-03-28,2160,663,341,666,348,1329,689,61.5,31.9,30.7,15.8,30.8,16.1
2024-03-29,2160,663,341,666,348,1329,689,61.5,31.9,30.7,15.8,30.8,16.1
2024-04-01,2182,1684,1425,121,55,1805,1480,82.7,67.8,77.2,65.3,5.5,2.5
2024-04-02,2171,1226,837,204,83,1430,920,65.9,42.4,56.5,38.6,9.4,3.8
2024-04-03,2173,1137,776,220,74,1357,850,62.4,39.1,52.3,35.7,10.1,3.4
2024-04-04,2170,815,522,354,140,1169,662,53.9,30.5,37.6,24.1,16.3,6.5
2024-04-05,2171,755,437,340,122,1095,559,50.4,25.7,34.8,20.1,15.7,5.6
2024-04-08,2186,570,338,767,366,1337,704,61.2,32.2,26.1,15.5,35.1,16.7
2024-04-09,2162,441,248,800,358,1241,606,57.4,28.0,20.4,11.5,37.0,16.6
2024-04-10,2161,582,296,548,242,1130,538,52.3,24.9,26.9,13.7,25.4,11.2
2024-04-11,2161,582,296,548,242,1130,538,52.3,24.9,26.9,13.7,25.4,11.2
2024-04-12,2162,371,208,1011,451,1382,659,63.9,30.5,17.2,9.6,46.8,20.9
2024-04-15,2191,179,98,1597,1078,1776,1176,81.1,53.7,8.2,4.5,72.9,49.2
2024-04-16,2163,778,430,398,141,1176,571,54.4,26.4,36.0,19.9,18.4,6.5
2024-04-17,2163,778,430,398,141,1176,571,54.4,26.4,36.0,19.9,18.4,6.5
2024-04-18,2164,515,306,630,270,1145,576,52.9,26.6,23.8,14.1,29.1,12.5
2024-04-19,2164,462,239,661,267,1123,506,51.9,23.4,21.3,11.0,30.5,12.3
2024-04-22,2194,1105,675,304,122,1409,797,64.2,36.3,50.4,30.8,13.9,5.6
2024-04-23,2165,797,462,400,169,1197,631,55.3,29.1,36.8,21.3,18.5,7.8
2024-04-24,2167,783,426,352,141,1135,567,52.4,26.2,36.1,19.7,16.2,6.5
2024-04-25,2167,621,331,489,191,1110,522,51.2,24.1,28.7,15.3,22.6,8.8
2024-04-26,2166,550,302,511,183,1061,485,49.0,22.4,25.4,13.9,23.6,8.4
2024-04-29,2198,609,363,552,234,1161,597,52.8,27.2,27.7,16.5,25.1,10.6
2024-04-30,2169,486,257,661,247,1147,504,52.9,23.2,22.4,11.8,30.5,11.4
2024-05-01,2169,486,257,661,247,1147,504,52.9,23.2,22.4,11.8,30.5,11.4
2024-05-02,2170,590,321,600,258,1190,579,54.8,26.7,27.2,14.8,27.6,11.9
2024-05-03,2168,340,185,869,341,1209,526,55.8,24.3,15.7,8.5,40.1,15.7
2024-05-06,2200,313,171,1232,748,1545,919,70.2,41.8,14.2,7.8,56.0,34.0
2024-05-07,2168,231,121,1361,839,1592,960,73.4,44.3,10.7,5.6,62.8,38.7
2024-05-08,2167,704,373,425,166,1129,539,52.1,24.9,32.5,17.2,19.6,7.7
2024-05-09,2164,127,68,1599,1114,1726,1182,79.8,54.6,5.9,3.1,73.9,51.5
2024-05-10,2164,819,443,392,161,1211,604,56.0,27.9,37.8,20.5,18.1,7.4
2024-05-13,2196,497,294,784,361,1281,655,58.3,29.8,22.6,13.4,35.7,16.4
2024-05-14,2165,1164,738,215,91,1379,829,63.7,38.3,53.8,34.1,9.9,4.2
2024-05-15,2169,713,420,380,138,1093,558,50.4,25.7,32.9,19.4,17.5,6.4
2024-05-16,2169,682,356,412,142,1094,498,50.4,23.0,31.4,16.4,19.0,6.5
2024-05-17,2169,821,466,317,135,1138,601,52.5,27.7,37.9,21.5,14.6,6.2
2024-05-20,2155,758,385,181,54,939,439,43.6,20.4,35.2,17.9,8.4,2.5
2024-05-21,2198,500,329,896,489,1396,818,63.5,37.2,22.7,15.0,40.8,22.2
2024-05-22,2168,524,299,554,218,1078,517,49.7,23.8,24.2,13.8,25.6,10.1
2024-05-23,2171,547,265,633,257,1180,522,54.4,24.0,25.2,12.2,29.2,11.8
2024-05-24,2169,394,221,742,367,1136,588,52.4,27.1,18.2,10.2,34.2,16.9
2024-05-27,2201,422,254,855,445,1277,699,58.0,31.8,19.2,11.5,38.8,20.2
2024-05-28,2163,288,160,1044,577,1332,737,61.6,34.1,13.3,7.4,48.3,26.7
2024-05-29,2162,456,250,670,275,1126,525,52.1,24.3,21.1,11.6,31.0,12.7
2024-05-30,2163,204,115,1186,623,1390,738,64.3,34.1,9.4,5.3,54.8,28.8
2024-05-31,2165,546,319,664,308,1210,627,55.9,29.0,25.2,14.7,30.7,14.2
2024-06-03,2208,1077,744,424,218,1501,962,68.0,43.6,48.8,33.7,19.2,9.9
2024-06-04,2186,65,41,1940,1769,2005,1810,91.7,82.8,3.0,1.9,88.7,80.9
2024-06-05,2187,1451,1204,358,231,1809,1435,82.7,65.6,66.3,55.1,16.4,10.6
2024-06-06,2186,1552,1208,157,63,1709,1271,78.2,58.1,71.0,55.3,7.2,2.9
2024-06-07,2185,1437,876,150,54,1587,930,72.6,42.6,65.8,40.1,6.9,2.5
2024-06-10,2208,953,616,361,176,1314,792,59.5,35.9,43.2,27.9,16.3,8.0
2024-06-11,2186,850,548,336,146,1186,694,54.3,31.7,38.9,25.1,15.4,6.7
2024-06-12,2187,867,485,276,111,1143,596,52.3,27.3,39.6,22.2,12.6,5.1
2024-06-13,2188,760,461,362,138,1122,599,51.3,27.4,34.7,21.1,16.5,6.3
2024-06-14,2183,739,428,407,152,1146,580,52.5,26.6,33.9,19.6,18.6,7.0
2024-06-17,2183,739,428,407,152,1146,580,52.5,26.6,33.9,19.6,18.6,7.0
2024-06-18,2207,732,474,575,278,1307,752,59.2,34.1,33.2,21.5,26.1,12.6
2024-06-19,2182,467,298,861,403,1328,701,60.9,32.1,21.4,13.7,39.5,18.5
2024-06-20,2182,803,473,346,160,1149,633,52.7,29.0,36.8,21.7,15.9,7.3
2024-06-21,2178,491,292,670,325,1161,617,53.3,28.3,22.5,13.4,30.8,14.9
2024-06-24,2211,655,411,645,303,1300,714,58.8,32.3,29.6,18.6,29.2,13.7
2024-06-25,2183,482,270,679,325,1161,595,53.2,27.3,22.1,12.4,31.1,14.9
2024-06-26,2183,539,309,643,265,1182,574,54.1,26.3,24.7,14.2,29.5,12.1
2024-06-27,2183,362,197,993,600,1355,797,62.1,36.5,16.6,9.0,45.5,27.5
2024-06-28,2184,613,339,448,193,1061,532,48.6,24.4,28.1,15.5,20.5,8.8
2024-07-01,2216,1058,702,289,137,1347,839,60.8,37.9,47.7,31.7,13.0,6.2
2024-07-02,2186,597,369,598,255,1195,624,54.7,28.5,27.3,16.9,27.4,11.7
2024-07-03,2184,776,435,358,140,1134,575,51.9,26.3,35.5,19.9,16.4,6.4
2024-07-04,2183,637,372,465,172,1102,544,50.5,24.9,29.2,17.0,21.3,7.9
2024-07-05,2184,701,409,434,171,1135,580,52.0,26.6,32.1,18.7,19.9,7.8
2024-07-08,2220,496,314,849,435,1345,749,60.6,33.7,22.3,14.1,38.2,19.6
2024-07-09,2184,579,332,575,267,1154,599,52.8,27.4,26.5,15.2,26.3,12.2
2024-07-10,2189,319,176,1073,597,1392,773,63.6,35.3,14.6,8.0,49.0,27.3
2024-07-11,2186,718,441,352,126,1070,567,48.9,25.9,32.8,20.2,16.1,5.8
2024-07-12,2188,445,270,780,383,1225,653,56.0,29.8,20.3,12.3,35.6,17.5
2024-07-15,2227,645,386,616,312,1261,698,56.6,31.3,29.0,17.3,27.7,14.0
2024-07-16,2188,571,331,525,237,1096,568,50.1,26.0,26.1,15.1,24.0,10.8
2024-07-17,2188,571,331,525,237,1096,568,50.1,26.0,26.1,15.1,24.0,10.8
2024-07-18,2186,330,192,1088,647,1418,839,64.9,38.4,15.1,8.8,49.8,29.6
2024-07-19,2187,149,84,1576,1156,1725,1240,78.9,56.7,6.8,3.8,72.1,52.9
2024-07-22,2227,760,457,511,264,1271,721,57.1,32.4,34.1,20.5,22.9,11.9
2024-07-23,2186,485,281,789,429,1274,710,58.3,32.5,22.2,12.9,36.1,19.6
2024-07-24,2187,1251,880,234,96,1485,976,67.9,44.6,57.2,40.2,10.7,4.4
2024-07-25,2185,673,408,583,265,1256,673,57.5,30.8,30.8,18.7,26.7,12.1
2024-07-26,2189,1056,583,299,136,1355,719,61.9,32.8,48.2,26.6,13.7,6.2
2024-07-29,2228,768,473,462,239,1230,712,55.2,32.0,34.5,21.2,20.7,10.7
2024-07-30,2188,736,455,420,172,1156,627,52.8,28.7,33.6,20.8,19.2,7.9
2024-07-31,2191,611,354,556,243,1167,597,53.3,27.2,27.9,16.2,25.4,11.1
2024-08-01,2202,368,210,1010,580,1378,790,62.6,35.9,16.7,9.5,45.9,26.3
2024-08-02,2200,414,230,897,418,1311,648,59.6,29.5,18.8,10.5,40.8,19.0
2024-08-05,2233,102,69,1977,1768,2079,1837,93.1,82.3,4.6,3.1,88.5,79.2
2024-08-06,2201,417,248,1005,600,1422,848,64.6,38.5,18.9,11.3,45.7,27.3
2024-08-07,2201,1500,1062,181,110,1681,1172,76.4,53.2,68.2,48.3,8.2,5.0
2024-08-08,2199,500,308,799,401,1299,709,59.1,32.2,22.7,14.0,36.3,18.2
2024-08-09,2196,819,444,444,242,1263,686,57.5,31.2,37.3,20.2,20.2,11.0
2024-08-12,2232,606,381,751,399,1357,780,60.8,34.9,27.2,17.1,33.6,17.9
2024-08-13,2201,282,146,1280,850,1562,996,71.0,45.3,12.8,6.6,58.2,38.6
2024-08-14,2199,405,213,949,567,1354,780,61.6,35.5,18.4,9.7,43.2,25.8
2024-08-15,2199,405,213,949,567,1354,780,61.6,35.5,18.4,9.7,43.2,25.8
2024-08-16,2201,1137,638,338,194,1475,832,67.0,37.8,51.7,29.0,15.4,8.8
2024-08-19,2237,1064,704,307,147,1371,851,61.3,38.0,47.6,31.5,13.7,6.6
2024-08-20,2205,794,459,388,170,1182,629,53.6,28.5,36.0,20.8,17.6,7.7
2024-08-21,2206,895,541,314,129,1209,670,54.8,30.4,40.6,24.5,14.2,5.8
2024-08-22,2205,752,457,392,167,1144,624,51.9,28.3,34.1,20.7,17.8,7.6
2024-08-23,2205,578,331,593,234,1171,565,53.1,25.6,26.2,15.0,26.9,10.6
2024-08-26,2237,670,396,596,300,1266,696,56.6,31.1,30.0,17.7,26.6,13.4
2024-08-27,2205,642,371,454,200,1096,571,49.7,25.9,29.1,16.8,20.6,9.1
2024-08-28,2206,444,230,698,334,1142,564,51.8,25.6,20.1,10.4,31.6,15.1
2024-08-29,2206,287,158,987,509,1274,667,57.8,30.2,13.0,7.2,44.7,23.1
2024-08-30,2204,692,382,424,178,1116,560,50.6,25.4,31.4,17.3,19.2,8.1
2024-09-02,2245,468,255,855,440,1323,695,58.9,31.0,20.8,11.4,38.1,19.6
2024-09-03,2216,549,297,472,206,1021,503,46.1,22.7,24.8,13.4,21.3,9.3
2024-09-04,2218,553,308,575,233,1128,541,50.9,24.4,24.9,13.9,25.9,10.5
2024-09-05,2216,733,411,378,158,1111,569,50.1,25.7,33.1,18.5,17.1,7.1
2024-09-06,2216,298,166,1194,634,1492,800,67.3,36.1,13.4,7.5,53.9,28.6
2024-09-09,2250,436,262,961,492,1397,754,62.1,33.5,19.4,11.6,42.7,21.9
2024-09-10,2218,976,523,281,145,1257,668,56.7,30.1,44.0,23.6,12.7,6.5
2024-09-11,2221,384,224,973,501,1357,725,61.1,32.6,17.3,10.1,43.8,22.6
2024-09-12,2226,822,381,398,181,1220,562,54.8,25.2,36.9,17.1,17.9,8.1
2024-09-13,2226,808,456,336,140,1144,596,51.4,26.8,36.3,20.5,15.1,6.3
2024-09-16,2262,641,417,608,303,1249,720,55.2,31.8,28.3,18.4,26.9,13.4
2024-09-17,2231,413,227,776,377,1189,604,53.3,27.1,18.5,10.2,34.8,16.9
2024-09-18,2230,391,222,943,460,1334,682,59.8,30.6,17.5,10.0,42.3,20.6
2024-09-19,2231,282,127,1213,820,1495,947,67.0,42.4,12.6,5.7,54.4,36.8
2024-09-20,2233,968,515,372,195,1340,710,60.0,31.8,43.3,23.1,16.7,8.7
2024-09-23,2268,865,495,460,209,1325,704,58.4,31.0,38.1,21.8,20.3,9.2
2024-09-24,2235,543,307,657,309,1200,616,53.7,27.6,24.3,13.7,29.4,13.8
2024-09-25,2231,430,234,770,376,1200,610,53.8,27.3,19.3,10.5,34.5,16.9
2024-09-26,2228,419,198,806,386,1225,584,55.0,26.2,18.8,8.9,36.2,17.3
2024-09-27,2229,585,329,616,328,1201,657,53.9,29.5,26.2,14.8,27.6,14.7
2024-09-30,2267,501,282,843,379,1344,661,59.3,29.2,22.1,12.4,37.2,16.7
2024-10-01,2244,742,431,422,175,1164,606,51.9,27.0,33.1,19.2,18.8,7.8
2024-10-02,2244,742,431,422,175,1164,606,51.9,27.0,33.1,19.2,18.8,7.8
2024-10-03,2246,216,141,1570,1059,1786,1200,79.5,53.4,9.6,6.3,69.9,47.2
2024-10-04,2245,329,175,1048,557,1377,732,61.3,32.6,14.7,7.8,46.7,24.8
2024-10-07,2269,110,62,1874,1598,1984,1660,87.4,73.2,4.8,2.7,82.6,70.4
2024-10-08,2243,1476,1110,201,110,1677,1220,74.8,54.4,65.8,49.5,9.0,4.9
2024-10-09,2246,1021,570,310,140,1331,710,59.3,31.6,45.5,25.4,13.8,6.2
2024-10-10,2241,691,395,480,194,1171,589,52.3,26.3,30.8,17.6,21.4,8.7
2024-10-11,2242,591,304,485,176,1076,480,48.0,21.4,26.4,13.6,21.6,7.9
2024-10-14,2271,574,321,609,271,1183,592,52.1,26.1,25.3,14.1,26.8,11.9
2024-10-15,2245,579,332,559,235,1138,567,50.7,25.3,25.8,14.8,24.9,10.5
2024-10-16,2243,628,355,527,214,1155,569,51.5,25.4,28.0,15.8,23.5,9.5
2024-10-17,2241,264,149,1288,787,1552,936,69.3,41.8,11.8,6.6,57.5,35.1
2024-10-18,2240,551,270,615,269,1166,539,52.1,24.1,24.6,12.1,27.5,12.0
2024-10-21,2271,259,172,1426,957,1685,1129,74.2,49.7,11.4,7.6,62.8,42.1
2024-10-22,2243,74,45,1921,1648,1995,1693,88.9,75.5,3.3,2.0,85.6,73.5
2024-10-23,2243,811,489,518,279,1329,768,59.3,34.2,36.2,21.8,23.1,12.4
2024-10-24,2245,360,198,928,546,1288,744,57.4,33.1,16.0,8.8,41.3,24.3
2024-10-25,2242,136,73,1653,1306,1789,1379,79.8,61.5,6.1,3.3,73.7,58.3
2024-10-28,2272,1084,735,431,266,1515,1001,66.7,44.1,47.7,32.4,19.0,11.7
2024-10-29,2245,810,471,455,223,1265,694,56.3,30.9,36.1,21.0,20.3,9.9
2024-10-30,2244,1315,942,212,112,1527,1054,68.0,47.0,58.6,42.0,9.4,5.0
2024-10-31,2246,938,593,354,148,1292,741,57.5,33.0,41.8,26.4,15.8,6.6
2024-11-01,2247,1271,671,67,19,1338,690,59.5,30.7,56.6,29.9,3.0,0.8
2024-11-04,2279,301,194,1487,967,1788,1161,78.5,50.9,13.2,8.5,65.2,42.4
2024-11-05,2250,881,440,367,161,1248,601,55.5,26.7,39.2,19.6,16.3,7.2
2024-11-06,2253,1437,894,182,80,1619,974,71.9,43.2,63.8,39.7,8.1,3.6
2024-11-07,2253,460,267,858,388,1318,655,58.5,29.1,20.4,11.9,38.1,17.2
2024-11-08,2253,313,171,1251,741,1564,912,69.4,40.5,13.9,7.6,55.5,32.9
2024-11-11,2283,322,182,1139,722,1461,904,64.0,39.6,14.1,8.0,49.9,31.6
2024-11-12,2257,246,122,1384,833,1630,955,72.2,42.3,10.9,5.4,61.3,36.9
2024-11-13,2260,113,60,1841,1522,1954,1582,86.5,70.0,5.0,2.7,81.5,67.3
2024-11-14,2262,726,421,568,337,1294,758,57.2,33.5,32.1,18.6,25.1,14.9
2024-11-18,2289,476,308,990,604,1466,912,64.0,39.8,20.8,13.5,43.3,26.4
2024-11-19,2259,863,469,359,174,1222,643,54.1,28.5,38.2,20.8,15.9,7.7
2024-11-20,2259,863,469,359,174,1222,643,54.1,28.5,38.2,20.8,15.9,7.7
2024-11-21,2260,300,169,1268,801,1568,970,69.4,42.9,13.3,7.5,56.1,35.4
2024-11-22,2259,1028,551,333,166,1361,717,60.2,31.7,45.5,24.4,14.7,7.3
2024-11-25,2291,1191,722,310,148,1501,870,65.5,38.0,52.0,31.5,13.5,6.5
2024-11-26,2258,803,478,460,189,1263,667,55.9,29.5,35.6,21.2,20.4,8.4
2024-11-27,2261,980,575,274,138,1254,713,55.5,31.5,43.3,25.4,12.1,6.1
2024-11-28,2261,702,369,502,171,1204,540,53.3,23.9,31.0,16.3,22.2,7.6
2024-11-29,2262,746,396,396,155,1142,551,50.5,24.4,33.0,17.5,17.5,6.9
2024-12-02,2292,923,585,347,142,1270,727,55.4,31.7,40.3,25.5,15.1,6.2
2024-12-03,2266,1008,571,300,139,1308,710,57.7,31.3,44.5,25.2,13.2,6.1
2024-12-04,2267,769,437,391,151,1160,588,51.2,25.9,33.9,19.3,17.2,6.7
2024-12-05,2267,574,292,527,192,1101,484,48.6,21.3,25.3,12.9,23.2,8.5
2024-12-06,2269,779,460,367,151,1146,611,50.5,26.9,34.3,20.3,16.2,6.7
2024-12-09,2293,741,463,498,220,1239,683,54.0,29.8,32.3,20.2,21.7,9.6
2024-12-10,2265,646,367,615,302,1261,669,55.7,29.5,28.5,16.2,27.2,13.3
2024-12-11,2264,614,358,502,233,1116,591,49.3,26.1,27.1,15.8,22.2,10.3
2024-12-12,2262,336,167,1107,564,1443,731,63.8,32.3,14.9,7.4,48.9,24.9
2024-12-13,2260,479,234,737,286,1216,520,53.8,23.0,21.2,10.4,32.6,12.7
2024-12-16,2290,728,459,488,221,1216,680,53.1,29.7,31.8,20.0,21.3,9.7
2024-12-17,2260,389,233,1047,453,1436,686,63.5,30.4,17.2,10.3,46.3,20.0
2024-12-18,2263,304,167,1169,614,1473,781,65.1,34.5,13.4,7.4,51.7,27.1
2024-12-19,2264,443,234,840,342,1283,576,56.7,25.4,19.6,10.3,37.1,15.1
2024-12-20,2265,184,110,1672,1218,1856,1328,81.9,58.6,8.1,4.9,73.8,53.8
2024-12-23,2299,412,215,975,556,1387,771,60.3,33.5,17.9,9.4,42.4,24.2
2024-12-24,2266,581,314,494,225,1075,539,47.4,23.8,25.6,13.9,21.8,9.9
2024-12-25,2266,581,314,494,225,1075,539,47.4,23.8,25.6,13.9,21.8,9.9
2024-12-26,2267,385,191,836,406,1221,597,53.9,26.3,17.0,8.4,36.9,17.9
2024-12-27,2273,522,271,556,264,1078,535,47.4,23.5,23.0,11.9,24.5,11.6
2024-12-30,2313,384,231,1135,672,1519,903,65.7,39.0,16.6,10.0,49.1,29.1
2024-12-31,2276,821,429,396,192,1217,621,53.5,27.3,36.1,18.8,17.4,8.4
2025-01-01,2287,1002,606,262,96,1264,702,55.3,30.7,43.8,26.5,11.5,4.2
2025-01-02,2286,912,446,386,152,1298,598,56.8,26.2,39.9,19.5,16.9,6.6
2025-01-03,2284,585,311,572,240,1157,551,50.7,24.1,25.6,13.6,25.0,10.5
2025-01-06,2309,114,76,1953,1710,2067,1786,89.5,77.3,4.9,3.3,84.6,74.1
2025-01-07,2285,1163,711,258,133,1421,844,62.2,36.9,50.9,31.1,11.3,5.8
2025-01-08,2285,309,182,1086,527,1395,709,61.1,31.0,13.5,8.0,47.5,23.1
2025-01-09,2280,236,127,1225,735,1461,862,64.1,37.8,10.4,5.6,53.7,32.2
2025-01-10,2280,126,74,1732,1324,1858,1398,81.5,61.3,5.5,3.2,76.0,58.1
2025-01-13,2312,68,43,2028,1814,2096,1857,90.7,80.3,2.9,1.9,87.7,78.5
2025-01-14,2281,1432,1102,289,150,1721,1252,75.4,54.9,62.8,48.3,12.7,6.6
2025-01-15,2282,690,397,577,265,1267,662,55.5,29.0,30.2,17.4,25.3,11.6
2025-01-16,2281,1206,708,242,116,1448,824,63.5,36.1,52.9,31.0,10.6,5.1
2025-01-17,2284,606,312,583,244,1189,556,52.1,24.3,26.5,13.7,25.5,10.7
2025-01-20,2320,923,549,351,184,1274,733,54.9,31.6,39.8,23.7,15.1,7.9
2025-01-21,2288,219,114,1468,900,1687,1014,73.7,44.3,9.6,5.0,64.2,39.3
2025-01-22,2285,240,108,1348,875,1588,983,69.5,43.0,10.5,4.7,59.0,38.3
2025-01-23,2287,728,376,483,223,1211,599,53.0,26.2,31.8,16.4,21.1,9.8
2025-01-24,2289,166,95,1518,1010,1684,1105,73.6,48.3,7.3,4.2,66.3,44.1
2025-01-27,2321,82,51,1965,1718,2047,1769,88.2,76.2,3.5,2.2,84.7,74.0
2025-01-28,2289,389,224,1207,837,1596,1061,69.7,46.4,17.0,9.8,52.7,36.6
2025-01-29,2288,1595,1239,217,143,1812,1382,79.2,60.4,69.7,54.2,9.5,6.2
2025-01-30,2286,722,411,622,330,1344,741,58.8,32.4,31.6,18.0,27.2,14.4
2025-01-31,2287,1301,811,257,148,1558,959,68.1,41.9,56.9,35.5,11.2,6.5
2025-02-03,2320,311,197,1380,997,1691,1194,72.9,51.5,13.4,8.5,59.5,43.0
2025-02-04,2298,1126,634,349,192,1475,826,64.2,35.9,49.0,27.6,15.2,8.4
2025-02-05,2298,1055,627,318,141,1373,768,59.7,33.4,45.9,27.3,13.8,6.1
2025-02-06,2296,548,318,719,344,1267,662,55.2,28.8,23.9,13.9,31.3,15.0
2025-02-07,2302,349,189,992,512,1341,701,58.3,30.5,15.2,8.2,43.1,22.2
2025-02-10,2329,192,109,1609,1150,1801,1259,77.3,54.1,8.2,4.7,69.1,49.4
2025-02-11,2304,78,48,1977,1662,2055,1710,89.2,74.2,3.4,2.1,85.8,72.1
2025-02-12,2300,476,306,990,669,1466,975,63.7,42.4,20.7,13.3,43.0,29.1
2025-02-13,2303,571,341,760,460,1331,801,57.8,34.8,24.8,14.8,33.0,20.0
2025-02-14,2302,118,73,1807,1523,1925,1596,83.6,69.3,5.1,3.2,78.5,66.2
2025-02-17,2332,408,228,1189,897,1597,1125,68.5,48.2,17.5,9.8,51.0,38.5
2025-02-18,2303,241,135,1390,1091,1631,1226,70.8,53.2,10.5,5.9,60.4,47.4
2025-02-19,2306,1424,1080,274,158,1698,1238,73.6,53.7,61.8,46.8,11.9,6.9
2025-02-20,2305,1227,799,281,148,1508,947,65.4,41.1,53.2,34.7,12.2,6.4
2025-02-21,2306,470,284,929,491,1399,775,60.7,33.6,20.4,12.3,40.3,21.3
2025-02-24,2337,285,153,1350,819,1635,972,70.0,41.6,12.2,6.5,57.8,35.0
2025-02-25,2310,390,216,858,456,1248,672,54.0,29.1,16.9,9.4,37.1,19.7
2025-02-27,2310,198,110,1558,1140,1756,1250,76.0,54.1,8.6,4.8,67.4,49.4
2025-02-28,2309,152,88,1792,1459,1944,1547,84.2,67.0,6.6,3.8,77.6,63.2
2025-03-03,2336,377,229,1314,1015,1691,1244,72.4,53.3,16.1,9.8,56.2,43.5
2025-03-04,2320,946,583,523,312,1469,895,63.3,38.6,40.8,25.1,22.5,13.4
2025-03-05,2323,1784,1412,119,65,1903,1477,81.9,63.6,76.8,60.8,5.1,2.8
2025-03-06,2323,1378,917,188,89,1566,1006,67.4,43.3,59.3,39.5,8.1,3.8
2025-03-07,2323,925,602,388,166,1313,768,56.5,33.1,39.8,25.9,16.7,7.1
2025-03-10,2340,210,140,1566,1238,1776,1378,75.9,58.9,9.0,6.0,66.9,52.9
2025-03-11,2321,371,197,1124,720,1495,917,64.4,39.5,16.0,8.5,48.4,31.0
2025-03-12,2322,357,187,1052,621,1409,808,60.7,34.8,15.4,8.1,45.3,26.7
2025-03-13,2319,318,176,1007,548,1325,724,57.1,31.2,13.7,7.6,43.4,23.6
2025-03-17,2344,445,224,1092,741,1537,965,65.6,41.2,19.0,9.6,46.6,31.6
2025-03-18,2324,1603,1101,236,148,1839,1249,79.1,53.7,69.0,47.4,10.2,6.4
2025-03-19,2326,1523,1152,178,89,1701,1241,73.1,53.4,65.5,49.5,7.7,3.8
2025-03-20,2326,865,480,431,210,1296,690,55.7,29.7,37.2,20.6,18.5,9.0
2025-03-21,2327,1253,785,280,130,1533,915,65.9,39.3,53.8,33.7,12.0,5.6
2025-03-24,2349,1055,615,437,206,1492,821,63.5,35.0,44.9,26.2,18.6,8.8
2025-03-25,2328,233,134,1497,1119,1730,1253,74.3,53.8,10.0,5.8,64.3,48.1
2025-03-26,2330,186,97,1497,1112,1683,1209,72.2,51.9,8.0,4.2,64.2,47.7
2025-03-27,2332,702,437,834,570,1536,1007,65.9,43.2,30.1,18.7,35.8,24.4
2025-03-28,2335,436,226,1061,644,1497,870,64.1,37.3,18.7,9.7,45.4,27.6
2025-04-01,2357,1249,969,522,253,1771,1222,75.1,51.8,53.0,41.1,22.1,10.7
2025-04-02,2338,1104,646,259,111,1363,757,58.3,32.4,47.2,27.6,11.1,4.7
2025-04-03,2337,1168,736,295,159,1463,895,62.6,38.3,50.0,31.5,12.6,6.8
2025-04-04,2339,208,127,1771,1454,1979,1581,84.6,67.6,8.9,5.4,75.7,62.2
2025-04-07,2355,84,46,2076,1867,2160,1913,91.7,81.2,3.6,2.0,88.2,79.3
2025-04-08,2339,1650,1173,182,105,1832,1278,78.3,54.6,70.5,50.1,7.8,4.5
2025-04-09,2337,408,204,1094,624,1502,828,64.3,35.4,17.5,8.7,46.8,26.7
2025-04-11,2339,1672,1146,133,62,1805,1208,77.2,51.6,71.5,49.0,5.7,2.7
2025-04-15,2361,1878,1445,112,65,1990,1510,84.3,64.0,79.5,61.2,4.7,2.8
2025-04-16,2341,1050,571,275,120,1325,691,56.6,29.5,44.9,24.4,11.7,5.1
2025-04-17,2343,875,426,375,136,1250,562,53.4,24.0,37.3,18.2,16.0,5.8
2025-04-21,2359,1396,845,246,123,1642,968,69.6,41.0,59.2,35.8,10.4,5.2
2025-04-22,2338,870,513,373,162,1243,675,53.2,28.9,37.2,21.9,16.0,6.9
2025-04-23,2336,662,346,606,258,1268,604,54.3,25.9,28.3,14.8,25.9,11.0
2025-04-24,2335,555,311,576,284,1131,595,48.4,25.5,23.8,13.3,24.7,12.2
2025-04-25,2334,114,65,1850,1523,1964,1588,84.1,68.0,4.9,2.8,79.3,65.3
2025-04-28,2358,677,313,669,329,1346,642,57.1,27.2,28.7,13.3,28.4,14.0
2025-04-29,2335,491,219,633,279,1124,498,48.1,21.3,21.0,9.4,27.1,11.9
2025-04-30,2335,201,98,1472,988,1673,1086,71.6,46.5,8.6,4.2,63.0,42.3
2025-05-02,2339,423,207,749,367,1172,574,50.1,24.5,18.1,8.8,32.0,15.7
2025-05-05,2360,1090,587,336,170,1426,757,60.4,32.1,46.2,24.9,14.2,7.2
2025-05-06,2341,155,67,1699,1339,1854,1406,79.2,60.1,6.6,2.9,72.6,57.2
2025-05-07,2343,843,438,479,243,1322,681,56.4,29.1,36.0,18.7,20.4,10.4
2025-05-08,2341,342,173,1147,621,1489,794,63.6,33.9,14.6,7.4,49.0,26.5
2025-05-09,2339,341,179,1032,577,1373,756,58.7,32.3,14.6,7.7,44.1,24.7
