open,high,low,close,volume,timestamp,datetime
1419.5,1419.5,1419.5,1419.5,1.0,1776658680.0,2026-04-20 09:48:00+05:30
1419.5,1419.5,1419.5,1419.5,0.0,1776658800.0,2026-04-20 09:50:00+05:30
1419.5,1419.5,1419.5,1419.5,0.0,1776659100.0,2026-04-20 09:55:00+05:30
1419.5,1419.5,1419.5,1419.5,0.0,1776659400.0,2026-04-20 10:00:00+05:30
1419.5,1419.5,1419.5,1419.5,0.0,1776659700.0,2026-04-20 10:05:00+05:30
1419.5,1419.5,1410.5,1410.5,3.0,1776660000.0,2026-04-20 10:10:00+05:30
1410.5,1410.5,1410.5,1410.5,0.0,1776660300.0,2026-04-20 10:15:00+05:30
1410.5,1410.5,1410.5,1410.5,0.0,1776660600.0,2026-04-20 10:20:00+05:30
1410.5,1410.5,1410.5,1410.5,0.0,1776660900.0,2026-04-20 10:25:00+05:30
1410.5,1410.5,1410.5,1410.5,0.0,1776661200.0,2026-04-20 10:30:00+05:30
1410.5,1410.5,1410.5,1410.5,0.0,1776661500.0,2026-04-20 10:35:00+05:30
1410.5,1519.95,1410.5,1519.95,5.0,1776661800.0,2026-04-20 10:40:00+05:30
1519.95,1519.95,1519.95,1519.95,0.0,1776662100.0,2026-04-20 10:45:00+05:30
1519.95,1519.95,1519.95,1519.95,0.0,1776662400.0,2026-04-20 10:50:00+05:30
1519.95,1519.95,1519.95,1519.95,0.0,1776662700.0,2026-04-20 10:55:00+05:30
1519.95,1519.95,1519.95,1519.95,0.0,1776663000.0,2026-04-20 11:00:00+05:30
1519.95,1519.95,1519.95,1519.95,0.0,1776663300.0,2026-04-20 11:05:00+05:30
1519.95,1519.95,1519.95,1519.95,0.0,1776663600.0,2026-04-20 11:10:00+05:30
1519.95,1519.95,1519.95,1519.95,0.0,1776663900.0,2026-04-20 11:15:00+05:30
1519.95,1519.95,1519.95,1519.95,0.0,1776664200.0,2026-04-20 11:20:00+05:30
1519.95,1519.95,1519.95,1519.95,0.0,1776664500.0,2026-04-20 11:25:00+05:30
1519.95,1519.95,1519.95,1519.95,0.0,1776664800.0,2026-04-20 11:30:00+05:30
1519.95,1519.95,1519.95,1519.95,0.0,1776665100.0,2026-04-20 11:35:00+05:30
1519.95,1519.95,1519.95,1519.95,0.0,1776665400.0,2026-04-20 11:40:00+05:30
1519.95,1519.95,1519.95,1519.95,0.0,1776665700.0,2026-04-20 11:45:00+05:30
1519.95,1519.95,1519.95,1519.95,0.0,1776666000.0,2026-04-20 11:50:00+05:30
1519.95,1519.95,1519.95,1519.95,0.0,1776666300.0,2026-04-20 11:55:00+05:30
1519.95,1519.95,1519.95,1519.95,0.0,1776666600.0,2026-04-20 12:00:00+05:30
1519.95,1519.95,1519.95,1519.95,0.0,1776666900.0,2026-04-20 12:05:00+05:30
1519.95,1519.95,1519.95,1519.95,0.0,1776667200.0,2026-04-20 12:10:00+05:30
1519.95,1519.95,1443.0,1443.0,2.0,1776667500.0,2026-04-20 12:15:00+05:30
1443.0,1443.0,1443.0,1443.0,0.0,1776667800.0,2026-04-20 12:20:00+05:30
1443.0,1443.0,1443.0,1443.0,0.0,1776668100.0,2026-04-20 12:25:00+05:30
1443.0,1443.0,1443.0,1443.0,0.0,1776668400.0,2026-04-20 12:30:00+05:30
1443.0,1443.0,1443.0,1443.0,0.0,1776668700.0,2026-04-20 12:35:00+05:30
1443.0,1443.0,1443.0,1443.0,0.0,1776669000.0,2026-04-20 12:40:00+05:30
1443.0,1443.0,1443.0,1443.0,0.0,1776669300.0,2026-04-20 12:45:00+05:30
1443.0,1443.0,1443.0,1443.0,0.0,1776669600.0,2026-04-20 12:50:00+05:30
1443.0,1443.0,1443.0,1443.0,0.0,1776669900.0,2026-04-20 12:55:00+05:30
1443.0,1443.0,1443.0,1443.0,0.0,1776670200.0,2026-04-20 13:00:00+05:30
1443.0,1443.0,1443.0,1443.0,0.0,1776670500.0,2026-04-20 13:05:00+05:30
1443.0,1443.0,1443.0,1443.0,0.0,1776670800.0,2026-04-20 13:10:00+05:30
1443.0,1443.0,1443.0,1443.0,0.0,1776671100.0,2026-04-20 13:15:00+05:30
1443.0,1443.0,1443.0,1443.0,0.0,1776671400.0,2026-04-20 13:20:00+05:30
1443.0,1443.0,1443.0,1443.0,0.0,1776671700.0,2026-04-20 13:25:00+05:30
1443.0,1443.0,1443.0,1443.0,0.0,1776672000.0,2026-04-20 13:30:00+05:30
1443.0,1443.0,1443.0,1443.0,0.0,1776672300.0,2026-04-20 13:35:00+05:30
1443.0,1443.0,1443.0,1443.0,0.0,1776672600.0,2026-04-20 13:40:00+05:30
1443.0,1443.0,1443.0,1443.0,0.0,1776672900.0,2026-04-20 13:45:00+05:30
1443.0,1443.0,1411.0,1411.0,12.0,1776673200.0,2026-04-20 13:50:00+05:30
1411.0,1411.65,1411.0,1411.65,4.0,1776673500.0,2026-04-20 13:55:00+05:30
1411.65,1411.65,1411.65,1411.65,0.0,1776673800.0,2026-04-20 14:00:00+05:30
1411.65,1411.65,1411.65,1411.65,0.0,1776674100.0,2026-04-20 14:05:00+05:30
1411.65,1411.65,1411.65,1411.65,0.0,1776674400.0,2026-04-20 14:10:00+05:30
1411.65,1411.65,1411.65,1411.65,0.0,1776674700.0,2026-04-20 14:15:00+05:30
1411.65,1411.65,1411.65,1411.65,0.0,1776675000.0,2026-04-20 14:20:00+05:30
1411.65,1411.65,1411.65,1411.65,0.0,1776675300.0,2026-04-20 14:25:00+05:30
1411.65,1411.65,1411.65,1411.65,0.0,1776675600.0,2026-04-20 14:30:00+05:30
1411.65,1411.65,1411.65,1411.65,0.0,1776675900.0,2026-04-20 14:35:00+05:30
1411.65,1411.65,1411.65,1411.65,0.0,1776676200.0,2026-04-20 14:40:00+05:30
1411.65,1411.65,1411.65,1411.65,0.0,1776676500.0,2026-04-20 14:45:00+05:30
1411.65,1411.65,1411.65,1411.65,0.0,1776676800.0,2026-04-20 14:50:00+05:30
1411.65,1411.65,1411.65,1411.65,0.0,1776677100.0,2026-04-20 14:55:00+05:30
1411.65,1411.65,1411.65,1411.65,0.0,1776677400.0,2026-04-20 15:00:00+05:30
1411.65,1411.65,1411.65,1411.65,0.0,1776677700.0,2026-04-20 15:05:00+05:30
1411.65,1411.65,1411.65,1411.65,0.0,1776678000.0,2026-04-20 15:10:00+05:30
1411.65,1411.65,1411.65,1411.65,0.0,1776678300.0,2026-04-20 15:15:00+05:30
1411.65,1411.65,1411.65,1411.65,0.0,1776678600.0,2026-04-20 15:20:00+05:30
1411.65,1411.65,1411.65,1411.65,0.0,1776678900.0,2026-04-20 15:25:00+05:30
1400.0,1400.0,1400.0,1400.0,1.0,1776743280.0,2026-04-21 09:18:00+05:30
1400.0,1407.0,1400.0,1407.0,3.0,1776743400.0,2026-04-21 09:20:00+05:30
1407.0,1407.0,1407.0,1407.0,0.0,1776743700.0,2026-04-21 09:25:00+05:30
1407.0,1410.0,1407.0,1407.0,3.0,1776744000.0,2026-04-21 09:30:00+05:30
1407.0,1407.0,1407.0,1407.0,0.0,1776744300.0,2026-04-21 09:35:00+05:30
1407.0,1407.0,1407.0,1407.0,0.0,1776744600.0,2026-04-21 09:40:00+05:30
1407.0,1407.0,1407.0,1407.0,0.0,1776744900.0,2026-04-21 09:45:00+05:30
1407.0,1407.0,1407.0,1407.0,0.0,1776745200.0,2026-04-21 09:50:00+05:30
1407.0,1407.0,1407.0,1407.0,0.0,1776745500.0,2026-04-21 09:55:00+05:30
1406.95,1407.0,1406.95,1407.0,6.0,1776745800.0,2026-04-21 10:00:00+05:30
1407.0,1407.0,1390.0,1390.0,2.0,1776746100.0,2026-04-21 10:05:00+05:30
1390.0,1390.0,1390.0,1390.0,0.0,1776746400.0,2026-04-21 10:10:00+05:30
1390.0,1390.0,1390.0,1390.0,0.0,1776746700.0,2026-04-21 10:15:00+05:30
1390.0,1390.0,1390.0,1390.0,0.0,1776747000.0,2026-04-21 10:20:00+05:30
1390.0,1407.0,1390.0,1407.0,1.0,1776747300.0,2026-04-21 10:25:00+05:30
1407.0,1407.0,1407.0,1407.0,0.0,1776747600.0,2026-04-21 10:30:00+05:30
1407.0,1407.0,1407.0,1407.0,0.0,1776747900.0,2026-04-21 10:35:00+05:30
1407.0,1407.0,1407.0,1407.0,0.0,1776748200.0,2026-04-21 10:40:00+05:30
1407.0,1407.0,1407.0,1407.0,0.0,1776748500.0,2026-04-21 10:45:00+05:30
1407.0,1407.0,1407.0,1407.0,0.0,1776748800.0,2026-04-21 10:50:00+05:30
1407.0,1407.0,1407.0,1407.0,0.0,1776749100.0,2026-04-21 10:55:00+05:30
1407.0,1407.0,1407.0,1407.0,0.0,1776749400.0,2026-04-21 11:00:00+05:30
1407.0,1407.0,1407.0,1407.0,0.0,1776749700.0,2026-04-21 11:05:00+05:30
1407.0,1407.0,1407.0,1407.0,0.0,1776750000.0,2026-04-21 11:10:00+05:30
1407.0,1407.0,1407.0,1407.0,0.0,1776750300.0,2026-04-21 11:15:00+05:30
1407.0,1407.0,1407.0,1407.0,0.0,1776750600.0,2026-04-21 11:20:00+05:30
1407.0,1407.0,1407.0,1407.0,0.0,1776750900.0,2026-04-21 11:25:00+05:30
1407.0,1407.0,1407.0,1407.0,0.0,1776751200.0,2026-04-21 11:30:00+05:30
1407.0,1407.0,1407.0,1407.0,0.0,1776751500.0,2026-04-21 11:35:00+05:30
1407.0,1407.0,1407.0,1407.0,0.0,1776751800.0,2026-04-21 11:40:00+05:30
1407.0,1407.0,1407.0,1407.0,10.0,1776752100.0,2026-04-21 11:45:00+05:30
1407.0,1407.0,1407.0,1407.0,0.0,1776752400.0,2026-04-21 11:50:00+05:30
1407.0,1407.0,1407.0,1407.0,0.0,1776752700.0,2026-04-21 11:55:00+05:30
1407.0,1407.0,1407.0,1407.0,0.0,1776753000.0,2026-04-21 12:00:00+05:30
1407.0,1407.0,1407.0,1407.0,0.0,1776753300.0,2026-04-21 12:05:00+05:30
1407.0,1407.0,1407.0,1407.0,0.0,1776753600.0,2026-04-21 12:10:00+05:30
1407.0,1407.0,1407.0,1407.0,0.0,1776753900.0,2026-04-21 12:15:00+05:30
1407.0,1407.0,1407.0,1407.0,0.0,1776754200.0,2026-04-21 12:20:00+05:30
1407.0,1407.0,1407.0,1407.0,0.0,1776754500.0,2026-04-21 12:25:00+05:30
1407.0,1407.0,1407.0,1407.0,0.0,1776754800.0,2026-04-21 12:30:00+05:30
1407.0,1407.0,1407.0,1407.0,0.0,1776755100.0,2026-04-21 12:35:00+05:30
1407.0,1407.0,1390.0,1390.0,3.0,1776755400.0,2026-04-21 12:40:00+05:30
1390.0,1390.0,1390.0,1390.0,0.0,1776755700.0,2026-04-21 12:45:00+05:30
1390.0,1390.0,1390.0,1390.0,0.0,1776756000.0,2026-04-21 12:50:00+05:30
1390.0,1390.0,1390.0,1390.0,0.0,1776756300.0,2026-04-21 12:55:00+05:30
1390.0,1390.0,1390.0,1390.0,0.0,1776756600.0,2026-04-21 13:00:00+05:30
1390.0,1390.0,1390.0,1390.0,0.0,1776756900.0,2026-04-21 13:05:00+05:30
1390.0,1390.0,1390.0,1390.0,0.0,1776757200.0,2026-04-21 13:10:00+05:30
1390.0,1390.0,1390.0,1390.0,0.0,1776757500.0,2026-04-21 13:15:00+05:30
1390.0,1390.0,1390.0,1390.0,0.0,1776757800.0,2026-04-21 13:20:00+05:30
1390.0,1390.0,1390.0,1390.0,10.0,1776758100.0,2026-04-21 13:25:00+05:30
1390.0,1390.0,1390.0,1390.0,0.0,1776758400.0,2026-04-21 13:30:00+05:30
1390.0,1390.0,1390.0,1390.0,0.0,1776758700.0,2026-04-21 13:35:00+05:30
1390.0,1407.0,1390.0,1407.0,16.0,1776759000.0,2026-04-21 13:40:00+05:30
1407.0,1407.0,1407.0,1407.0,0.0,1776759300.0,2026-04-21 13:45:00+05:30
1407.0,1407.0,1407.0,1407.0,0.0,1776759600.0,2026-04-21 13:50:00+05:30
1407.0,1407.0,1407.0,1407.0,0.0,1776759900.0,2026-04-21 13:55:00+05:30
1407.0,1407.0,1407.0,1407.0,0.0,1776760200.0,2026-04-21 14:00:00+05:30
1407.0,1414.0,1407.0,1414.0,1.0,1776760500.0,2026-04-21 14:05:00+05:30
1414.0,1414.0,1414.0,1414.0,0.0,1776760800.0,2026-04-21 14:10:00+05:30
1414.0,1414.0,1414.0,1414.0,0.0,1776761100.0,2026-04-21 14:15:00+05:30
1414.0,1414.0,1414.0,1414.0,0.0,1776761400.0,2026-04-21 14:20:00+05:30
1414.0,1414.0,1414.0,1414.0,0.0,1776761700.0,2026-04-21 14:25:00+05:30
1414.0,1414.0,1414.0,1414.0,0.0,1776762000.0,2026-04-21 14:30:00+05:30
1414.0,1414.0,1414.0,1414.0,0.0,1776762300.0,2026-04-21 14:35:00+05:30
1414.0,1414.0,1414.0,1414.0,0.0,1776762600.0,2026-04-21 14:40:00+05:30
1414.0,1414.0,1414.0,1414.0,0.0,1776762900.0,2026-04-21 14:45:00+05:30
1414.0,1414.0,1414.0,1414.0,0.0,1776763200.0,2026-04-21 14:50:00+05:30
1414.0,1414.0,1414.0,1414.0,0.0,1776763500.0,2026-04-21 14:55:00+05:30
1414.0,1414.0,1414.0,1414.0,0.0,1776763800.0,2026-04-21 15:00:00+05:30
1414.0,1414.0,1414.0,1414.0,0.0,1776764100.0,2026-04-21 15:05:00+05:30
1414.0,1414.0,1414.0,1414.0,0.0,1776764400.0,2026-04-21 15:10:00+05:30
1414.0,1414.0,1414.0,1414.0,0.0,1776764700.0,2026-04-21 15:15:00+05:30
1414.0,1440.0,1414.0,1440.0,3.0,1776765000.0,2026-04-21 15:20:00+05:30
1447.2,1495.0,1447.2,1495.0,29.0,1776765300.0,2026-04-21 15:25:00+05:30
1484.95,1484.95,1484.95,1484.95,1.0,1776830760.0,2026-04-22 09:36:00+05:30
1484.95,1484.95,1484.95,1484.95,0.0,1776831000.0,2026-04-22 09:40:00+05:30
1484.95,1484.95,1484.95,1484.95,0.0,1776831300.0,2026-04-22 09:45:00+05:30
1484.95,1484.95,1484.95,1484.95,0.0,1776831600.0,2026-04-22 09:50:00+05:30
1484.95,1484.95,1484.95,1484.95,0.0,1776831900.0,2026-04-22 09:55:00+05:30
1484.95,1484.95,1484.95,1484.95,0.0,1776832200.0,2026-04-22 10:00:00+05:30
1484.95,1484.95,1484.95,1484.95,0.0,1776832500.0,2026-04-22 10:05:00+05:30
1484.95,1484.95,1484.95,1484.95,0.0,1776832800.0,2026-04-22 10:10:00+05:30
1484.95,1484.95,1484.95,1484.95,0.0,1776833100.0,2026-04-22 10:15:00+05:30
1484.95,1484.95,1484.95,1484.95,0.0,1776833400.0,2026-04-22 10:20:00+05:30
1484.95,1484.95,1484.95,1484.95,0.0,1776833700.0,2026-04-22 10:25:00+05:30
1484.95,1484.95,1425.0,1425.0,3.0,1776834000.0,2026-04-22 10:30:00+05:30
1425.0,1425.0,1425.0,1425.0,0.0,1776834300.0,2026-04-22 10:35:00+05:30
1425.0,1425.0,1425.0,1425.0,0.0,1776834600.0,2026-04-22 10:40:00+05:30
1425.0,1425.0,1425.0,1425.0,5.0,1776834900.0,2026-04-22 10:45:00+05:30
1425.0,1425.0,1425.0,1425.0,0.0,1776835200.0,2026-04-22 10:50:00+05:30
1425.0,1425.0,1425.0,1425.0,0.0,1776835500.0,2026-04-22 10:55:00+05:30
1425.0,1430.0,1425.0,1430.0,5.0,1776835800.0,2026-04-22 11:00:00+05:30
1430.0,1430.0,1430.0,1430.0,0.0,1776836100.0,2026-04-22 11:05:00+05:30
1430.0,1430.0,1430.0,1430.0,0.0,1776836400.0,2026-04-22 11:10:00+05:30
1430.0,1430.0,1430.0,1430.0,0.0,1776836700.0,2026-04-22 11:15:00+05:30
1430.0,1430.0,1430.0,1430.0,0.0,1776837000.0,2026-04-22 11:20:00+05:30
1430.0,1430.0,1430.0,1430.0,0.0,1776837300.0,2026-04-22 11:25:00+05:30
1430.0,1430.0,1430.0,1430.0,0.0,1776837600.0,2026-04-22 11:30:00+05:30
1430.0,1430.0,1430.0,1430.0,0.0,1776837900.0,2026-04-22 11:35:00+05:30
1430.0,1430.0,1430.0,1430.0,0.0,1776838200.0,2026-04-22 11:40:00+05:30
1430.0,1430.0,1430.0,1430.0,0.0,1776838500.0,2026-04-22 11:45:00+05:30
1430.0,1430.0,1430.0,1430.0,10.0,1776838800.0,2026-04-22 11:50:00+05:30
1430.0,1430.0,1430.0,1430.0,0.0,1776839100.0,2026-04-22 11:55:00+05:30
1430.0,1430.0,1430.0,1430.0,0.0,1776839400.0,2026-04-22 12:00:00+05:30
1430.0,1430.0,1430.0,1430.0,0.0,1776839700.0,2026-04-22 12:05:00+05:30
1430.0,1430.0,1430.0,1430.0,0.0,1776840000.0,2026-04-22 12:10:00+05:30
1430.0,1430.0,1430.0,1430.0,0.0,1776840300.0,2026-04-22 12:15:00+05:30
1430.0,1430.0,1430.0,1430.0,0.0,1776840600.0,2026-04-22 12:20:00+05:30
1430.0,1430.0,1430.0,1430.0,0.0,1776840900.0,2026-04-22 12:25:00+05:30
1430.0,1430.0,1430.0,1430.0,0.0,1776841200.0,2026-04-22 12:30:00+05:30
1430.0,1430.0,1430.0,1430.0,0.0,1776841500.0,2026-04-22 12:35:00+05:30
1430.0,1430.0,1430.0,1430.0,0.0,1776841800.0,2026-04-22 12:40:00+05:30
1430.0,1430.0,1430.0,1430.0,0.0,1776842100.0,2026-04-22 12:45:00+05:30
1430.0,1430.0,1430.0,1430.0,0.0,1776842400.0,2026-04-22 12:50:00+05:30
1430.0,1430.0,1430.0,1430.0,0.0,1776842700.0,2026-04-22 12:55:00+05:30
1430.0,1430.0,1430.0,1430.0,0.0,1776843000.0,2026-04-22 13:00:00+05:30
1430.0,1430.0,1430.0,1430.0,0.0,1776843300.0,2026-04-22 13:05:00+05:30
1430.0,1430.0,1430.0,1430.0,0.0,1776843600.0,2026-04-22 13:10:00+05:30
1430.0,1430.0,1430.0,1430.0,0.0,1776843900.0,2026-04-22 13:15:00+05:30
1430.0,1430.0,1430.0,1430.0,0.0,1776844200.0,2026-04-22 13:20:00+05:30
1430.0,1430.0,1430.0,1430.0,0.0,1776844500.0,2026-04-22 13:25:00+05:30
1430.0,1430.0,1430.0,1430.0,0.0,1776844800.0,2026-04-22 13:30:00+05:30
1430.0,1430.0,1430.0,1430.0,0.0,1776845100.0,2026-04-22 13:35:00+05:30
1430.0,1430.0,1430.0,1430.0,0.0,1776845400.0,2026-04-22 13:40:00+05:30
1430.0,1435.0,1430.0,1435.0,1.0,1776845700.0,2026-04-22 13:45:00+05:30
1435.0,1435.0,1435.0,1435.0,0.0,1776846000.0,2026-04-22 13:50:00+05:30
1435.0,1435.0,1435.0,1435.0,0.0,1776846300.0,2026-04-22 13:55:00+05:30
1435.0,1435.0,1435.0,1435.0,0.0,1776846600.0,2026-04-22 14:00:00+05:30
1435.0,1435.0,1435.0,1435.0,0.0,1776846900.0,2026-04-22 14:05:00+05:30
1435.0,1435.0,1435.0,1435.0,0.0,1776847200.0,2026-04-22 14:10:00+05:30
1435.0,1435.0,1430.0,1430.0,1.0,1776847500.0,2026-04-22 14:15:00+05:30
1430.0,1430.0,1430.0,1430.0,0.0,1776847800.0,2026-04-22 14:20:00+05:30
1430.0,1430.0,1430.0,1430.0,0.0,1776848100.0,2026-04-22 14:25:00+05:30
1430.0,1430.0,1430.0,1430.0,0.0,1776848400.0,2026-04-22 14:30:00+05:30
1430.0,1430.0,1430.0,1430.0,0.0,1776848700.0,2026-04-22 14:35:00+05:30
1430.0,1430.0,1430.0,1430.0,0.0,1776849000.0,2026-04-22 14:40:00+05:30
1430.0,1430.0,1430.0,1430.0,0.0,1776849300.0,2026-04-22 14:45:00+05:30
1430.0,1430.0,1430.0,1430.0,0.0,1776849600.0,2026-04-22 14:50:00+05:30
1430.0,1430.0,1430.0,1430.0,0.0,1776849900.0,2026-04-22 14:55:00+05:30
1430.0,1430.0,1430.0,1430.0,0.0,1776850200.0,2026-04-22 15:00:00+05:30
1430.0,1430.0,1430.0,1430.0,0.0,1776850500.0,2026-04-22 15:05:00+05:30
1430.0,1430.0,1430.0,1430.0,0.0,1776850800.0,2026-04-22 15:10:00+05:30
1430.0,1430.0,1430.0,1430.0,0.0,1776851100.0,2026-04-22 15:15:00+05:30
1430.0,1430.0,1430.0,1430.0,0.0,1776851400.0,2026-04-22 15:20:00+05:30
1437.15,1437.15,1437.15,1437.15,4.0,1776851700.0,2026-04-22 15:25:00+05:30
1440.05,1440.05,1440.05,1440.05,1.0,1776917280.0,2026-04-23 09:38:00+05:30
1440.05,1440.05,1440.05,1440.05,0.0,1776917400.0,2026-04-23 09:40:00+05:30
1440.05,1440.05,1440.05,1440.05,0.0,1776917700.0,2026-04-23 09:45:00+05:30
1440.05,1440.05,1440.05,1440.05,0.0,1776918000.0,2026-04-23 09:50:00+05:30
1440.05,1440.05,1440.05,1440.05,0.0,1776918300.0,2026-04-23 09:55:00+05:30
1440.05,1444.35,1440.05,1444.35,1.0,1776918600.0,2026-04-23 10:00:00+05:30
1444.35,1444.35,1440.05,1440.05,1.0,1776918900.0,2026-04-23 10:05:00+05:30
1440.05,1440.05,1440.05,1440.05,0.0,1776919200.0,2026-04-23 10:10:00+05:30
1440.05,1440.05,1440.05,1440.05,0.0,1776919500.0,2026-04-23 10:15:00+05:30
1440.05,1440.05,1440.05,1440.05,0.0,1776919800.0,2026-04-23 10:20:00+05:30
1440.05,1440.05,1440.05,1440.05,0.0,1776920100.0,2026-04-23 10:25:00+05:30
1440.05,1440.05,1440.05,1440.05,0.0,1776920400.0,2026-04-23 10:30:00+05:30
1440.05,1440.05,1440.05,1440.05,0.0,1776920700.0,2026-04-23 10:35:00+05:30
1440.05,1440.05,1440.05,1440.05,0.0,1776921000.0,2026-04-23 10:40:00+05:30
1440.05,1440.05,1440.05,1440.05,0.0,1776921300.0,2026-04-23 10:45:00+05:30
1440.05,1440.05,1440.05,1440.05,0.0,1776921600.0,2026-04-23 10:50:00+05:30
1440.05,1440.05,1440.05,1440.05,0.0,1776921900.0,2026-04-23 10:55:00+05:30
1440.05,1440.05,1440.05,1440.05,0.0,1776922200.0,2026-04-23 11:00:00+05:30
1440.05,1441.45,1420.1,1441.45,42.0,1776922500.0,2026-04-23 11:05:00+05:30
1441.45,1441.45,1441.45,1441.45,0.0,1776922800.0,2026-04-23 11:10:00+05:30
1441.45,1441.45,1441.45,1441.45,0.0,1776923100.0,2026-04-23 11:15:00+05:30
1441.45,1441.45,1441.45,1441.45,0.0,1776923400.0,2026-04-23 11:20:00+05:30
1441.45,1441.45,1441.45,1441.45,0.0,1776923700.0,2026-04-23 11:25:00+05:30
1441.45,1441.45,1441.45,1441.45,0.0,1776924000.0,2026-04-23 11:30:00+05:30
1441.45,1441.45,1441.45,1441.45,0.0,1776924300.0,2026-04-23 11:35:00+05:30
1441.45,1441.45,1441.45,1441.45,0.0,1776924600.0,2026-04-23 11:40:00+05:30
1441.45,1441.45,1441.45,1441.45,0.0,1776924900.0,2026-04-23 11:45:00+05:30
1441.45,1441.45,1441.45,1441.45,0.0,1776925200.0,2026-04-23 11:50:00+05:30
1441.45,1441.45,1441.45,1441.45,1.0,1776925500.0,2026-04-23 11:55:00+05:30
1441.45,1441.45,1441.45,1441.45,0.0,1776925800.0,2026-04-23 12:00:00+05:30
1441.45,1441.45,1441.45,1441.45,0.0,1776926100.0,2026-04-23 12:05:00+05:30
1441.45,1441.45,1441.45,1441.45,0.0,1776926400.0,2026-04-23 12:10:00+05:30
1441.45,1441.45,1441.45,1441.45,0.0,1776926700.0,2026-04-23 12:15:00+05:30
1441.45,1441.45,1441.45,1441.45,0.0,1776927000.0,2026-04-23 12:20:00+05:30
1441.45,1441.45,1441.45,1441.45,0.0,1776927300.0,2026-04-23 12:25:00+05:30
1441.45,1441.45,1441.45,1441.45,0.0,1776927600.0,2026-04-23 12:30:00+05:30
1441.45,1441.45,1441.45,1441.45,0.0,1776927900.0,2026-04-23 12:35:00+05:30
1441.45,1441.45,1441.45,1441.45,0.0,1776928200.0,2026-04-23 12:40:00+05:30
1441.45,1441.45,1441.45,1441.45,0.0,1776928500.0,2026-04-23 12:45:00+05:30
1441.45,1441.45,1438.0,1438.0,1.0,1776928800.0,2026-04-23 12:50:00+05:30
1438.0,1438.0,1438.0,1438.0,0.0,1776929100.0,2026-04-23 12:55:00+05:30
1438.0,1438.0,1438.0,1438.0,0.0,1776929400.0,2026-04-23 13:00:00+05:30
1438.0,1438.0,1438.0,1438.0,0.0,1776929700.0,2026-04-23 13:05:00+05:30
1438.0,1438.0,1438.0,1438.0,0.0,1776930000.0,2026-04-23 13:10:00+05:30
1438.0,1438.0,1438.0,1438.0,0.0,1776930300.0,2026-04-23 13:15:00+05:30
1438.0,1438.0,1438.0,1438.0,0.0,1776930600.0,2026-04-23 13:20:00+05:30
1438.0,1438.0,1438.0,1438.0,0.0,1776930900.0,2026-04-23 13:25:00+05:30
1438.0,1438.0,1438.0,1438.0,0.0,1776931200.0,2026-04-23 13:30:00+05:30
1438.0,1438.0,1438.0,1438.0,0.0,1776931500.0,2026-04-23 13:35:00+05:30
1438.0,1438.0,1438.0,1438.0,0.0,1776931800.0,2026-04-23 13:40:00+05:30
1438.0,1438.0,1438.0,1438.0,0.0,1776932100.0,2026-04-23 13:45:00+05:30
1438.0,1438.0,1438.0,1438.0,0.0,1776932400.0,2026-04-23 13:50:00+05:30
1438.0,1438.0,1438.0,1438.0,0.0,1776932700.0,2026-04-23 13:55:00+05:30
1438.0,1438.0,1438.0,1438.0,0.0,1776933000.0,2026-04-23 14:00:00+05:30
1438.0,1438.0,1438.0,1438.0,0.0,1776933300.0,2026-04-23 14:05:00+05:30
1438.0,1438.0,1438.0,1438.0,0.0,1776933600.0,2026-04-23 14:10:00+05:30
1438.0,1438.0,1438.0,1438.0,0.0,1776933900.0,2026-04-23 14:15:00+05:30
1438.0,1438.0,1438.0,1438.0,0.0,1776934200.0,2026-04-23 14:20:00+05:30
1438.0,1438.0,1438.0,1438.0,0.0,1776934500.0,2026-04-23 14:25:00+05:30
1438.0,1438.0,1438.0,1438.0,0.0,1776934800.0,2026-04-23 14:30:00+05:30
1438.0,1438.0,1438.0,1438.0,1.0,1776935100.0,2026-04-23 14:35:00+05:30
1438.0,1438.0,1438.0,1438.0,0.0,1776935400.0,2026-04-23 14:40:00+05:30
1438.0,1438.0,1438.0,1438.0,0.0,1776935700.0,2026-04-23 14:45:00+05:30
1438.0,1438.0,1438.0,1438.0,0.0,1776936000.0,2026-04-23 14:50:00+05:30
1438.0,1438.0,1438.0,1438.0,0.0,1776936300.0,2026-04-23 14:55:00+05:30
1438.0,1438.0,1438.0,1438.0,0.0,1776936600.0,2026-04-23 15:00:00+05:30
1438.0,1438.0,1438.0,1438.0,0.0,1776936900.0,2026-04-23 15:05:00+05:30
1438.0,1438.0,1438.0,1438.0,0.0,1776937200.0,2026-04-23 15:10:00+05:30
1438.0,1438.0,1420.0,1420.0,1.0,1776937500.0,2026-04-23 15:15:00+05:30
1440.9,1440.9,1440.9,1440.9,2.0,1776937800.0,2026-04-23 15:20:00+05:30
1440.9,1440.9,1440.9,1440.9,0.0,1776938100.0,2026-04-23 15:25:00+05:30
1420.0,1420.0,1420.0,1420.0,1.0,1777002480.0,2026-04-24 09:18:00+05:30
1420.0,1420.0,1404.4,1404.4,8.0,1777002600.0,2026-04-24 09:20:00+05:30
1404.4,1404.4,1404.4,1404.4,0.0,1777002900.0,2026-04-24 09:25:00+05:30
1404.4,1404.4,1404.4,1404.4,0.0,1777003200.0,2026-04-24 09:30:00+05:30
1404.4,1404.4,1404.4,1404.4,0.0,1777003500.0,2026-04-24 09:35:00+05:30
1404.4,1404.4,1404.4,1404.4,0.0,1777003800.0,2026-04-24 09:40:00+05:30
1404.4,1404.4,1404.4,1404.4,0.0,1777004100.0,2026-04-24 09:45:00+05:30
1404.4,1404.4,1404.4,1404.4,0.0,1777004400.0,2026-04-24 09:50:00+05:30
1404.4,1404.4,1404.4,1404.4,0.0,1777004700.0,2026-04-24 09:55:00+05:30
1404.4,1404.4,1404.4,1404.4,0.0,1777005000.0,2026-04-24 10:00:00+05:30
1404.4,1404.4,1404.4,1404.4,0.0,1777005300.0,2026-04-24 10:05:00+05:30
1404.4,1404.4,1404.4,1404.4,0.0,1777005600.0,2026-04-24 10:10:00+05:30
1404.4,1404.4,1404.4,1404.4,0.0,1777005900.0,2026-04-24 10:15:00+05:30
1404.4,1404.4,1404.4,1404.4,0.0,1777006200.0,2026-04-24 10:20:00+05:30
1404.4,1404.4,1404.4,1404.4,0.0,1777006500.0,2026-04-24 10:25:00+05:30
1404.4,1404.4,1404.4,1404.4,0.0,1777006800.0,2026-04-24 10:30:00+05:30
1404.4,1404.4,1404.4,1404.4,0.0,1777007100.0,2026-04-24 10:35:00+05:30
1404.4,1404.4,1404.4,1404.4,0.0,1777007400.0,2026-04-24 10:40:00+05:30
1404.4,1404.4,1404.4,1404.4,0.0,1777007700.0,2026-04-24 10:45:00+05:30
1404.4,1404.4,1404.4,1404.4,0.0,1777008000.0,2026-04-24 10:50:00+05:30
1404.4,1404.4,1404.4,1404.4,0.0,1777008300.0,2026-04-24 10:55:00+05:30
1404.4,1404.4,1404.4,1404.4,0.0,1777008600.0,2026-04-24 11:00:00+05:30
1404.4,1404.4,1404.4,1404.4,0.0,1777008900.0,2026-04-24 11:05:00+05:30
1404.4,1404.4,1404.4,1404.4,0.0,1777009200.0,2026-04-24 11:10:00+05:30
1404.4,1404.4,1404.4,1404.4,0.0,1777009500.0,2026-04-24 11:15:00+05:30
1404.4,1404.4,1404.4,1404.4,0.0,1777009800.0,2026-04-24 11:20:00+05:30
1404.4,1404.4,1404.4,1404.4,0.0,1777010100.0,2026-04-24 11:25:00+05:30
1404.4,1404.4,1404.4,1404.4,0.0,1777010400.0,2026-04-24 11:30:00+05:30
1404.4,1404.4,1404.4,1404.4,0.0,1777010700.0,2026-04-24 11:35:00+05:30
1404.4,1404.4,1404.4,1404.4,0.0,1777011000.0,2026-04-24 11:40:00+05:30
1404.4,1404.4,1404.4,1404.4,0.0,1777011300.0,2026-04-24 11:45:00+05:30
1404.4,1404.4,1404.4,1404.4,0.0,1777011600.0,2026-04-24 11:50:00+05:30
1404.4,1404.4,1404.4,1404.4,0.0,1777011900.0,2026-04-24 11:55:00+05:30
1404.4,1404.4,1404.4,1404.4,0.0,1777012200.0,2026-04-24 12:00:00+05:30
1404.4,1404.4,1404.4,1404.4,0.0,1777012500.0,2026-04-24 12:05:00+05:30
1404.4,1404.4,1404.4,1404.4,0.0,1777012800.0,2026-04-24 12:10:00+05:30
1404.4,1404.4,1404.4,1404.4,0.0,1777013100.0,2026-04-24 12:15:00+05:30
1404.4,1404.4,1404.4,1404.4,0.0,1777013400.0,2026-04-24 12:20:00+05:30
1404.4,1404.4,1404.4,1404.4,0.0,1777013700.0,2026-04-24 12:25:00+05:30
1404.4,1404.4,1404.4,1404.4,0.0,1777014000.0,2026-04-24 12:30:00+05:30
1404.4,1404.4,1404.4,1404.4,0.0,1777014300.0,2026-04-24 12:35:00+05:30
1404.4,1404.4,1404.4,1404.4,0.0,1777014600.0,2026-04-24 12:40:00+05:30
1404.4,1404.4,1404.4,1404.4,0.0,1777014900.0,2026-04-24 12:45:00+05:30
1404.4,1404.4,1404.4,1404.4,0.0,1777015200.0,2026-04-24 12:50:00+05:30
1404.4,1404.4,1404.4,1404.4,0.0,1777015500.0,2026-04-24 12:55:00+05:30
1404.4,1404.4,1404.4,1404.4,0.0,1777015800.0,2026-04-24 13:00:00+05:30
1404.4,1404.4,1404.4,1404.4,0.0,1777016100.0,2026-04-24 13:05:00+05:30
1404.4,1404.4,1404.4,1404.4,0.0,1777016400.0,2026-04-24 13:10:00+05:30
1404.4,1404.4,1404.4,1404.4,0.0,1777016700.0,2026-04-24 13:15:00+05:30
1404.4,1404.4,1404.4,1404.4,0.0,1777017000.0,2026-04-24 13:20:00+05:30
1404.4,1404.4,1404.4,1404.4,0.0,1777017300.0,2026-04-24 13:25:00+05:30
1404.4,1404.4,1404.4,1404.4,0.0,1777017600.0,2026-04-24 13:30:00+05:30
1404.4,1404.4,1404.4,1404.4,0.0,1777017900.0,2026-04-24 13:35:00+05:30
1404.4,1404.4,1404.4,1404.4,0.0,1777018200.0,2026-04-24 13:40:00+05:30
1404.4,1404.4,1404.4,1404.4,0.0,1777018500.0,2026-04-24 13:45:00+05:30
1404.4,1404.4,1404.4,1404.4,0.0,1777018800.0,2026-04-24 13:50:00+05:30
1404.4,1404.4,1404.4,1404.4,0.0,1777019100.0,2026-04-24 13:55:00+05:30
1404.4,1404.4,1404.4,1404.4,0.0,1777019400.0,2026-04-24 14:00:00+05:30
1404.4,1404.4,1404.4,1404.4,0.0,1777019700.0,2026-04-24 14:05:00+05:30
1404.4,1404.4,1404.4,1404.4,0.0,1777020000.0,2026-04-24 14:10:00+05:30
1404.4,1404.4,1404.4,1404.4,0.0,1777020300.0,2026-04-24 14:15:00+05:30
1404.4,1404.4,1404.4,1404.4,6.0,1777020600.0,2026-04-24 14:20:00+05:30
1404.4,1404.4,1404.4,1404.4,0.0,1777020900.0,2026-04-24 14:25:00+05:30
1404.4,1420.0,1404.4,1420.0,1.0,1777021200.0,2026-04-24 14:30:00+05:30
1420.0,1420.0,1420.0,1420.0,0.0,1777021500.0,2026-04-24 14:35:00+05:30
1420.0,1420.0,1420.0,1420.0,0.0,1777021800.0,2026-04-24 14:40:00+05:30
1420.0,1420.0,1420.0,1420.0,0.0,1777022100.0,2026-04-24 14:45:00+05:30
1420.0,1420.0,1420.0,1420.0,0.0,1777022400.0,2026-04-24 14:50:00+05:30
1420.0,1420.0,1420.0,1420.0,0.0,1777022700.0,2026-04-24 14:55:00+05:30
1420.0,1420.0,1420.0,1420.0,0.0,1777023000.0,2026-04-24 15:00:00+05:30
1420.0,1420.0,1420.0,1420.0,0.0,1777023300.0,2026-04-24 15:05:00+05:30
1420.0,1420.0,1420.0,1420.0,0.0,1777023600.0,2026-04-24 15:10:00+05:30
1420.0,1420.0,1420.0,1420.0,0.0,1777023900.0,2026-04-24 15:15:00+05:30
1420.0,1420.0,1420.0,1420.0,0.0,1777024200.0,2026-04-24 15:20:00+05:30
1420.0,1420.0,1404.4,1404.4,7.0,1777024500.0,2026-04-24 15:25:00+05:30
1439.0,1439.0,1439.0,1439.0,2.0,1777263300.0,2026-04-27 09:45:00+05:30
1439.0,1439.0,1439.0,1439.0,0.0,1777263600.0,2026-04-27 09:50:00+05:30
1439.0,1439.0,1439.0,1439.0,0.0,1777263900.0,2026-04-27 09:55:00+05:30
1439.0,1439.0,1439.0,1439.0,0.0,1777264200.0,2026-04-27 10:00:00+05:30
1439.0,1439.0,1397.7,1397.7,1.0,1777264500.0,2026-04-27 10:05:00+05:30
1439.0,1439.0,1439.0,1439.0,3.0,1777264800.0,2026-04-27 10:10:00+05:30
1439.0,1439.0,1439.0,1439.0,0.0,1777265100.0,2026-04-27 10:15:00+05:30
1439.0,1439.0,1439.0,1439.0,0.0,1777265400.0,2026-04-27 10:20:00+05:30
1439.0,1439.0,1439.0,1439.0,0.0,1777265700.0,2026-04-27 10:25:00+05:30
1439.0,1439.0,1439.0,1439.0,0.0,1777266000.0,2026-04-27 10:30:00+05:30
1439.0,1439.0,1439.0,1439.0,0.0,1777266300.0,2026-04-27 10:35:00+05:30
1439.0,1439.0,1439.0,1439.0,0.0,1777266600.0,2026-04-27 10:40:00+05:30
1439.0,1439.0,1439.0,1439.0,0.0,1777266900.0,2026-04-27 10:45:00+05:30
1439.0,1439.0,1439.0,1439.0,0.0,1777267200.0,2026-04-27 10:50:00+05:30
1439.0,1439.0,1439.0,1439.0,0.0,1777267500.0,2026-04-27 10:55:00+05:30
1439.0,1439.0,1439.0,1439.0,0.0,1777267800.0,2026-04-27 11:00:00+05:30
1439.0,1439.0,1439.0,1439.0,0.0,1777268100.0,2026-04-27 11:05:00+05:30
1439.0,1439.0,1439.0,1439.0,0.0,1777268400.0,2026-04-27 11:10:00+05:30
1439.0,1439.0,1439.0,1439.0,0.0,1777268700.0,2026-04-27 11:15:00+05:30
1439.0,1439.0,1439.0,1439.0,0.0,1777269000.0,2026-04-27 11:20:00+05:30
1439.0,1439.0,1439.0,1439.0,0.0,1777269300.0,2026-04-27 11:25:00+05:30
1408.8,1408.8,1408.8,1408.8,3.0,1777269600.0,2026-04-27 11:30:00+05:30
1408.8,1408.8,1408.8,1408.8,0.0,1777269900.0,2026-04-27 11:35:00+05:30
1408.8,1408.8,1408.8,1408.8,0.0,1777270200.0,2026-04-27 11:40:00+05:30
1408.8,1408.8,1408.8,1408.8,1.0,1777270500.0,2026-04-27 11:45:00+05:30
1408.8,1408.8,1408.8,1408.8,0.0,1777270800.0,2026-04-27 11:50:00+05:30
1408.8,1436.95,1408.8,1436.95,1.0,1777271100.0,2026-04-27 11:55:00+05:30
1436.95,1436.95,1436.95,1436.95,0.0,1777271400.0,2026-04-27 12:00:00+05:30
1436.95,1436.95,1436.95,1436.95,0.0,1777271700.0,2026-04-27 12:05:00+05:30
1436.95,1436.95,1436.95,1436.95,0.0,1777272000.0,2026-04-27 12:10:00+05:30
1436.95,1436.95,1436.95,1436.95,0.0,1777272300.0,2026-04-27 12:15:00+05:30
1436.95,1436.95,1436.95,1436.95,0.0,1777272600.0,2026-04-27 12:20:00+05:30
1436.95,1436.95,1436.95,1436.95,0.0,1777272900.0,2026-04-27 12:25:00+05:30
1436.95,1436.95,1436.95,1436.95,0.0,1777273200.0,2026-04-27 12:30:00+05:30
1436.95,1436.95,1436.95,1436.95,0.0,1777273500.0,2026-04-27 12:35:00+05:30
1436.95,1436.95,1436.95,1436.95,0.0,1777273800.0,2026-04-27 12:40:00+05:30
1436.95,1436.95,1436.95,1436.95,0.0,1777274100.0,2026-04-27 12:45:00+05:30
1436.95,1436.95,1436.95,1436.95,0.0,1777274400.0,2026-04-27 12:50:00+05:30
1436.95,1436.95,1408.8,1408.8,1.0,1777274700.0,2026-04-27 12:55:00+05:30
1408.8,1408.8,1408.8,1408.8,0.0,1777275000.0,2026-04-27 13:00:00+05:30
1408.8,1408.8,1408.8,1408.8,0.0,1777275300.0,2026-04-27 13:05:00+05:30
1408.8,1408.8,1408.8,1408.8,0.0,1777275600.0,2026-04-27 13:10:00+05:30
1408.8,1408.8,1408.8,1408.8,0.0,1777275900.0,2026-04-27 13:15:00+05:30
1408.8,1408.8,1408.8,1408.8,0.0,1777276200.0,2026-04-27 13:20:00+05:30
1408.8,1408.8,1408.8,1408.8,0.0,1777276500.0,2026-04-27 13:25:00+05:30
1408.8,1408.8,1408.8,1408.8,0.0,1777276800.0,2026-04-27 13:30:00+05:30
1408.8,1408.8,1408.8,1408.8,0.0,1777277100.0,2026-04-27 13:35:00+05:30
1408.8,1408.8,1408.8,1408.8,0.0,1777277400.0,2026-04-27 13:40:00+05:30
1408.8,1408.8,1408.8,1408.8,0.0,1777277700.0,2026-04-27 13:45:00+05:30
1408.8,1408.8,1408.8,1408.8,0.0,1777278000.0,2026-04-27 13:50:00+05:30
1408.8,1408.8,1408.8,1408.8,0.0,1777278300.0,2026-04-27 13:55:00+05:30
1408.8,1408.8,1408.8,1408.8,0.0,1777278600.0,2026-04-27 14:00:00+05:30
1408.8,1408.8,1408.8,1408.8,0.0,1777278900.0,2026-04-27 14:05:00+05:30
1408.8,1408.8,1408.8,1408.8,0.0,1777279200.0,2026-04-27 14:10:00+05:30
1408.8,1408.8,1408.8,1408.8,0.0,1777279500.0,2026-04-27 14:15:00+05:30
1408.8,1408.8,1408.8,1408.8,1.0,1777279800.0,2026-04-27 14:20:00+05:30
1408.8,1408.8,1408.8,1408.8,0.0,1777280100.0,2026-04-27 14:25:00+05:30
1408.8,1408.8,1408.8,1408.8,0.0,1777280400.0,2026-04-27 14:30:00+05:30
1408.8,1408.8,1408.8,1408.8,0.0,1777280700.0,2026-04-27 14:35:00+05:30
1408.8,1408.8,1408.8,1408.8,0.0,1777281000.0,2026-04-27 14:40:00+05:30
1408.8,1408.8,1408.8,1408.8,0.0,1777281300.0,2026-04-27 14:45:00+05:30
1408.8,1408.8,1408.8,1408.8,0.0,1777281600.0,2026-04-27 14:50:00+05:30
1408.8,1408.8,1408.8,1408.8,0.0,1777281900.0,2026-04-27 14:55:00+05:30
1408.8,1408.8,1408.8,1408.8,0.0,1777282200.0,2026-04-27 15:00:00+05:30
1408.8,1408.8,1408.8,1408.8,0.0,1777282500.0,2026-04-27 15:05:00+05:30
1408.8,1408.8,1408.8,1408.8,0.0,1777282800.0,2026-04-27 15:10:00+05:30
1408.8,1408.8,1408.8,1408.8,0.0,1777283100.0,2026-04-27 15:15:00+05:30
1408.8,1409.0,1408.8,1409.0,10.0,1777283400.0,2026-04-27 15:20:00+05:30
1409.0,1433.0,1400.1,1400.1,18.0,1777283700.0,2026-04-27 15:25:00+05:30
1420.0,1420.0,1420.0,1420.0,4.0,1777357440.0,2026-04-28 11:54:00+05:30
1420.0,1420.0,1420.0,1420.0,0.0,1777357500.0,2026-04-28 11:55:00+05:30
1420.0,1420.0,1420.0,1420.0,0.0,1777357800.0,2026-04-28 12:00:00+05:30
1420.0,1420.0,1420.0,1420.0,0.0,1777358100.0,2026-04-28 12:05:00+05:30
1420.0,1420.0,1420.0,1420.0,8.0,1777358400.0,2026-04-28 12:10:00+05:30
1420.0,1420.0,1420.0,1420.0,0.0,1777358700.0,2026-04-28 12:15:00+05:30
1420.0,1420.0,1420.0,1420.0,0.0,1777359000.0,2026-04-28 12:20:00+05:30
1420.0,1420.0,1420.0,1420.0,0.0,1777359300.0,2026-04-28 12:25:00+05:30
1420.0,1420.0,1420.0,1420.0,0.0,1777359600.0,2026-04-28 12:30:00+05:30
1420.0,1420.0,1420.0,1420.0,0.0,1777359900.0,2026-04-28 12:35:00+05:30
1420.0,1420.0,1420.0,1420.0,0.0,1777360200.0,2026-04-28 12:40:00+05:30
1420.0,1420.0,1420.0,1420.0,0.0,1777360500.0,2026-04-28 12:45:00+05:30
1420.0,1420.0,1420.0,1420.0,0.0,1777360800.0,2026-04-28 12:50:00+05:30
1420.0,1420.0,1420.0,1420.0,0.0,1777361100.0,2026-04-28 12:55:00+05:30
1420.0,1420.0,1420.0,1420.0,0.0,1777361400.0,2026-04-28 13:00:00+05:30
1420.0,1420.0,1420.0,1420.0,0.0,1777361700.0,2026-04-28 13:05:00+05:30
1420.0,1420.0,1420.0,1420.0,0.0,1777362000.0,2026-04-28 13:10:00+05:30
1420.0,1420.0,1420.0,1420.0,0.0,1777362300.0,2026-04-28 13:15:00+05:30
1420.0,1420.0,1420.0,1420.0,0.0,1777362600.0,2026-04-28 13:20:00+05:30
1420.0,1420.0,1420.0,1420.0,0.0,1777362900.0,2026-04-28 13:25:00+05:30
1420.0,1420.0,1420.0,1420.0,0.0,1777363200.0,2026-04-28 13:30:00+05:30
1420.0,1420.0,1420.0,1420.0,0.0,1777363500.0,2026-04-28 13:35:00+05:30
1420.0,1420.0,1420.0,1420.0,0.0,1777363800.0,2026-04-28 13:40:00+05:30
1420.0,1420.0,1420.0,1420.0,0.0,1777364100.0,2026-04-28 13:45:00+05:30
1420.0,1420.0,1420.0,1420.0,0.0,1777364400.0,2026-04-28 13:50:00+05:30
1420.0,1420.0,1420.0,1420.0,0.0,1777364700.0,2026-04-28 13:55:00+05:30
1420.0,1420.0,1420.0,1420.0,0.0,1777365000.0,2026-04-28 14:00:00+05:30
1420.0,1420.0,1420.0,1420.0,0.0,1777365300.0,2026-04-28 14:05:00+05:30
1420.0,1420.0,1420.0,1420.0,0.0,1777365600.0,2026-04-28 14:10:00+05:30
1420.0,1420.0,1420.0,1420.0,0.0,1777365900.0,2026-04-28 14:15:00+05:30
1420.0,1420.0,1420.0,1420.0,0.0,1777366200.0,2026-04-28 14:20:00+05:30
1420.0,1420.0,1420.0,1420.0,0.0,1777366500.0,2026-04-28 14:25:00+05:30
1420.0,1420.0,1420.0,1420.0,0.0,1777366800.0,2026-04-28 14:30:00+05:30
1420.0,1420.0,1420.0,1420.0,0.0,1777367100.0,2026-04-28 14:35:00+05:30
1420.0,1420.0,1420.0,1420.0,0.0,1777367400.0,2026-04-28 14:40:00+05:30
1420.0,1420.0,1420.0,1420.0,0.0,1777367700.0,2026-04-28 14:45:00+05:30
1420.0,1420.0,1420.0,1420.0,0.0,1777368000.0,2026-04-28 14:50:00+05:30
1420.0,1420.0,1420.0,1420.0,0.0,1777368300.0,2026-04-28 14:55:00+05:30
1420.0,1420.0,1419.9,1419.9,3.0,1777368600.0,2026-04-28 15:00:00+05:30
1419.9,1419.9,1419.9,1419.9,0.0,1777368900.0,2026-04-28 15:05:00+05:30
1419.9,1419.9,1419.9,1419.9,0.0,1777369200.0,2026-04-28 15:10:00+05:30
1419.9,1420.0,1419.9,1420.0,12.0,1777369500.0,2026-04-28 15:15:00+05:30
1420.0,1420.0,1420.0,1420.0,1.0,1777369800.0,2026-04-28 15:20:00+05:30
1420.0,1420.0,1400.1,1408.7,24.0,1777370100.0,2026-04-28 15:25:00+05:30
1400.1,1400.1,1400.1,1400.1,12.0,1777434720.0,2026-04-29 09:22:00+05:30
1400.1,1400.1,1380.0,1380.0,7.0,1777434900.0,2026-04-29 09:25:00+05:30
1380.0,1380.0,1380.0,1380.0,0.0,1777435200.0,2026-04-29 09:30:00+05:30
1380.0,1380.0,1380.0,1380.0,0.0,1777435500.0,2026-04-29 09:35:00+05:30
1380.0,1380.0,1380.0,1380.0,15.0,1777435800.0,2026-04-29 09:40:00+05:30
1380.0,1380.0,1380.0,1380.0,0.0,1777436100.0,2026-04-29 09:45:00+05:30
1380.0,1380.0,1380.0,1380.0,0.0,1777436400.0,2026-04-29 09:50:00+05:30
1380.0,1380.0,1380.0,1380.0,0.0,1777436700.0,2026-04-29 09:55:00+05:30
1380.0,1380.0,1380.0,1380.0,0.0,1777437000.0,2026-04-29 10:00:00+05:30
1380.0,1380.0,1380.0,1380.0,0.0,1777437300.0,2026-04-29 10:05:00+05:30
1380.0,1380.0,1380.0,1380.0,0.0,1777437600.0,2026-04-29 10:10:00+05:30
1380.0,1380.0,1380.0,1380.0,0.0,1777437900.0,2026-04-29 10:15:00+05:30
1380.0,1380.0,1380.0,1380.0,0.0,1777438200.0,2026-04-29 10:20:00+05:30
1380.0,1380.0,1380.0,1380.0,0.0,1777438500.0,2026-04-29 10:25:00+05:30
1380.0,1380.0,1380.0,1380.0,0.0,1777438800.0,2026-04-29 10:30:00+05:30
1380.0,1380.0,1380.0,1380.0,0.0,1777439100.0,2026-04-29 10:35:00+05:30
1380.0,1380.0,1380.0,1380.0,0.0,1777439400.0,2026-04-29 10:40:00+05:30
1380.0,1429.85,1380.0,1429.85,1.0,1777439700.0,2026-04-29 10:45:00+05:30
1429.85,1429.85,1429.85,1429.85,0.0,1777440000.0,2026-04-29 10:50:00+05:30
1429.85,1429.85,1429.85,1429.85,0.0,1777440300.0,2026-04-29 10:55:00+05:30
1429.85,1429.85,1429.85,1429.85,0.0,1777440600.0,2026-04-29 11:00:00+05:30
1429.85,1429.85,1429.85,1429.85,0.0,1777440900.0,2026-04-29 11:05:00+05:30
1429.85,1429.85,1429.85,1429.85,0.0,1777441200.0,2026-04-29 11:10:00+05:30
1429.85,1429.85,1429.85,1429.85,0.0,1777441500.0,2026-04-29 11:15:00+05:30
1429.85,1429.85,1429.85,1429.85,0.0,1777441800.0,2026-04-29 11:20:00+05:30
1429.85,1429.85,1429.85,1429.85,0.0,1777442100.0,2026-04-29 11:25:00+05:30
1429.85,1429.85,1429.85,1429.85,0.0,1777442400.0,2026-04-29 11:30:00+05:30
1429.85,1429.85,1429.85,1429.85,0.0,1777442700.0,2026-04-29 11:35:00+05:30
1429.85,1429.85,1429.85,1429.85,0.0,1777443000.0,2026-04-29 11:40:00+05:30
1429.85,1429.85,1429.85,1429.85,0.0,1777443300.0,2026-04-29 11:45:00+05:30
1429.85,1429.85,1429.85,1429.85,0.0,1777443600.0,2026-04-29 11:50:00+05:30
1429.85,1429.85,1429.85,1429.85,0.0,1777443900.0,2026-04-29 11:55:00+05:30
1429.85,1429.85,1429.85,1429.85,0.0,1777444200.0,2026-04-29 12:00:00+05:30
1429.85,1429.85,1429.85,1429.85,0.0,1777444500.0,2026-04-29 12:05:00+05:30
1402.0,1402.0,1402.0,1402.0,2.0,1777444800.0,2026-04-29 12:10:00+05:30
1402.0,1402.0,1402.0,1402.0,0.0,1777445100.0,2026-04-29 12:15:00+05:30
1402.0,1402.0,1402.0,1402.0,0.0,1777445400.0,2026-04-29 12:20:00+05:30
1402.0,1402.0,1402.0,1402.0,0.0,1777445700.0,2026-04-29 12:25:00+05:30
1402.0,1402.0,1402.0,1402.0,0.0,1777446000.0,2026-04-29 12:30:00+05:30
1402.0,1402.0,1402.0,1402.0,0.0,1777446300.0,2026-04-29 12:35:00+05:30
1402.0,1402.0,1402.0,1402.0,0.0,1777446600.0,2026-04-29 12:40:00+05:30
1402.0,1402.0,1402.0,1402.0,0.0,1777446900.0,2026-04-29 12:45:00+05:30
1402.0,1402.0,1402.0,1402.0,0.0,1777447200.0,2026-04-29 12:50:00+05:30
1402.0,1402.05,1402.0,1402.05,1.0,1777447500.0,2026-04-29 12:55:00+05:30
1402.05,1402.05,1402.05,1402.05,0.0,1777447800.0,2026-04-29 13:00:00+05:30
1402.05,1402.05,1402.05,1402.05,0.0,1777448100.0,2026-04-29 13:05:00+05:30
1402.05,1402.05,1402.05,1402.05,0.0,1777448400.0,2026-04-29 13:10:00+05:30
1402.05,1402.05,1402.05,1402.05,0.0,1777448700.0,2026-04-29 13:15:00+05:30
1402.05,1402.05,1402.05,1402.05,0.0,1777449000.0,2026-04-29 13:20:00+05:30
1402.05,1402.05,1402.05,1402.05,0.0,1777449300.0,2026-04-29 13:25:00+05:30
1402.05,1402.05,1402.05,1402.05,0.0,1777449600.0,2026-04-29 13:30:00+05:30
1402.05,1402.05,1402.05,1402.05,0.0,1777449900.0,2026-04-29 13:35:00+05:30
1402.05,1402.05,1402.05,1402.05,0.0,1777450200.0,2026-04-29 13:40:00+05:30
1402.05,1402.05,1402.05,1402.05,0.0,1777450500.0,2026-04-29 13:45:00+05:30
1402.05,1402.05,1402.05,1402.05,0.0,1777450800.0,2026-04-29 13:50:00+05:30
1402.05,1402.05,1402.05,1402.05,0.0,1777451100.0,2026-04-29 13:55:00+05:30
1402.05,1402.05,1402.05,1402.05,0.0,1777451400.0,2026-04-29 14:00:00+05:30
1402.05,1402.05,1402.05,1402.05,0.0,1777451700.0,2026-04-29 14:05:00+05:30
1402.05,1402.05,1402.05,1402.05,0.0,1777452000.0,2026-04-29 14:10:00+05:30
1402.05,1402.05,1402.05,1402.05,0.0,1777452300.0,2026-04-29 14:15:00+05:30
1402.05,1402.05,1402.05,1402.05,0.0,1777452600.0,2026-04-29 14:20:00+05:30
1402.05,1402.05,1388.8,1388.8,6.0,1777452900.0,2026-04-29 14:25:00+05:30
1388.8,1388.8,1388.8,1388.8,0.0,1777453200.0,2026-04-29 14:30:00+05:30
1388.8,1388.8,1388.8,1388.8,0.0,1777453500.0,2026-04-29 14:35:00+05:30
1388.8,1388.8,1388.8,1388.8,0.0,1777453800.0,2026-04-29 14:40:00+05:30
1388.8,1388.8,1388.8,1388.8,0.0,1777454100.0,2026-04-29 14:45:00+05:30
1388.8,1388.8,1388.8,1388.8,0.0,1777454400.0,2026-04-29 14:50:00+05:30
1388.8,1388.8,1388.8,1388.8,0.0,1777454700.0,2026-04-29 14:55:00+05:30
1388.8,1388.8,1388.8,1388.8,0.0,1777455000.0,2026-04-29 15:00:00+05:30
1388.8,1388.8,1388.8,1388.8,0.0,1777455300.0,2026-04-29 15:05:00+05:30
1388.8,1388.8,1388.8,1388.8,0.0,1777455600.0,2026-04-29 15:10:00+05:30
1388.8,1395.7,1388.8,1395.7,5.0,1777455900.0,2026-04-29 15:15:00+05:30
1395.7,1395.7,1395.7,1395.7,0.0,1777456200.0,2026-04-29 15:20:00+05:30
1395.7,1395.7,1395.7,1395.7,0.0,1777456500.0,2026-04-29 15:25:00+05:30
1388.8,1388.8,1388.8,1388.8,23.0,1777522800.0,2026-04-30 09:50:00+05:30
1388.8,1388.8,1388.8,1388.8,0.0,1777523100.0,2026-04-30 09:55:00+05:30
1388.8,1388.8,1388.8,1388.8,0.0,1777523400.0,2026-04-30 10:00:00+05:30
1388.8,1388.8,1388.8,1388.8,0.0,1777523700.0,2026-04-30 10:05:00+05:30
1388.8,1388.8,1388.8,1388.8,0.0,1777524000.0,2026-04-30 10:10:00+05:30
1388.8,1388.8,1388.8,1388.8,0.0,1777524300.0,2026-04-30 10:15:00+05:30
1388.8,1388.8,1320.1,1320.1,10.0,1777524600.0,2026-04-30 10:20:00+05:30
1320.1,1320.1,1320.1,1320.1,0.0,1777524900.0,2026-04-30 10:25:00+05:30
1320.1,1320.1,1320.1,1320.1,0.0,1777525200.0,2026-04-30 10:30:00+05:30
1320.1,1320.1,1320.1,1320.1,0.0,1777525500.0,2026-04-30 10:35:00+05:30
1320.1,1320.1,1320.1,1320.1,0.0,1777525800.0,2026-04-30 10:40:00+05:30
1331.05,1331.05,1331.05,1331.05,1.0,1777526100.0,2026-04-30 10:45:00+05:30
1331.05,1331.05,1331.05,1331.05,0.0,1777526400.0,2026-04-30 10:50:00+05:30
1331.05,1331.05,1331.05,1331.05,0.0,1777526700.0,2026-04-30 10:55:00+05:30
1331.05,1331.05,1331.05,1331.05,0.0,1777527000.0,2026-04-30 11:00:00+05:30
1331.05,1331.05,1331.05,1331.05,0.0,1777527300.0,2026-04-30 11:05:00+05:30
1331.05,1331.05,1331.05,1331.05,0.0,1777527600.0,2026-04-30 11:10:00+05:30
1335.0,1335.0,1335.0,1335.0,1.0,1777527900.0,2026-04-30 11:15:00+05:30
1335.0,1335.0,1335.0,1335.0,0.0,1777528200.0,2026-04-30 11:20:00+05:30
1335.0,1335.0,1335.0,1335.0,0.0,1777528500.0,2026-04-30 11:25:00+05:30
1335.0,1335.0,1335.0,1335.0,0.0,1777528800.0,2026-04-30 11:30:00+05:30
1335.0,1335.0,1335.0,1335.0,0.0,1777529100.0,2026-04-30 11:35:00+05:30
1335.0,1335.0,1335.0,1335.0,0.0,1777529400.0,2026-04-30 11:40:00+05:30
1335.0,1335.0,1335.0,1335.0,0.0,1777529700.0,2026-04-30 11:45:00+05:30
1335.0,1335.0,1335.0,1335.0,0.0,1777530000.0,2026-04-30 11:50:00+05:30
1335.0,1335.0,1335.0,1335.0,0.0,1777530300.0,2026-04-30 11:55:00+05:30
1335.0,1335.0,1335.0,1335.0,0.0,1777530600.0,2026-04-30 12:00:00+05:30
1335.0,1335.0,1335.0,1335.0,0.0,1777530900.0,2026-04-30 12:05:00+05:30
1335.0,1335.0,1335.0,1335.0,0.0,1777531200.0,2026-04-30 12:10:00+05:30
1335.0,1335.0,1335.0,1335.0,0.0,1777531500.0,2026-04-30 12:15:00+05:30
1335.0,1335.0,1335.0,1335.0,0.0,1777531800.0,2026-04-30 12:20:00+05:30
1335.0,1335.0,1335.0,1335.0,0.0,1777532100.0,2026-04-30 12:25:00+05:30
1335.0,1335.0,1335.0,1335.0,0.0,1777532400.0,2026-04-30 12:30:00+05:30
1335.0,1335.0,1335.0,1335.0,0.0,1777532700.0,2026-04-30 12:35:00+05:30
1335.0,1335.0,1335.0,1335.0,0.0,1777533000.0,2026-04-30 12:40:00+05:30
1335.0,1335.0,1335.0,1335.0,0.0,1777533300.0,2026-04-30 12:45:00+05:30
1335.0,1335.0,1335.0,1335.0,0.0,1777533600.0,2026-04-30 12:50:00+05:30
1335.0,1335.0,1335.0,1335.0,0.0,1777533900.0,2026-04-30 12:55:00+05:30
1335.0,1335.0,1335.0,1335.0,0.0,1777534200.0,2026-04-30 13:00:00+05:30
1335.0,1335.0,1335.0,1335.0,0.0,1777534500.0,2026-04-30 13:05:00+05:30
1335.0,1335.0,1335.0,1335.0,0.0,1777534800.0,2026-04-30 13:10:00+05:30
1335.0,1335.0,1335.0,1335.0,0.0,1777535100.0,2026-04-30 13:15:00+05:30
1335.0,1335.0,1335.0,1335.0,0.0,1777535400.0,2026-04-30 13:20:00+05:30
1335.0,1335.0,1335.0,1335.0,0.0,1777535700.0,2026-04-30 13:25:00+05:30
1335.0,1335.0,1335.0,1335.0,0.0,1777536000.0,2026-04-30 13:30:00+05:30
1335.0,1335.0,1335.0,1335.0,0.0,1777536300.0,2026-04-30 13:35:00+05:30
1335.0,1335.0,1335.0,1335.0,0.0,1777536600.0,2026-04-30 13:40:00+05:30
1335.0,1335.0,1335.0,1335.0,0.0,1777536900.0,2026-04-30 13:45:00+05:30
1335.0,1335.0,1335.0,1335.0,0.0,1777537200.0,2026-04-30 13:50:00+05:30
1335.0,1335.0,1335.0,1335.0,0.0,1777537500.0,2026-04-30 13:55:00+05:30
1335.0,1335.0,1335.0,1335.0,0.0,1777537800.0,2026-04-30 14:00:00+05:30
1335.0,1335.0,1335.0,1335.0,0.0,1777538100.0,2026-04-30 14:05:00+05:30
1335.0,1335.0,1335.0,1335.0,0.0,1777538400.0,2026-04-30 14:10:00+05:30
1335.0,1335.0,1335.0,1335.0,0.0,1777538700.0,2026-04-30 14:15:00+05:30
1335.0,1335.0,1335.0,1335.0,0.0,1777539000.0,2026-04-30 14:20:00+05:30
1335.0,1335.0,1335.0,1335.0,0.0,1777539300.0,2026-04-30 14:25:00+05:30
1335.0,1335.0,1335.0,1335.0,0.0,1777539600.0,2026-04-30 14:30:00+05:30
1335.0,1335.0,1335.0,1335.0,0.0,1777539900.0,2026-04-30 14:35:00+05:30
1335.0,1335.0,1335.0,1335.0,0.0,1777540200.0,2026-04-30 14:40:00+05:30
1335.0,1335.0,1335.0,1335.0,0.0,1777540500.0,2026-04-30 14:45:00+05:30
1335.0,1335.0,1335.0,1335.0,0.0,1777540800.0,2026-04-30 14:50:00+05:30
1335.0,1335.0,1335.0,1335.0,0.0,1777541100.0,2026-04-30 14:55:00+05:30
1335.0,1335.0,1335.0,1335.0,0.0,1777541400.0,2026-04-30 15:00:00+05:30
1335.0,1335.0,1335.0,1335.0,0.0,1777541700.0,2026-04-30 15:05:00+05:30
1335.0,1335.0,1335.0,1335.0,0.0,1777542000.0,2026-04-30 15:10:00+05:30
1335.0,1335.0,1335.0,1335.0,0.0,1777542300.0,2026-04-30 15:15:00+05:30
1335.0,1353.6,1335.0,1353.6,1.0,1777542600.0,2026-04-30 15:20:00+05:30
1353.6,1353.6,1336.0,1336.0,52.0,1777542900.0,2026-04-30 15:25:00+05:30
1401.0,1401.0,1401.0,1401.0,4.0,1777866840.0,2026-05-04 09:24:00+05:30
1441.0,1441.0,1441.0,1441.0,30.0,1777866900.0,2026-05-04 09:25:00+05:30
1441.0,1441.0,1441.0,1441.0,0.0,1777867200.0,2026-05-04 09:30:00+05:30
1441.0,1441.0,1439.0,1439.0,3.0,1777867500.0,2026-05-04 09:35:00+05:30
1439.0,1439.0,1439.0,1439.0,0.0,1777867800.0,2026-05-04 09:40:00+05:30
1375.1,1375.1,1375.1,1375.1,3.0,1777868100.0,2026-05-04 09:45:00+05:30
1374.4,1374.4,1374.4,1374.4,62.0,1777868400.0,2026-05-04 09:50:00+05:30
1374.4,1374.4,1374.4,1374.4,0.0,1777868700.0,2026-05-04 09:55:00+05:30
1374.4,1374.4,1374.4,1374.4,0.0,1777869000.0,2026-05-04 10:00:00+05:30
1374.4,1374.4,1374.4,1374.4,0.0,1777869300.0,2026-05-04 10:05:00+05:30
1374.4,1374.4,1374.4,1374.4,0.0,1777869600.0,2026-05-04 10:10:00+05:30
1374.4,1374.4,1374.4,1374.4,0.0,1777869900.0,2026-05-04 10:15:00+05:30
1374.4,1374.4,1374.4,1374.4,0.0,1777870200.0,2026-05-04 10:20:00+05:30
1374.4,1374.4,1374.4,1374.4,0.0,1777870500.0,2026-05-04 10:25:00+05:30
1374.4,1375.0,1374.4,1375.0,3.0,1777870800.0,2026-05-04 10:30:00+05:30
1375.0,1375.0,1375.0,1375.0,0.0,1777871100.0,2026-05-04 10:35:00+05:30
1375.0,1375.0,1375.0,1375.0,0.0,1777871400.0,2026-05-04 10:40:00+05:30
1375.0,1375.0,1375.0,1375.0,0.0,1777871700.0,2026-05-04 10:45:00+05:30
1375.0,1375.0,1375.0,1375.0,0.0,1777872000.0,2026-05-04 10:50:00+05:30
1375.0,1375.0,1375.0,1375.0,0.0,1777872300.0,2026-05-04 10:55:00+05:30
1375.0,1375.0,1375.0,1375.0,0.0,1777872600.0,2026-05-04 11:00:00+05:30
1375.0,1375.0,1375.0,1375.0,0.0,1777872900.0,2026-05-04 11:05:00+05:30
1375.0,1375.0,1375.0,1375.0,0.0,1777873200.0,2026-05-04 11:10:00+05:30
1375.0,1375.0,1375.0,1375.0,0.0,1777873500.0,2026-05-04 11:15:00+05:30
1375.0,1375.0,1375.0,1375.0,0.0,1777873800.0,2026-05-04 11:20:00+05:30
1375.0,1375.0,1375.0,1375.0,0.0,1777874100.0,2026-05-04 11:25:00+05:30
1375.0,1375.0,1375.0,1375.0,0.0,1777874400.0,2026-05-04 11:30:00+05:30
1375.0,1375.0,1375.0,1375.0,0.0,1777874700.0,2026-05-04 11:35:00+05:30
1375.0,1375.0,1375.0,1375.0,0.0,1777875000.0,2026-05-04 11:40:00+05:30
1375.0,1375.0,1375.0,1375.0,0.0,1777875300.0,2026-05-04 11:45:00+05:30
1375.0,1375.0,1375.0,1375.0,0.0,1777875600.0,2026-05-04 11:50:00+05:30
1375.0,1375.0,1375.0,1375.0,7.0,1777875900.0,2026-05-04 11:55:00+05:30
1375.0,1419.8,1375.0,1419.8,10.0,1777876200.0,2026-05-04 12:00:00+05:30
1419.8,1419.8,1419.8,1419.8,0.0,1777876500.0,2026-05-04 12:05:00+05:30
1419.8,1419.8,1419.8,1419.8,52.0,1777876800.0,2026-05-04 12:10:00+05:30
1419.8,1419.8,1419.8,1419.8,0.0,1777877100.0,2026-05-04 12:15:00+05:30
1419.8,1419.8,1419.8,1419.8,0.0,1777877400.0,2026-05-04 12:20:00+05:30
1419.8,1419.8,1419.8,1419.8,0.0,1777877700.0,2026-05-04 12:25:00+05:30
1419.8,1419.8,1419.8,1419.8,0.0,1777878000.0,2026-05-04 12:30:00+05:30
1419.8,1419.8,1419.8,1419.8,0.0,1777878300.0,2026-05-04 12:35:00+05:30
1419.8,1419.8,1419.8,1419.8,0.0,1777878600.0,2026-05-04 12:40:00+05:30
1419.8,1419.8,1419.8,1419.8,0.0,1777878900.0,2026-05-04 12:45:00+05:30
1380.1,1380.1,1380.1,1380.1,1.0,1777879200.0,2026-05-04 12:50:00+05:30
1380.1,1380.1,1380.1,1380.1,0.0,1777879500.0,2026-05-04 12:55:00+05:30
1380.1,1380.1,1380.1,1380.1,0.0,1777879800.0,2026-05-04 13:00:00+05:30
1380.1,1380.1,1380.1,1380.1,0.0,1777880100.0,2026-05-04 13:05:00+05:30
1380.1,1380.1,1380.1,1380.1,0.0,1777880400.0,2026-05-04 13:10:00+05:30
1380.1,1380.1,1380.1,1380.1,0.0,1777880700.0,2026-05-04 13:15:00+05:30
1380.1,1380.1,1380.1,1380.1,0.0,1777881000.0,2026-05-04 13:20:00+05:30
1380.1,1380.1,1380.1,1380.1,0.0,1777881300.0,2026-05-04 13:25:00+05:30
1380.1,1380.1,1380.1,1380.1,0.0,1777881600.0,2026-05-04 13:30:00+05:30
1380.1,1380.1,1380.1,1380.1,0.0,1777881900.0,2026-05-04 13:35:00+05:30
1380.1,1380.1,1380.1,1380.1,0.0,1777882200.0,2026-05-04 13:40:00+05:30
1380.1,1380.1,1380.1,1380.1,0.0,1777882500.0,2026-05-04 13:45:00+05:30
1380.1,1380.1,1380.1,1380.1,0.0,1777882800.0,2026-05-04 13:50:00+05:30
1380.1,1380.1,1380.1,1380.1,0.0,1777883100.0,2026-05-04 13:55:00+05:30
1380.1,1380.1,1380.1,1380.1,0.0,1777883400.0,2026-05-04 14:00:00+05:30
1380.1,1380.1,1380.1,1380.1,0.0,1777883700.0,2026-05-04 14:05:00+05:30
1380.1,1380.1,1380.1,1380.1,0.0,1777884000.0,2026-05-04 14:10:00+05:30
1380.1,1380.1,1380.1,1380.1,0.0,1777884300.0,2026-05-04 14:15:00+05:30
1380.1,1380.1,1380.1,1380.1,1.0,1777884600.0,2026-05-04 14:20:00+05:30
1380.1,1380.1,1380.1,1380.1,0.0,1777884900.0,2026-05-04 14:25:00+05:30
1380.1,1380.1,1380.1,1380.1,0.0,1777885200.0,2026-05-04 14:30:00+05:30
1380.1,1380.1,1380.1,1380.1,0.0,1777885500.0,2026-05-04 14:35:00+05:30
1380.1,1380.1,1380.1,1380.1,0.0,1777885800.0,2026-05-04 14:40:00+05:30
1380.1,1380.1,1380.1,1380.1,0.0,1777886100.0,2026-05-04 14:45:00+05:30
1380.1,1380.1,1380.1,1380.1,0.0,1777886400.0,2026-05-04 14:50:00+05:30
1380.1,1380.1,1380.1,1380.1,0.0,1777886700.0,2026-05-04 14:55:00+05:30
1380.1,1380.1,1380.1,1380.1,0.0,1777887000.0,2026-05-04 15:00:00+05:30
1380.1,1380.1,1380.1,1380.1,0.0,1777887300.0,2026-05-04 15:05:00+05:30
1380.1,1419.0,1380.1,1419.0,7.0,1777887600.0,2026-05-04 15:10:00+05:30
1380.1,1380.1,1380.1,1380.1,1.0,1777887900.0,2026-05-04 15:15:00+05:30
1380.1,1380.1,1380.1,1380.1,1.0,1777888200.0,2026-05-04 15:20:00+05:30
1419.0,1419.0,1419.0,1419.0,5.0,1777888500.0,2026-05-04 15:25:00+05:30
1419.0,1421.0,1419.0,1421.0,9.0,1777953960.0,2026-05-05 09:36:00+05:30
1421.0,1421.0,1421.0,1421.0,0.0,1777954200.0,2026-05-05 09:40:00+05:30
1421.0,1421.0,1421.0,1421.0,0.0,1777954500.0,2026-05-05 09:45:00+05:30
1421.0,1421.0,1421.0,1421.0,0.0,1777954800.0,2026-05-05 09:50:00+05:30
1421.0,1421.0,1421.0,1421.0,0.0,1777955100.0,2026-05-05 09:55:00+05:30
1421.0,1421.0,1421.0,1421.0,0.0,1777955400.0,2026-05-05 10:00:00+05:30
1421.0,1421.0,1421.0,1421.0,0.0,1777955700.0,2026-05-05 10:05:00+05:30
1421.0,1421.0,1421.0,1421.0,0.0,1777956000.0,2026-05-05 10:10:00+05:30
1421.0,1421.0,1377.8,1377.8,2.0,1777956300.0,2026-05-05 10:15:00+05:30
1377.8,1377.8,1377.8,1377.8,0.0,1777956600.0,2026-05-05 10:20:00+05:30
1377.8,1377.8,1377.8,1377.8,0.0,1777956900.0,2026-05-05 10:25:00+05:30
1377.8,1377.8,1377.8,1377.8,0.0,1777957200.0,2026-05-05 10:30:00+05:30
1377.8,1377.8,1377.8,1377.8,0.0,1777957500.0,2026-05-05 10:35:00+05:30
1377.8,1377.8,1377.8,1377.8,0.0,1777957800.0,2026-05-05 10:40:00+05:30
1377.8,1377.8,1377.8,1377.8,0.0,1777958100.0,2026-05-05 10:45:00+05:30
1377.8,1377.8,1377.8,1377.8,0.0,1777958400.0,2026-05-05 10:50:00+05:30
1377.8,1377.8,1377.8,1377.8,0.0,1777958700.0,2026-05-05 10:55:00+05:30
1377.8,1377.8,1377.8,1377.8,0.0,1777959000.0,2026-05-05 11:00:00+05:30
1377.8,1377.8,1377.8,1377.8,0.0,1777959300.0,2026-05-05 11:05:00+05:30
1377.8,1377.8,1377.8,1377.8,0.0,1777959600.0,2026-05-05 11:10:00+05:30
1377.8,1377.8,1377.8,1377.8,0.0,1777959900.0,2026-05-05 11:15:00+05:30
1377.8,1377.8,1377.8,1377.8,0.0,1777960200.0,2026-05-05 11:20:00+05:30
1377.8,1377.8,1377.8,1377.8,0.0,1777960500.0,2026-05-05 11:25:00+05:30
1377.8,1377.8,1377.8,1377.8,0.0,1777960800.0,2026-05-05 11:30:00+05:30
1377.8,1377.8,1377.8,1377.8,0.0,1777961100.0,2026-05-05 11:35:00+05:30
1377.8,1377.8,1377.8,1377.8,0.0,1777961400.0,2026-05-05 11:40:00+05:30
1377.8,1377.8,1377.8,1377.8,0.0,1777961700.0,2026-05-05 11:45:00+05:30
1377.8,1377.8,1377.8,1377.8,0.0,1777962000.0,2026-05-05 11:50:00+05:30
1377.8,1380.0,1377.8,1380.0,2.0,1777962300.0,2026-05-05 11:55:00+05:30
1380.0,1380.0,1380.0,1380.0,0.0,1777962600.0,2026-05-05 12:00:00+05:30
1380.0,1380.0,1380.0,1380.0,0.0,1777962900.0,2026-05-05 12:05:00+05:30
1380.0,1380.0,1380.0,1380.0,0.0,1777963200.0,2026-05-05 12:10:00+05:30
1380.0,1380.0,1380.0,1380.0,0.0,1777963500.0,2026-05-05 12:15:00+05:30
1380.0,1380.0,1380.0,1380.0,0.0,1777963800.0,2026-05-05 12:20:00+05:30
1380.0,1380.0,1380.0,1380.0,0.0,1777964100.0,2026-05-05 12:25:00+05:30
1380.0,1380.0,1380.0,1380.0,0.0,1777964400.0,2026-05-05 12:30:00+05:30
1380.0,1380.0,1380.0,1380.0,0.0,1777964700.0,2026-05-05 12:35:00+05:30
1380.0,1380.0,1380.0,1380.0,0.0,1777965000.0,2026-05-05 12:40:00+05:30
1380.0,1380.0,1380.0,1380.0,0.0,1777965300.0,2026-05-05 12:45:00+05:30
1380.0,1380.0,1380.0,1380.0,0.0,1777965600.0,2026-05-05 12:50:00+05:30
1380.0,1380.0,1380.0,1380.0,0.0,1777965900.0,2026-05-05 12:55:00+05:30
1380.0,1380.0,1380.0,1380.0,0.0,1777966200.0,2026-05-05 13:00:00+05:30
1380.0,1380.0,1380.0,1380.0,0.0,1777966500.0,2026-05-05 13:05:00+05:30
1380.0,1380.0,1380.0,1380.0,0.0,1777966800.0,2026-05-05 13:10:00+05:30
1380.0,1380.0,1380.0,1380.0,0.0,1777967100.0,2026-05-05 13:15:00+05:30
1380.0,1380.0,1380.0,1380.0,0.0,1777967400.0,2026-05-05 13:20:00+05:30
1380.0,1380.0,1380.0,1380.0,0.0,1777967700.0,2026-05-05 13:25:00+05:30
1380.0,1380.0,1380.0,1380.0,0.0,1777968000.0,2026-05-05 13:30:00+05:30
1380.0,1380.0,1380.0,1380.0,0.0,1777968300.0,2026-05-05 13:35:00+05:30
1380.0,1380.0,1380.0,1380.0,0.0,1777968600.0,2026-05-05 13:40:00+05:30
1380.0,1380.0,1380.0,1380.0,0.0,1777968900.0,2026-05-05 13:45:00+05:30
1380.0,1380.0,1380.0,1380.0,0.0,1777969200.0,2026-05-05 13:50:00+05:30
1380.0,1380.0,1380.0,1380.0,0.0,1777969500.0,2026-05-05 13:55:00+05:30
1380.0,1380.0,1380.0,1380.0,0.0,1777969800.0,2026-05-05 14:00:00+05:30
1380.0,1380.0,1380.0,1380.0,0.0,1777970100.0,2026-05-05 14:05:00+05:30
1380.0,1380.0,1380.0,1380.0,0.0,1777970400.0,2026-05-05 14:10:00+05:30
1380.0,1380.0,1380.0,1380.0,0.0,1777970700.0,2026-05-05 14:15:00+05:30
1380.0,1380.0,1380.0,1380.0,0.0,1777971000.0,2026-05-05 14:20:00+05:30
1380.0,1380.0,1380.0,1380.0,0.0,1777971300.0,2026-05-05 14:25:00+05:30
1380.0,1380.0,1380.0,1380.0,0.0,1777971600.0,2026-05-05 14:30:00+05:30
1380.0,1380.0,1380.0,1380.0,0.0,1777971900.0,2026-05-05 14:35:00+05:30
1380.0,1380.0,1380.0,1380.0,0.0,1777972200.0,2026-05-05 14:40:00+05:30
1380.0,1380.0,1380.0,1380.0,0.0,1777972500.0,2026-05-05 14:45:00+05:30
1380.0,1380.0,1380.0,1380.0,0.0,1777972800.0,2026-05-05 14:50:00+05:30
1380.0,1380.0,1380.0,1380.0,0.0,1777973100.0,2026-05-05 14:55:00+05:30
1380.0,1380.0,1380.0,1380.0,0.0,1777973400.0,2026-05-05 15:00:00+05:30
1380.0,1380.0,1380.0,1380.0,0.0,1777973700.0,2026-05-05 15:05:00+05:30
1380.0,1421.0,1380.0,1421.0,1.0,1777974000.0,2026-05-05 15:10:00+05:30
1421.0,1421.0,1421.0,1421.0,0.0,1777974300.0,2026-05-05 15:15:00+05:30
1421.0,1421.0,1421.0,1421.0,0.0,1777974600.0,2026-05-05 15:20:00+05:30
1421.0,1451.0,1273.0,1451.0,109.0,1777974900.0,2026-05-05 15:25:00+05:30
1451.0,1451.1,1451.0,1451.0,29.0,1778040420.0,2026-05-06 09:37:00+05:30
1451.0,1451.0,1451.0,1451.0,0.0,1778040600.0,2026-05-06 09:40:00+05:30
1451.0,1451.0,1451.0,1451.0,0.0,1778040900.0,2026-05-06 09:45:00+05:30
1465.5,1465.5,1400.1,1400.1,18.0,1778041200.0,2026-05-06 09:50:00+05:30
1400.1,1400.1,1400.1,1400.1,0.0,1778041500.0,2026-05-06 09:55:00+05:30
1400.1,1400.1,1400.1,1400.1,0.0,1778041800.0,2026-05-06 10:00:00+05:30
1400.1,1400.1,1400.1,1400.1,0.0,1778042100.0,2026-05-06 10:05:00+05:30
1400.1,1400.1,1400.1,1400.1,0.0,1778042400.0,2026-05-06 10:10:00+05:30
1400.1,1405.1,1400.1,1405.1,2.0,1778042700.0,2026-05-06 10:15:00+05:30
1405.1,1405.1,1405.1,1405.1,0.0,1778043000.0,2026-05-06 10:20:00+05:30
1405.1,1405.1,1405.1,1405.1,0.0,1778043300.0,2026-05-06 10:25:00+05:30
1405.1,1405.1,1405.1,1405.1,0.0,1778043600.0,2026-05-06 10:30:00+05:30
1405.1,1405.1,1405.1,1405.1,0.0,1778043900.0,2026-05-06 10:35:00+05:30
1405.1,1405.1,1405.1,1405.1,0.0,1778044200.0,2026-05-06 10:40:00+05:30
1405.1,1405.1,1405.1,1405.1,0.0,1778044500.0,2026-05-06 10:45:00+05:30
1405.1,1405.1,1405.1,1405.1,0.0,1778044800.0,2026-05-06 10:50:00+05:30
1405.1,1405.1,1405.1,1405.1,0.0,1778045100.0,2026-05-06 10:55:00+05:30
1405.1,1405.1,1405.1,1405.1,0.0,1778045400.0,2026-05-06 11:00:00+05:30
1405.1,1405.1,1405.1,1405.1,0.0,1778045700.0,2026-05-06 11:05:00+05:30
1405.1,1405.1,1405.1,1405.1,0.0,1778046000.0,2026-05-06 11:10:00+05:30
1405.1,1405.1,1405.1,1405.1,35.0,1778046300.0,2026-05-06 11:15:00+05:30
1405.1,1405.1,1405.1,1405.1,0.0,1778046600.0,2026-05-06 11:20:00+05:30
1405.1,1405.1,1405.1,1405.1,0.0,1778046900.0,2026-05-06 11:25:00+05:30
1405.1,1405.1,1405.1,1405.1,0.0,1778047200.0,2026-05-06 11:30:00+05:30
1405.1,1405.1,1405.1,1405.1,0.0,1778047500.0,2026-05-06 11:35:00+05:30
1405.1,1405.1,1405.1,1405.1,0.0,1778047800.0,2026-05-06 11:40:00+05:30
1405.1,1405.1,1405.1,1405.1,0.0,1778048100.0,2026-05-06 11:45:00+05:30
1405.1,1405.1,1405.1,1405.1,0.0,1778048400.0,2026-05-06 11:50:00+05:30
1405.1,1405.1,1405.1,1405.1,0.0,1778048700.0,2026-05-06 11:55:00+05:30
1405.1,1405.1,1405.1,1405.1,0.0,1778049000.0,2026-05-06 12:00:00+05:30
1405.1,1405.1,1405.1,1405.1,0.0,1778049300.0,2026-05-06 12:05:00+05:30
1405.1,1405.1,1405.1,1405.1,0.0,1778049600.0,2026-05-06 12:10:00+05:30
1405.1,1405.1,1405.1,1405.1,0.0,1778049900.0,2026-05-06 12:15:00+05:30
1405.1,1405.1,1405.1,1405.1,0.0,1778050200.0,2026-05-06 12:20:00+05:30
1405.1,1405.1,1405.1,1405.1,0.0,1778050500.0,2026-05-06 12:25:00+05:30
1405.1,1405.1,1405.1,1405.1,0.0,1778050800.0,2026-05-06 12:30:00+05:30
1405.1,1405.1,1405.1,1405.1,0.0,1778051100.0,2026-05-06 12:35:00+05:30
1405.1,1405.1,1405.1,1405.1,0.0,1778051400.0,2026-05-06 12:40:00+05:30
1405.1,1405.1,1405.1,1405.1,0.0,1778051700.0,2026-05-06 12:45:00+05:30
1405.1,1405.1,1405.1,1405.1,0.0,1778052000.0,2026-05-06 12:50:00+05:30
1405.1,1405.1,1405.1,1405.1,0.0,1778052300.0,2026-05-06 12:55:00+05:30
1405.1,1405.8,1405.1,1405.8,4.0,1778052600.0,2026-05-06 13:00:00+05:30
1405.8,1405.8,1405.8,1405.8,0.0,1778052900.0,2026-05-06 13:05:00+05:30
1405.8,1405.8,1405.8,1405.8,0.0,1778053200.0,2026-05-06 13:10:00+05:30
1405.8,1405.8,1405.8,1405.8,0.0,1778053500.0,2026-05-06 13:15:00+05:30
1405.8,1405.8,1405.8,1405.8,0.0,1778053800.0,2026-05-06 13:20:00+05:30
1405.8,1405.8,1405.8,1405.8,0.0,1778054100.0,2026-05-06 13:25:00+05:30
1405.8,1405.8,1405.8,1405.8,0.0,1778054400.0,2026-05-06 13:30:00+05:30
1405.8,1405.8,1402.0,1402.0,3.0,1778054700.0,2026-05-06 13:35:00+05:30
1385.1,1385.1,1385.1,1385.1,5.0,1778055000.0,2026-05-06 13:40:00+05:30
1385.1,1385.1,1385.1,1385.1,0.0,1778055300.0,2026-05-06 13:45:00+05:30
1385.1,1385.1,1385.1,1385.1,0.0,1778055600.0,2026-05-06 13:50:00+05:30
1385.1,1385.1,1385.1,1385.1,0.0,1778055900.0,2026-05-06 13:55:00+05:30
1385.1,1385.1,1385.1,1385.1,0.0,1778056200.0,2026-05-06 14:00:00+05:30
1385.1,1385.1,1385.1,1385.1,0.0,1778056500.0,2026-05-06 14:05:00+05:30
1385.1,1385.1,1385.1,1385.1,0.0,1778056800.0,2026-05-06 14:10:00+05:30
1385.1,1385.1,1385.1,1385.1,0.0,1778057100.0,2026-05-06 14:15:00+05:30
1385.1,1385.1,1385.1,1385.1,0.0,1778057400.0,2026-05-06 14:20:00+05:30
1385.1,1385.1,1385.1,1385.1,0.0,1778057700.0,2026-05-06 14:25:00+05:30
1385.1,1385.1,1385.1,1385.1,0.0,1778058000.0,2026-05-06 14:30:00+05:30
1385.1,1385.1,1385.1,1385.1,0.0,1778058300.0,2026-05-06 14:35:00+05:30
1385.1,1385.1,1385.1,1385.1,0.0,1778058600.0,2026-05-06 14:40:00+05:30
1385.1,1385.1,1385.1,1385.1,0.0,1778058900.0,2026-05-06 14:45:00+05:30
1385.1,1385.1,1385.1,1385.1,0.0,1778059200.0,2026-05-06 14:50:00+05:30
1385.1,1385.1,1385.1,1385.1,0.0,1778059500.0,2026-05-06 14:55:00+05:30
1385.1,1385.1,1385.1,1385.1,0.0,1778059800.0,2026-05-06 15:00:00+05:30
1385.1,1385.1,1385.1,1385.1,0.0,1778060100.0,2026-05-06 15:05:00+05:30
1385.1,1385.1,1385.1,1385.1,0.0,1778060400.0,2026-05-06 15:10:00+05:30
1385.1,1385.1,1385.1,1385.1,0.0,1778060700.0,2026-05-06 15:15:00+05:30
1385.1,1385.1,1385.1,1385.1,0.0,1778061000.0,2026-05-06 15:20:00+05:30
1399.0,1451.0,1352.2,1451.0,83.0,1778061300.0,2026-05-06 15:25:00+05:30
1428.8,1428.8,1428.8,1428.8,1.0,1778127420.0,2026-05-07 09:47:00+05:30
1428.8,1428.8,1428.8,1428.8,0.0,1778127600.0,2026-05-07 09:50:00+05:30
1428.8,1428.8,1400.0,1400.0,1.0,1778127900.0,2026-05-07 09:55:00+05:30
1400.0,1400.0,1400.0,1400.0,0.0,1778128200.0,2026-05-07 10:00:00+05:30
1400.0,1400.0,1400.0,1400.0,1.0,1778128500.0,2026-05-07 10:05:00+05:30
1400.0,1400.0,1400.0,1400.0,0.0,1778128800.0,2026-05-07 10:10:00+05:30
1400.0,1400.0,1400.0,1400.0,0.0,1778129100.0,2026-05-07 10:15:00+05:30
1400.0,1400.0,1400.0,1400.0,0.0,1778129400.0,2026-05-07 10:20:00+05:30
1400.0,1400.0,1400.0,1400.0,0.0,1778129700.0,2026-05-07 10:25:00+05:30
1400.0,1400.0,1400.0,1400.0,0.0,1778130000.0,2026-05-07 10:30:00+05:30
1400.0,1400.0,1400.0,1400.0,0.0,1778130300.0,2026-05-07 10:35:00+05:30
1400.0,1400.0,1400.0,1400.0,0.0,1778130600.0,2026-05-07 10:40:00+05:30
1400.0,1400.0,1400.0,1400.0,0.0,1778130900.0,2026-05-07 10:45:00+05:30
1400.0,1400.0,1400.0,1400.0,0.0,1778131200.0,2026-05-07 10:50:00+05:30
1400.0,1400.0,1400.0,1400.0,0.0,1778131500.0,2026-05-07 10:55:00+05:30
1400.0,1400.0,1400.0,1400.0,0.0,1778131800.0,2026-05-07 11:00:00+05:30
1400.0,1400.0,1400.0,1400.0,0.0,1778132100.0,2026-05-07 11:05:00+05:30
1400.0,1400.0,1400.0,1400.0,0.0,1778132400.0,2026-05-07 11:10:00+05:30
1400.0,1400.0,1400.0,1400.0,0.0,1778132700.0,2026-05-07 11:15:00+05:30
1400.0,1400.0,1400.0,1400.0,0.0,1778133000.0,2026-05-07 11:20:00+05:30
1427.0,1427.0,1427.0,1427.0,19.0,1778133300.0,2026-05-07 11:25:00+05:30
1427.0,1427.0,1427.0,1427.0,0.0,1778133600.0,2026-05-07 11:30:00+05:30
1400.0,1400.0,1400.0,1400.0,6.0,1778133900.0,2026-05-07 11:35:00+05:30
1400.0,1400.0,1400.0,1400.0,0.0,1778134200.0,2026-05-07 11:40:00+05:30
1400.0,1400.0,1400.0,1400.0,0.0,1778134500.0,2026-05-07 11:45:00+05:30
1400.0,1400.0,1400.0,1400.0,5.0,1778134800.0,2026-05-07 11:50:00+05:30
1400.0,1400.0,1400.0,1400.0,0.0,1778135100.0,2026-05-07 11:55:00+05:30
1400.0,1400.0,1400.0,1400.0,0.0,1778135400.0,2026-05-07 12:00:00+05:30
1400.0,1400.0,1400.0,1400.0,0.0,1778135700.0,2026-05-07 12:05:00+05:30
1400.0,1400.0,1400.0,1400.0,0.0,1778136000.0,2026-05-07 12:10:00+05:30
1400.0,1400.0,1400.0,1400.0,0.0,1778136300.0,2026-05-07 12:15:00+05:30
1400.0,1400.0,1400.0,1400.0,0.0,1778136600.0,2026-05-07 12:20:00+05:30
1400.0,1400.0,1400.0,1400.0,0.0,1778136900.0,2026-05-07 12:25:00+05:30
1400.0,1400.0,1400.0,1400.0,0.0,1778137200.0,2026-05-07 12:30:00+05:30
1400.0,1400.0,1400.0,1400.0,0.0,1778137500.0,2026-05-07 12:35:00+05:30
1400.0,1400.0,1400.0,1400.0,0.0,1778137800.0,2026-05-07 12:40:00+05:30
1400.0,1400.0,1400.0,1400.0,0.0,1778138100.0,2026-05-07 12:45:00+05:30
1400.0,1400.0,1372.7,1372.7,10.0,1778138400.0,2026-05-07 12:50:00+05:30
1372.7,1372.7,1372.7,1372.7,0.0,1778138700.0,2026-05-07 12:55:00+05:30
1372.7,1372.7,1372.7,1372.7,0.0,1778139000.0,2026-05-07 13:00:00+05:30
1372.7,1372.7,1372.7,1372.7,0.0,1778139300.0,2026-05-07 13:05:00+05:30
1372.7,1372.7,1372.7,1372.7,0.0,1778139600.0,2026-05-07 13:10:00+05:30
1372.7,1372.7,1372.7,1372.7,0.0,1778139900.0,2026-05-07 13:15:00+05:30
1372.7,1372.7,1372.7,1372.7,0.0,1778140200.0,2026-05-07 13:20:00+05:30
1372.7,1372.7,1372.7,1372.7,0.0,1778140500.0,2026-05-07 13:25:00+05:30
1372.7,1372.7,1372.7,1372.7,0.0,1778140800.0,2026-05-07 13:30:00+05:30
1372.7,1372.7,1372.7,1372.7,0.0,1778141100.0,2026-05-07 13:35:00+05:30
1372.7,1372.7,1372.7,1372.7,0.0,1778141400.0,2026-05-07 13:40:00+05:30
1372.7,1372.7,1372.7,1372.7,0.0,1778141700.0,2026-05-07 13:45:00+05:30
1372.7,1372.7,1372.7,1372.7,0.0,1778142000.0,2026-05-07 13:50:00+05:30
1372.7,1372.7,1372.7,1372.7,0.0,1778142300.0,2026-05-07 13:55:00+05:30
1372.7,1372.7,1372.7,1372.7,0.0,1778142600.0,2026-05-07 14:00:00+05:30
1372.7,1372.7,1372.7,1372.7,0.0,1778142900.0,2026-05-07 14:05:00+05:30
1372.7,1372.7,1372.7,1372.7,0.0,1778143200.0,2026-05-07 14:10:00+05:30
1372.7,1372.7,1372.7,1372.7,0.0,1778143500.0,2026-05-07 14:15:00+05:30
1372.7,1372.7,1372.7,1372.7,0.0,1778143800.0,2026-05-07 14:20:00+05:30
1372.7,1372.7,1372.7,1372.7,0.0,1778144100.0,2026-05-07 14:25:00+05:30
1372.7,1372.7,1372.7,1372.7,0.0,1778144400.0,2026-05-07 14:30:00+05:30
1372.7,1372.7,1372.7,1372.7,0.0,1778144700.0,2026-05-07 14:35:00+05:30
1372.7,1372.7,1372.7,1372.7,0.0,1778145000.0,2026-05-07 14:40:00+05:30
1372.7,1372.7,1372.7,1372.7,0.0,1778145300.0,2026-05-07 14:45:00+05:30
1372.7,1372.7,1372.7,1372.7,0.0,1778145600.0,2026-05-07 14:50:00+05:30
1372.7,1372.7,1372.7,1372.7,0.0,1778145900.0,2026-05-07 14:55:00+05:30
1372.7,1372.7,1372.7,1372.7,0.0,1778146200.0,2026-05-07 15:00:00+05:30
1372.7,1372.7,1372.7,1372.7,0.0,1778146500.0,2026-05-07 15:05:00+05:30
1372.7,1372.7,1372.7,1372.7,0.0,1778146800.0,2026-05-07 15:10:00+05:30
1372.7,1372.7,1372.7,1372.7,0.0,1778147100.0,2026-05-07 15:15:00+05:30
1372.7,1372.7,1372.7,1372.7,0.0,1778147400.0,2026-05-07 15:20:00+05:30
1372.7,1372.7,1372.7,1372.7,0.0,1778147700.0,2026-05-07 15:25:00+05:30
1380.1,1380.1,1380.1,1380.1,1.0,1778215320.0,2026-05-08 10:12:00+05:30
1380.1,1380.1,1380.1,1380.1,0.0,1778215500.0,2026-05-08 10:15:00+05:30
1380.1,1381.8,1380.1,1381.8,12.0,1778215800.0,2026-05-08 10:20:00+05:30
1381.8,1419.7,1381.8,1419.7,10.0,1778216100.0,2026-05-08 10:25:00+05:30
1419.7,1419.7,1419.7,1419.7,0.0,1778216400.0,2026-05-08 10:30:00+05:30
1419.7,1419.7,1419.7,1419.7,0.0,1778216700.0,2026-05-08 10:35:00+05:30
1419.7,1419.7,1419.7,1419.7,0.0,1778217000.0,2026-05-08 10:40:00+05:30
1419.7,1419.7,1419.7,1419.7,0.0,1778217300.0,2026-05-08 10:45:00+05:30
1419.7,1419.7,1419.7,1419.7,0.0,1778217600.0,2026-05-08 10:50:00+05:30
1419.7,1419.7,1419.7,1419.7,0.0,1778217900.0,2026-05-08 10:55:00+05:30
1419.7,1419.7,1419.7,1419.7,0.0,1778218200.0,2026-05-08 11:00:00+05:30
1419.7,1419.7,1419.7,1419.7,0.0,1778218500.0,2026-05-08 11:05:00+05:30
1419.7,1419.7,1419.7,1419.7,0.0,1778218800.0,2026-05-08 11:10:00+05:30
1419.7,1419.7,1419.7,1419.7,0.0,1778219100.0,2026-05-08 11:15:00+05:30
1419.7,1419.7,1419.7,1419.7,1.0,1778219400.0,2026-05-08 11:20:00+05:30
1419.7,1419.7,1419.7,1419.7,0.0,1778219700.0,2026-05-08 11:25:00+05:30
1419.7,1419.7,1419.7,1419.7,0.0,1778220000.0,2026-05-08 11:30:00+05:30
1419.7,1419.7,1419.7,1419.7,3.0,1778220300.0,2026-05-08 11:35:00+05:30
1419.7,1419.7,1419.7,1419.7,0.0,1778220600.0,2026-05-08 11:40:00+05:30
1419.7,1419.7,1419.7,1419.7,0.0,1778220900.0,2026-05-08 11:45:00+05:30
1419.7,1419.7,1419.7,1419.7,0.0,1778221200.0,2026-05-08 11:50:00+05:30
1419.7,1419.7,1419.7,1419.7,0.0,1778221500.0,2026-05-08 11:55:00+05:30
1419.7,1419.7,1419.7,1419.7,0.0,1778221800.0,2026-05-08 12:00:00+05:30
1419.7,1419.7,1419.7,1419.7,0.0,1778222100.0,2026-05-08 12:05:00+05:30
1419.7,1419.7,1419.7,1419.7,0.0,1778222400.0,2026-05-08 12:10:00+05:30
1419.7,1419.7,1419.7,1419.7,0.0,1778222700.0,2026-05-08 12:15:00+05:30
1419.7,1419.7,1419.7,1419.7,0.0,1778223000.0,2026-05-08 12:20:00+05:30
1419.7,1419.7,1419.7,1419.7,0.0,1778223300.0,2026-05-08 12:25:00+05:30
1419.7,1419.7,1419.7,1419.7,0.0,1778223600.0,2026-05-08 12:30:00+05:30
1419.7,1419.7,1419.7,1419.7,0.0,1778223900.0,2026-05-08 12:35:00+05:30
1419.7,1419.7,1419.7,1419.7,0.0,1778224200.0,2026-05-08 12:40:00+05:30
1419.7,1419.7,1419.7,1419.7,0.0,1778224500.0,2026-05-08 12:45:00+05:30
1419.7,1419.7,1419.7,1419.7,0.0,1778224800.0,2026-05-08 12:50:00+05:30
1419.7,1419.7,1419.7,1419.7,0.0,1778225100.0,2026-05-08 12:55:00+05:30
1419.7,1419.7,1419.7,1419.7,0.0,1778225400.0,2026-05-08 13:00:00+05:30
1419.7,1419.7,1419.7,1419.7,0.0,1778225700.0,2026-05-08 13:05:00+05:30
1419.7,1419.7,1419.7,1419.7,0.0,1778226000.0,2026-05-08 13:10:00+05:30
1419.7,1419.7,1390.1,1390.1,1.0,1778226300.0,2026-05-08 13:15:00+05:30
1390.1,1390.1,1390.1,1390.1,0.0,1778226600.0,2026-05-08 13:20:00+05:30
1390.1,1390.1,1390.1,1390.1,0.0,1778226900.0,2026-05-08 13:25:00+05:30
1390.1,1390.1,1390.1,1390.1,0.0,1778227200.0,2026-05-08 13:30:00+05:30
1390.1,1400.0,1376.0,1376.0,13.0,1778227500.0,2026-05-08 13:35:00+05:30
1376.0,1376.0,1376.0,1376.0,0.0,1778227800.0,2026-05-08 13:40:00+05:30
1376.0,1376.0,1376.0,1376.0,0.0,1778228100.0,2026-05-08 13:45:00+05:30
1376.0,1376.0,1376.0,1376.0,0.0,1778228400.0,2026-05-08 13:50:00+05:30
1376.0,1376.0,1376.0,1376.0,0.0,1778228700.0,2026-05-08 13:55:00+05:30
1376.0,1376.0,1376.0,1376.0,0.0,1778229000.0,2026-05-08 14:00:00+05:30
1376.0,1376.0,1376.0,1376.0,0.0,1778229300.0,2026-05-08 14:05:00+05:30
1376.0,1376.0,1376.0,1376.0,0.0,1778229600.0,2026-05-08 14:10:00+05:30
1376.0,1414.9,1376.0,1414.9,7.0,1778229900.0,2026-05-08 14:15:00+05:30
1414.9,1414.9,1414.9,1414.9,0.0,1778230200.0,2026-05-08 14:20:00+05:30
1414.9,1414.9,1378.8,1378.8,1.0,1778230500.0,2026-05-08 14:25:00+05:30
1378.8,1378.8,1378.8,1378.8,0.0,1778230800.0,2026-05-08 14:30:00+05:30
1378.8,1378.8,1378.8,1378.8,0.0,1778231100.0,2026-05-08 14:35:00+05:30
1378.8,1378.8,1378.8,1378.8,2.0,1778231400.0,2026-05-08 14:40:00+05:30
1378.8,1378.8,1378.8,1378.8,0.0,1778231700.0,2026-05-08 14:45:00+05:30
1378.8,1378.8,1378.8,1378.8,0.0,1778232000.0,2026-05-08 14:50:00+05:30
1378.8,1378.8,1378.8,1378.8,0.0,1778232300.0,2026-05-08 14:55:00+05:30
1378.8,1378.8,1378.8,1378.8,0.0,1778232600.0,2026-05-08 15:00:00+05:30
1378.8,1378.8,1378.8,1378.8,0.0,1778232900.0,2026-05-08 15:05:00+05:30
1378.8,1378.8,1378.8,1378.8,0.0,1778233200.0,2026-05-08 15:10:00+05:30
1378.8,1378.8,1378.8,1378.8,0.0,1778233500.0,2026-05-08 15:15:00+05:30
1378.8,1378.8,1378.8,1378.8,0.0,1778233800.0,2026-05-08 15:20:00+05:30
1378.8,1378.8,1368.0,1368.0,50.0,1778234100.0,2026-05-08 15:25:00+05:30
1414.7,1414.7,1414.7,1414.7,1.0,1778474160.0,2026-05-11 10:06:00+05:30
1414.7,1414.7,1373.4,1373.4,6.0,1778474400.0,2026-05-11 10:10:00+05:30
1373.4,1373.4,1373.4,1373.4,0.0,1778474700.0,2026-05-11 10:15:00+05:30
1373.4,1373.4,1373.4,1373.4,0.0,1778475000.0,2026-05-11 10:20:00+05:30
1373.4,1373.4,1373.4,1373.4,0.0,1778475300.0,2026-05-11 10:25:00+05:30
1373.4,1373.4,1373.4,1373.4,0.0,1778475600.0,2026-05-11 10:30:00+05:30
1373.4,1373.4,1373.4,1373.4,0.0,1778475900.0,2026-05-11 10:35:00+05:30
1373.4,1373.4,1373.4,1373.4,0.0,1778476200.0,2026-05-11 10:40:00+05:30
1373.4,1373.4,1373.4,1373.4,0.0,1778476500.0,2026-05-11 10:45:00+05:30
1373.4,1373.4,1373.4,1373.4,0.0,1778476800.0,2026-05-11 10:50:00+05:30
1373.4,1373.4,1373.4,1373.4,0.0,1778477100.0,2026-05-11 10:55:00+05:30
1373.4,1373.4,1373.4,1373.4,0.0,1778477400.0,2026-05-11 11:00:00+05:30
1373.4,1373.4,1373.4,1373.4,0.0,1778477700.0,2026-05-11 11:05:00+05:30
1373.4,1373.4,1373.4,1373.4,0.0,1778478000.0,2026-05-11 11:10:00+05:30
1373.4,1373.4,1373.4,1373.4,0.0,1778478300.0,2026-05-11 11:15:00+05:30
1373.4,1373.4,1373.4,1373.4,0.0,1778478600.0,2026-05-11 11:20:00+05:30
1373.4,1373.4,1373.4,1373.4,0.0,1778478900.0,2026-05-11 11:25:00+05:30
1373.4,1373.4,1373.4,1373.4,0.0,1778479200.0,2026-05-11 11:30:00+05:30
1373.4,1373.4,1373.4,1373.4,0.0,1778479500.0,2026-05-11 11:35:00+05:30
1373.4,1373.4,1373.4,1373.4,0.0,1778479800.0,2026-05-11 11:40:00+05:30
1373.4,1373.4,1373.4,1373.4,0.0,1778480100.0,2026-05-11 11:45:00+05:30
1373.4,1373.4,1373.4,1373.4,0.0,1778480400.0,2026-05-11 11:50:00+05:30
1373.4,1373.4,1373.4,1373.4,0.0,1778480700.0,2026-05-11 11:55:00+05:30
1373.4,1373.4,1373.4,1373.4,0.0,1778481000.0,2026-05-11 12:00:00+05:30
1373.4,1373.4,1373.4,1373.4,0.0,1778481300.0,2026-05-11 12:05:00+05:30
1373.4,1373.4,1373.4,1373.4,0.0,1778481600.0,2026-05-11 12:10:00+05:30
1373.4,1373.4,1373.4,1373.4,0.0,1778481900.0,2026-05-11 12:15:00+05:30
1373.4,1373.4,1373.4,1373.4,0.0,1778482200.0,2026-05-11 12:20:00+05:30
1373.4,1373.4,1373.4,1373.4,0.0,1778482500.0,2026-05-11 12:25:00+05:30
1373.4,1373.4,1373.4,1373.4,0.0,1778482800.0,2026-05-11 12:30:00+05:30
1373.4,1373.4,1373.4,1373.4,5.0,1778483100.0,2026-05-11 12:35:00+05:30
1373.4,1373.4,1373.4,1373.4,0.0,1778483400.0,2026-05-11 12:40:00+05:30
1373.4,1373.4,1373.4,1373.4,0.0,1778483700.0,2026-05-11 12:45:00+05:30
1373.4,1373.4,1373.4,1373.4,0.0,1778484000.0,2026-05-11 12:50:00+05:30
1373.4,1373.4,1373.4,1373.4,0.0,1778484300.0,2026-05-11 12:55:00+05:30
1373.4,1373.4,1373.4,1373.4,0.0,1778484600.0,2026-05-11 13:00:00+05:30
1373.4,1373.4,1373.4,1373.4,0.0,1778484900.0,2026-05-11 13:05:00+05:30
1373.4,1373.4,1373.4,1373.4,0.0,1778485200.0,2026-05-11 13:10:00+05:30
1373.4,1373.4,1366.6,1366.6,2.0,1778485500.0,2026-05-11 13:15:00+05:30
1366.6,1366.6,1366.6,1366.6,0.0,1778485800.0,2026-05-11 13:20:00+05:30
1366.6,1366.6,1366.6,1366.6,0.0,1778486100.0,2026-05-11 13:25:00+05:30
1366.6,1366.6,1366.6,1366.6,0.0,1778486400.0,2026-05-11 13:30:00+05:30
1366.6,1366.6,1366.6,1366.6,0.0,1778486700.0,2026-05-11 13:35:00+05:30
1366.6,1366.6,1366.6,1366.6,0.0,1778487000.0,2026-05-11 13:40:00+05:30
1366.6,1366.6,1366.6,1366.6,0.0,1778487300.0,2026-05-11 13:45:00+05:30
1366.6,1366.6,1366.6,1366.6,0.0,1778487600.0,2026-05-11 13:50:00+05:30
1366.6,1366.6,1366.6,1366.6,0.0,1778487900.0,2026-05-11 13:55:00+05:30
1366.6,1366.6,1366.6,1366.6,0.0,1778488200.0,2026-05-11 14:00:00+05:30
1366.6,1366.6,1366.6,1366.6,0.0,1778488500.0,2026-05-11 14:05:00+05:30
1366.6,1366.6,1366.6,1366.6,0.0,1778488800.0,2026-05-11 14:10:00+05:30
1366.6,1366.6,1366.6,1366.6,18.0,1778489100.0,2026-05-11 14:15:00+05:30
1366.6,1366.6,1366.6,1366.6,0.0,1778489400.0,2026-05-11 14:20:00+05:30
1366.6,1366.6,1366.6,1366.6,0.0,1778489700.0,2026-05-11 14:25:00+05:30
1366.6,1366.6,1366.6,1366.6,0.0,1778490000.0,2026-05-11 14:30:00+05:30
1366.6,1366.6,1366.6,1366.6,0.0,1778490300.0,2026-05-11 14:35:00+05:30
1366.6,1366.6,1366.6,1366.6,0.0,1778490600.0,2026-05-11 14:40:00+05:30
1366.6,1366.6,1366.6,1366.6,0.0,1778490900.0,2026-05-11 14:45:00+05:30
1366.6,1366.6,1366.6,1366.6,0.0,1778491200.0,2026-05-11 14:50:00+05:30
1366.6,1366.6,1366.6,1366.6,0.0,1778491500.0,2026-05-11 14:55:00+05:30
1366.6,1366.6,1366.6,1366.6,0.0,1778491800.0,2026-05-11 15:00:00+05:30
1366.6,1366.6,1366.6,1366.6,0.0,1778492100.0,2026-05-11 15:05:00+05:30
1366.6,1366.6,1366.6,1366.6,0.0,1778492400.0,2026-05-11 15:10:00+05:30
1366.6,1366.6,1366.6,1366.6,2.0,1778492700.0,2026-05-11 15:15:00+05:30
1366.6,1366.6,1366.6,1366.6,0.0,1778493000.0,2026-05-11 15:20:00+05:30
1366.6,1366.6,1320.0,1320.0,144.0,1778493300.0,2026-05-11 15:25:00+05:30
