date,open,high,low,close,volume
2021-05-12,479.9,482.4,445.25,456.6,12104730.0
2021-05-14,462.0,462.0,388.55,417.3,53810900.0
2021-05-17,421.0,440.65,412.25,435.5,21659972.0
2021-05-18,445.0,456.3,434.8,439.4,16216804.0
2021-05-19,433.95,440.45,420.3,421.85,12763170.0
2021-05-20,408.5,418.25,390.0,401.05,35292844.0
2021-05-21,405.8,412.5,401.0,403.15,10623656.0
2021-05-24,401.95,404.25,392.0,397.85,10885382.0
2021-05-25,403.0,417.5,403.0,407.65,14180170.0
2021-05-26,402.0,402.0,386.45,389.85,17597454.0
2021-05-27,391.35,402.0,381.2,394.85,14530974.0
2021-05-28,408.45,412.45,393.4,396.1,14341709.0
2021-05-31,395.8,408.4,392.75,407.2,10026676.0
2021-06-01,410.0,410.9,390.25,396.5,13200999.0
2021-06-02,396.4,403.5,396.0,398.8,6350316.0
2021-06-03,402.95,406.5,395.0,397.4,10167620.0
2021-06-04,396.4,401.2,393.65,398.6,6761375.0
2021-06-07,401.25,410.5,400.0,404.75,11066997.0
2021-06-08,407.0,407.5,394.6,401.75,9620313.0
2021-06-09,403.7,407.3,394.45,397.65,7707531.0
2021-06-10,400.5,407.2,399.35,405.45,8660122.0
2021-06-11,409.0,422.4,404.65,421.1,17216758.0
2021-06-14,424.0,428.7,405.95,425.1,15785263.0
2021-06-15,427.9,429.6,420.1,422.5,8374127.0
2021-06-16,420.75,424.6,405.3,407.35,14457301.0
2021-06-17,401.5,411.7,392.35,395.5,10354231.0
2021-06-18,395.0,395.0,365.0,388.35,22497537.0
2021-06-21,376.0,388.5,373.45,381.95,18216426.0
2021-06-22,386.3,395.0,384.55,388.7,9863264.0
2021-06-23,390.45,394.8,383.2,385.2,5167908.0
2021-06-24,386.0,392.2,383.6,386.4,5919171.0
2021-06-25,391.95,401.9,390.25,395.6,10914596.0
2021-06-28,398.0,409.75,394.05,408.35,10910974.0
2021-06-29,408.2,410.7,397.2,398.95,7162050.0
2021-06-30,402.35,408.6,396.2,397.45,8316359.0
2021-07-01,401.0,401.0,392.15,394.8,7915431.0
2021-07-02,396.9,397.0,387.25,388.15,5780873.0
2021-07-05,391.35,396.4,385.35,394.15,5920446.0
2021-07-06,394.0,398.1,387.1,391.0,5032091.0
2021-07-07,393.0,402.6,384.05,400.2,11491655.0
2021-07-08,400.95,401.75,384.3,386.55,9009413.0
2021-07-09,386.0,396.85,383.4,394.75,7768549.0
2021-07-12,398.25,402.5,391.1,392.85,7880289.0
2021-07-13,396.0,401.5,393.7,395.0,5755567.0
2021-07-14,396.0,399.4,392.45,396.05,5006578.0
2021-07-15,397.1,401.1,394.35,397.0,6608656.0
2021-07-16,399.3,408.8,397.5,405.95,10515786.0
2021-07-19,400.0,404.55,390.0,393.45,9945721.0
2021-07-20,395.45,395.45,378.6,380.15,10162199.0
2021-07-22,385.5,396.7,385.0,394.4,9400295.0
2021-07-23,397.7,400.55,394.0,397.7,8459294.0
2021-07-26,437.45,437.45,402.35,403.8,24514886.0
2021-07-27,406.05,423.35,406.0,419.8,18459577.0
2021-07-28,420.1,423.45,407.05,419.7,12069376.0
2021-07-29,421.7,447.0,419.1,437.6,24314941.0
2021-07-30,435.0,443.8,429.4,431.75,10427407.0
2021-08-02,435.0,435.0,422.8,424.5,7334357.0
2021-08-03,425.5,426.6,416.8,421.75,7230759.0
2021-08-04,424.0,432.1,413.65,415.95,9929938.0
2021-08-05,417.95,427.3,410.0,425.35,8561081.0
2021-08-06,424.95,427.15,420.0,421.7,5216193.0
2021-08-09,424.05,428.95,414.2,418.15,7649732.0
2021-08-10,419.0,419.8,396.35,400.45,10550247.0
2021-08-11,405.5,424.9,405.5,421.35,17266941.0
2021-08-12,423.0,426.7,419.05,424.25,6466461.0
2021-08-13,423.0,432.5,414.0,424.25,10182311.0
2021-08-16,422.7,434.95,420.8,430.3,10165396.0
2021-08-17,429.7,433.0,412.9,414.95,10044107.0
2021-08-18,414.95,418.3,403.8,408.0,9405766.0
2021-08-20,391.0,395.5,374.0,376.85,15773398.0
2021-08-23,383.65,385.5,357.6,363.6,16523384.0
2021-08-24,369.95,377.4,367.5,372.75,10065675.0
2021-08-25,375.1,382.65,370.3,375.4,8530532.0
2021-08-26,375.95,377.3,369.0,371.25,7890653.0
2021-08-27,372.0,376.4,370.0,371.5,6693997.0
2021-08-30,376.05,384.9,375.0,381.45,8142482.0
2021-08-31,381.4,383.0,375.95,376.95,10414277.0
2021-09-01,378.95,379.9,368.5,370.8,8361942.0
2021-09-02,371.7,379.9,368.8,377.75,7327328.0
2021-09-03,376.0,394.0,375.5,392.6,11542927.0
2021-09-06,396.9,396.9,386.15,390.3,8303871.0
2021-09-07,393.0,404.8,389.8,399.85,12792717.0
2021-09-08,398.8,403.45,393.05,395.8,6035429.0
2021-09-09,397.5,402.55,395.2,400.35,6072716.0
2021-09-13,402.3,404.45,399.35,403.5,5132723.0
2021-09-14,405.0,408.3,400.25,401.1,5800969.0
2021-09-15,402.55,406.2,399.25,401.9,6194694.0
2021-09-16,404.7,405.9,394.2,395.1,6523771.0
2021-09-17,398.0,398.2,378.3,386.6,12906039.0
2021-09-20,378.5,378.5,349.0,351.1,18657173.0
2021-09-21,352.5,363.7,347.1,361.6,12597294.0
2021-09-22,363.0,371.7,358.85,365.95,7224345.0
2021-09-23,372.0,374.0,369.0,371.15,5410189.0
2021-09-24,372.9,372.9,357.0,359.15,7902775.0
2021-09-27,360.5,362.5,354.05,357.8,5284583.0
2021-09-28,360.0,366.0,356.2,361.4,5705876.0
2021-09-29,358.95,386.8,358.4,382.5,18537905.0
2021-09-30,384.0,394.8,382.2,389.25,11425042.0
2021-10-01,386.65,409.5,379.6,401.7,17193037.0
2021-10-04,404.8,419.9,402.5,418.4,13836045.0
2021-10-05,418.45,425.8,414.3,421.15,10464852.0
2021-10-06,422.0,427.8,407.75,409.65,7957394.0
2021-10-07,414.1,419.8,406.2,407.6,6127096.0
2021-10-08,412.0,425.0,411.75,415.85,9816429.0
2021-10-11,420.05,421.5,412.0,412.9,5070562.0
2021-10-12,413.8,422.75,408.55,418.8,7390169.0
2021-10-13,417.0,442.55,412.0,432.6,14252173.0
2021-10-14,436.1,453.8,432.6,446.5,10695420.0
2021-10-18,451.6,461.0,450.1,452.1,10750659.0
2021-10-19,464.8,472.65,435.3,439.75,12285531.0
2021-10-20,439.75,446.0,427.05,441.2,7341439.0
2021-10-21,444.5,446.2,421.35,433.8,7179385.0
2021-10-22,435.9,436.5,420.9,425.1,5692093.0
2021-10-25,427.15,432.55,415.0,425.3,4519537.0
2021-10-26,428.3,448.9,426.55,445.7,6521650.0
2021-10-27,448.3,448.65,428.85,430.4,4966436.0
2021-10-28,426.5,426.7,408.5,414.15,7937914.0
2021-10-29,410.0,423.5,406.8,417.3,5982825.0
2021-11-01,421.0,434.1,420.5,430.9,4712097.0
2021-11-02,434.0,438.55,417.35,418.9,9190392.0
2021-11-03,423.7,429.2,417.2,422.55,8741833.0
2021-11-04,424.95,425.15,418.45,423.2,421029.0
2021-11-08,426.0,428.0,416.2,424.6,5240000.0
2021-11-09,424.8,431.0,410.3,413.3,11324467.0
2021-11-10,412.0,412.6,397.0,399.25,11428841.0
2021-11-11,402.95,404.9,397.6,401.75,5441641.0
2021-11-12,405.5,407.35,393.05,398.5,6996964.0
2021-11-15,401.6,401.6,387.0,388.3,5942662.0
2021-11-16,386.6,393.55,383.4,385.05,5736307.0
2021-11-17,383.6,390.45,380.45,381.9,4510931.0
2021-11-18,382.0,385.7,367.5,370.05,7052933.0
2021-11-22,371.0,373.0,362.05,368.4,4797124.0
2021-11-23,368.0,385.35,367.8,380.85,6970887.0
2021-11-24,383.0,391.2,379.8,383.05,6334540.0
2021-11-25,382.25,384.7,376.0,381.55,5149021.0
2021-11-26,375.0,376.25,352.35,354.4,8888472.0
2021-11-29,354.4,358.0,340.0,352.65,9338109.0
2021-11-30,352.7,358.9,341.5,343.55,7486278.0
2021-12-01,347.0,351.75,344.25,347.2,8310368.0
2021-12-02,346.6,357.0,343.05,354.05,7496087.0
2021-12-03,355.0,366.95,353.15,359.45,5937967.0
2021-12-06,358.5,365.4,352.9,356.8,5309123.0
2021-12-07,359.6,370.7,359.05,367.95,5908638.0
2021-12-08,373.45,383.0,370.35,381.4,11630602.0
2021-12-09,384.95,392.25,379.1,390.95,7890573.0
2021-12-10,387.9,398.4,385.7,395.45,6916045.0
2021-12-13,409.0,409.0,395.1,395.85,7021123.0
2021-12-14,390.5,401.0,389.6,399.1,5193670.0
2021-12-15,399.0,405.6,395.0,395.9,5197495.0
2021-12-16,398.7,401.95,392.1,395.0,4730287.0
2021-12-17,395.0,398.35,382.5,386.05,5908359.0
2021-12-20,380.0,380.45,357.1,364.15,7368367.0
2021-12-21,370.8,382.15,366.15,378.05,5272426.0
2021-12-22,380.0,383.8,375.65,379.95,2714085.0
2021-12-23,383.0,389.8,382.6,385.55,5102828.0
2021-12-24,386.0,387.55,377.85,384.3,3293420.0
2021-12-27,382.0,383.4,377.2,381.0,2220250.0
2021-12-28,385.0,385.7,381.25,383.2,1855502.0
2021-12-29,383.7,383.75,373.0,376.15,3347746.0
2021-12-30,374.15,379.4,368.75,370.1,2800848.0
2021-12-31,371.0,381.7,371.0,377.25,2721297.0
2022-01-03,379.25,387.4,377.05,385.85,2331615.0
2022-01-04,388.05,390.45,382.0,388.2,3847048.0
2022-01-05,388.0,408.45,386.25,406.4,9891594.0
2022-01-06,404.0,411.1,400.3,402.9,5791462.0
2022-01-07,406.9,408.75,399.6,406.6,3868930.0
2022-01-10,410.4,410.6,402.85,404.3,3564673.0
2022-01-11,400.0,403.7,382.6,383.95,8641956.0
2022-01-12,387.0,394.6,386.55,390.4,3823504.0
2022-01-13,391.5,414.5,391.15,413.2,12631114.0
2022-01-14,411.0,421.4,408.6,418.65,6714395.0
2022-01-17,420.0,423.6,414.55,418.65,5629017.0
2022-01-18,420.0,421.65,400.5,402.4,5251367.0
2022-01-19,402.5,413.6,398.35,409.0,6338539.0
2022-01-20,411.45,420.6,407.85,418.2,5606748.0
2022-01-21,414.0,417.4,401.0,405.15,6469700.0
2022-01-24,402.0,402.65,370.65,376.95,8097592.0
2022-01-25,377.0,383.35,371.3,376.55,5563162.0
2022-01-27,370.0,378.45,361.15,375.5,6635808.0
2022-01-28,380.0,396.75,380.0,382.6,6025485.0
2022-01-31,388.85,390.55,382.65,386.0,4610487.0
2022-02-01,389.7,413.7,386.0,411.15,10377270.0
2022-02-02,414.0,418.5,406.9,416.9,5440855.0
2022-02-03,413.6,425.75,413.3,417.5,6623741.0
2022-02-04,418.7,431.5,417.75,424.4,7140522.0
2022-02-07,426.0,434.3,419.75,421.55,6533398.0
2022-02-08,424.0,429.4,410.5,422.3,7882733.0
2022-02-09,409.7,418.95,401.25,416.5,11868324.0
2022-02-10,418.0,442.1,418.0,440.9,16483464.0
2022-02-11,435.95,444.8,433.8,436.4,9998336.0
2022-02-14,422.35,429.0,402.5,407.65,8907990.0
2022-02-15,409.7,417.6,393.0,415.7,11225764.0
2022-02-16,418.9,420.55,412.3,413.95,5635279.0
2022-02-17,416.05,421.6,409.3,415.4,4835093.0
2022-02-18,412.15,420.75,411.4,413.15,3632694.0
2022-02-21,410.05,423.65,409.0,415.15,6047365.0
2022-02-22,405.5,410.8,395.7,406.45,7263740.0
2022-02-23,410.95,411.95,400.65,403.0,4344345.0
2022-02-24,387.0,395.45,367.75,369.8,9146123.0
2022-02-25,383.45,405.95,375.25,399.75,9564373.0
2022-02-28,394.0,426.4,392.1,424.85,12206595.0
2022-03-02,422.0,452.25,420.75,444.15,13939790.0
2022-03-03,450.0,462.7,443.0,445.1,9613194.0
2022-03-04,447.1,452.8,426.2,435.75,10981256.0
2022-03-07,435.75,446.95,429.15,443.85,9816426.0
2022-03-08,443.85,445.0,426.2,442.0,7848374.0
2022-03-09,445.0,459.2,437.0,449.75,6811358.0
2022-03-10,452.0,470.85,439.9,467.8,11549021.0
2022-03-11,466.0,481.6,465.0,479.25,11870331.0
2022-03-14,484.5,485.7,470.55,476.35,6558924.0
2022-03-15,472.5,474.3,445.8,452.5,8631742.0
2022-03-16,456.5,471.9,454.1,465.1,7602106.0
2022-03-17,473.0,486.6,470.0,477.15,7937854.0
2022-03-21,484.95,494.75,480.65,487.6,7437561.0
2022-03-22,489.45,497.75,483.0,493.1,5845218.0
2022-03-23,498.7,514.35,485.6,510.8,13325630.0
2022-03-24,511.7,529.35,510.8,521.65,10208046.0
2022-03-25,527.7,536.0,523.0,529.65,9882557.0
2022-03-28,529.2,532.8,513.85,519.8,7807323.0
2022-03-29,522.05,540.55,518.6,535.05,8356494.0
2022-03-30,536.0,536.6,515.9,519.85,16990894.0
2022-03-31,521.0,544.4,518.45,532.85,18778369.0
2022-04-01,534.0,537.8,526.2,530.85,7134107.0
2022-04-04,531.25,550.65,531.25,547.45,7806545.0
2022-04-05,551.95,557.85,544.05,545.85,8880806.0
2022-04-06,540.0,563.95,540.0,561.15,7073542.0
2022-04-07,565.0,566.0,548.05,549.9,6844088.0
2022-04-08,552.45,569.5,550.5,562.8,6645250.0
2022-04-11,566.9,577.8,564.45,571.2,6909601.0
2022-04-12,568.95,570.6,545.5,558.25,6939835.0
2022-04-13,560.3,567.7,550.0,552.4,5289646.0
2022-04-18,550.0,558.25,543.25,553.05,4799385.0
2022-04-19,558.85,569.9,545.7,553.75,5597174.0
2022-04-20,556.0,563.25,549.75,556.95,4782655.0
2022-04-21,560.0,560.0,523.35,540.75,14755221.0
2022-04-22,538.0,542.65,533.0,537.85,4747073.0
2022-04-25,529.0,529.65,514.0,526.2,6834922.0
2022-04-26,531.25,534.5,523.05,525.15,5144109.0
2022-04-27,522.05,542.0,518.5,539.85,6986381.0
2022-04-28,544.95,549.15,536.05,545.3,7231399.0
2022-04-29,546.9,551.95,538.15,540.05,4427011.0
2022-05-02,532.05,539.4,520.25,532.85,3966334.0
2022-05-04,537.7,540.0,517.3,520.35,4177538.0
2022-05-05,526.5,536.35,521.4,523.25,4550796.0
2022-05-06,513.0,516.0,498.0,503.8,4617742.0
2022-05-09,492.5,501.9,488.75,497.0,4390524.0
2022-05-10,494.05,497.5,460.5,464.3,6580359.0
2022-05-11,463.0,479.35,458.45,474.65,9760025.0
2022-05-12,469.0,472.0,447.85,461.1,7443538.0
2022-05-13,469.0,481.5,450.95,453.55,8174027.0
2022-05-16,455.95,471.2,452.15,462.3,5915386.0
2022-05-17,468.0,487.15,466.6,483.8,6556427.0
2022-05-18,487.5,487.5,471.6,482.3,6788982.0
2022-05-19,470.0,472.9,452.6,460.75,7409602.0
2022-05-20,475.0,481.7,469.95,478.8,4452873.0
2022-05-23,446.0,447.5,384.05,395.55,29084924.0
2022-05-24,398.0,403.5,383.6,394.0,16039787.0
2022-05-25,397.0,398.3,375.65,381.3,11445512.0
2022-05-26,378.95,396.8,371.25,394.25,12425196.0
2022-05-27,400.0,401.6,388.9,396.45,7727787.0
2022-05-30,401.0,401.3,380.35,386.95,8629539.0
2022-05-31,381.1,392.8,373.75,377.85,65903602.0
2022-06-01,384.95,386.4,373.55,376.2,10235470.0
2022-06-02,379.85,382.8,372.5,377.4,7648378.0
2022-06-03,381.0,383.1,361.9,363.5,8753176.0
2022-06-06,361.0,370.95,355.2,370.1,7039354.0
2022-06-07,368.0,371.55,360.6,365.25,5222981.0
2022-06-08,366.0,377.5,365.8,373.35,7140120.0
2022-06-09,370.0,374.35,365.2,369.55,4095657.0
2022-06-10,365.0,369.3,357.4,367.55,6431099.0
2022-06-13,359.0,361.7,348.3,350.45,5172294.0
2022-06-14,350.05,358.7,346.65,348.25,5636271.0
2022-06-15,351.8,354.95,347.35,348.55,3244368.0
2022-06-16,352.95,355.75,323.9,326.65,6334431.0
2022-06-17,324.0,338.35,319.5,329.2,6958109.0
2022-06-20,328.0,328.85,308.25,313.3,6831046.0
2022-06-21,318.95,329.35,314.05,326.9,4794355.0
2022-06-22,323.9,323.9,304.2,307.45,7723854.0
2022-06-23,309.5,316.15,304.65,309.85,5882772.0
2022-06-24,311.5,318.7,308.0,317.6,5110202.0
2022-06-27,323.0,330.9,321.7,322.5,4424275.0
2022-06-28,323.15,334.25,321.1,333.05,5277001.0
2022-06-29,329.25,341.95,325.7,340.7,7754004.0
2022-06-30,341.9,344.9,325.3,329.25,8520881.0
2022-07-01,326.2,334.6,322.05,332.95,4320099.0
2022-07-04,328.55,334.0,322.0,332.3,3565767.0
2022-07-05,332.3,339.15,328.5,330.6,3778520.0
2022-07-06,328.5,335.1,320.0,333.75,5036395.0
2022-07-07,338.9,352.9,333.6,350.4,5563114.0
2022-07-08,356.0,356.5,338.25,343.4,5508311.0
2022-07-11,341.0,362.15,339.1,350.95,7114822.0
2022-07-12,349.9,353.2,343.35,348.55,3843969.0
2022-07-13,348.55,356.8,347.9,355.35,4412006.0
2022-07-14,355.0,364.3,354.8,361.15,6237397.0
2022-07-15,362.0,362.45,342.8,345.5,6558911.0
2022-07-18,349.05,353.0,341.95,351.5,5679766.0
2022-07-19,351.7,356.0,347.0,352.65,5363422.0
2022-07-20,358.4,364.9,354.1,356.4,5758941.0
2022-07-21,355.75,362.4,353.7,361.65,3848715.0
2022-07-22,364.0,367.15,356.7,360.2,4798188.0
2022-07-25,359.0,371.5,357.25,370.15,4874583.0
2022-07-26,372.45,373.75,359.35,361.7,5313553.0
2022-07-27,360.7,367.6,357.45,366.6,3143228.0
2022-07-28,368.05,379.0,365.25,377.2,5927786.0
2022-07-29,381.1,394.65,379.2,389.05,6695489.0
2022-08-01,390.0,394.8,386.65,390.9,4994897.0
2022-08-02,389.0,389.0,374.3,384.0,4388499.0
2022-08-03,385.5,389.5,372.1,377.65,4211991.0
2022-08-04,380.0,398.0,378.7,382.8,9120232.0
2022-08-05,386.4,395.0,385.15,392.8,4557120.0
2022-08-08,393.0,398.9,390.0,392.15,3259631.0
2022-08-10,393.5,399.85,388.05,396.6,3741687.0
2022-08-11,401.25,401.85,396.3,397.9,2593624.0
2022-08-12,396.2,408.95,396.2,404.35,5092529.0
2022-08-16,406.0,412.65,399.0,409.95,3322782.0
2022-08-17,409.95,413.25,407.05,410.15,2574513.0
2022-08-18,408.4,421.5,404.95,417.55,3285529.0
2022-08-19,421.3,421.9,402.8,403.95,3966371.0
2022-08-22,403.7,403.7,381.5,383.15,3897789.0
2022-08-23,381.0,393.5,377.0,390.8,2409943.0
2022-08-24,390.9,402.55,390.75,397.65,2826665.0
2022-08-25,399.75,410.4,399.0,402.95,5233097.0
2022-08-26,406.65,422.1,405.55,419.65,7885103.0
2022-08-29,409.95,418.8,401.5,416.05,6510150.0
2022-08-30,418.0,434.7,418.0,433.35,5451275.0
2022-09-01,425.65,432.95,422.95,425.8,3641109.0
2022-09-02,424.5,429.35,416.0,418.2,3636829.0
2022-09-05,417.1,428.5,417.1,425.65,2369908.0
2022-09-06,426.95,438.8,423.0,436.7,3822180.0
2022-09-07,433.0,438.55,428.3,432.65,3701548.0
2022-09-08,435.2,437.0,428.25,429.5,1903128.0
2022-09-09,434.3,437.3,423.15,430.95,3478191.0
2022-09-12,433.0,443.7,432.0,441.45,2775392.0
2022-09-13,442.9,449.75,441.2,447.6,2564828.0
2022-09-14,440.85,468.0,439.65,457.15,4716990.0
2022-09-15,455.05,459.45,444.05,446.35,3038619.0
2022-09-16,442.0,449.0,428.6,435.8,4652607.0
2022-09-19,438.0,439.25,428.7,431.65,2707642.0
2022-09-20,433.5,444.45,433.5,438.75,2071257.0
2022-09-21,436.5,439.95,431.0,432.15,1664497.0
2022-09-22,429.15,436.0,422.0,434.25,2550296.0
2022-09-23,433.8,437.25,420.6,425.8,2487778.0
2022-09-26,418.3,423.0,395.0,397.3,4314013.0
2022-09-27,401.0,405.85,386.1,398.6,3195580.0
2022-09-28,394.0,405.25,391.3,403.75,7925698.0
2022-09-29,409.15,422.0,409.15,418.2,6998654.0
2022-09-30,418.45,431.5,417.85,428.6,3400438.0
2022-10-03,428.2,430.4,417.3,419.6,3216345.0
2022-10-04,433.0,440.55,427.1,439.5,3494559.0
2022-10-06,441.7,454.75,440.0,453.0,3200170.0
2022-10-07,453.0,453.0,438.95,446.3,3064718.0
2022-10-10,437.0,447.9,434.1,446.5,1784305.0
2022-10-11,447.0,448.9,426.1,428.55,3590610.0
2022-10-12,430.7,434.5,424.5,432.55,3195372.0
2022-10-13,433.0,439.0,428.6,434.85,1241456.0
2022-10-14,442.0,443.8,434.5,435.85,3756770.0
2022-10-17,430.0,441.05,429.0,439.75,3151261.0
2022-10-18,441.95,444.35,437.0,437.9,2378127.0
2022-10-19,440.1,447.5,437.0,439.75,3038495.0
2022-10-20,439.7,445.65,435.6,443.2,2887362.0
2022-10-21,443.9,447.65,435.95,437.95,2446164.0
2022-10-24,437.95,440.3,432.85,438.35,361513.0
2022-10-25,438.35,456.0,437.0,451.25,5775004.0
2022-10-27,454.3,471.0,454.3,469.45,5530234.0
2022-10-28,469.2,469.4,448.0,453.9,3269810.0
2022-10-31,457.1,461.0,446.25,459.85,2260943.0
2022-11-01,454.35,467.8,454.35,465.0,2103928.0
2022-11-02,465.0,476.9,464.35,470.05,3307547.0
2022-11-03,464.8,474.3,463.5,468.85,2314376.0
2022-11-04,471.0,481.3,470.15,477.35,3810254.0
2022-11-07,482.0,496.8,475.6,494.05,4952724.0
2022-11-09,497.0,498.3,478.2,481.25,3231177.0
2022-11-10,476.3,479.95,471.45,474.85,2578001.0
2022-11-11,476.0,502.5,476.0,498.9,8288340.0
2022-11-14,502.0,517.0,501.35,515.1,5697689.0
2022-11-15,514.0,525.5,511.8,524.05,3041035.0
2022-11-16,525.95,525.95,511.05,514.4,3099871.0
2022-11-17,512.0,519.4,507.2,514.75,2917574.0
2022-11-18,514.9,520.0,510.1,517.75,2955341.0
2022-11-21,522.0,526.5,512.2,516.5,3718235.0
2022-11-22,517.0,524.9,514.25,523.35,3041780.0
2022-11-23,527.15,532.0,520.8,525.5,4968549.0
2022-11-24,526.7,529.0,519.0,522.0,1782095.0
2022-11-25,524.65,524.65,517.5,520.8,1747230.0
2022-11-28,517.8,520.2,505.85,507.2,2593511.0
2022-11-29,507.45,518.0,507.45,515.0,2267533.0
2022-11-30,517.0,539.5,515.0,535.75,9585497.0
2022-12-01,540.0,566.9,537.7,564.5,8938555.0
2022-12-02,564.45,570.8,560.5,564.45,4132768.0
2022-12-05,571.3,573.5,566.05,569.35,2829575.0
2022-12-06,564.0,569.5,561.5,567.5,2722675.0
2022-12-07,569.8,570.1,559.35,560.85,1984033.0
2022-12-08,563.4,566.05,558.0,559.9,3328093.0
2022-12-09,566.0,566.55,539.85,545.8,6294136.0
2022-12-12,541.95,556.65,537.2,554.45,2457350.0
2022-12-13,555.0,558.5,548.7,551.9,1804401.0
2022-12-14,554.55,562.95,554.0,560.55,2154134.0
2022-12-15,560.95,566.0,540.65,542.2,2683159.0
2022-12-16,538.1,549.35,535.2,542.9,2283728.0
2022-12-19,542.9,553.9,542.55,552.6,2461987.0
2022-12-20,547.1,549.8,536.8,546.05,1902685.0
2022-12-21,550.05,561.3,541.3,547.6,3475867.0
2022-12-22,548.75,552.95,537.25,539.85,2300268.0
2022-12-23,535.0,539.0,522.0,524.3,2296625.0
2022-12-26,525.25,537.0,523.55,528.35,2918642.0
2022-12-27,535.05,578.65,532.0,575.95,15063600.0
2022-12-28,572.8,583.95,568.5,578.2,8477148.0
2022-12-29,572.0,597.95,570.1,589.35,5659082.0
2022-12-30,596.2,596.5,576.7,580.6,3524630.0
2023-01-02,585.0,601.9,584.5,594.65,6413541.0
2023-01-03,593.0,604.9,593.0,598.5,4003746.0
2023-01-04,597.9,599.1,581.6,585.55,3627787.0
2023-01-05,589.0,595.5,580.1,593.55,3141675.0
2023-01-06,595.5,599.7,589.0,591.1,2529412.0
2023-01-09,597.0,607.4,595.0,601.6,2609482.0
2023-01-10,601.85,608.4,593.95,599.0,2497380.0
2023-01-11,603.0,610.6,601.0,604.4,2858119.0
2023-01-12,606.0,606.85,598.15,602.65,1745157.0
2023-01-13,604.9,612.8,602.65,610.0,2207887.0
2023-01-16,610.0,611.95,585.5,589.5,3149496.0
2023-01-17,590.0,591.7,579.05,585.85,2648883.0
2023-01-18,588.95,603.5,587.75,601.05,4079261.0
2023-01-19,597.95,606.7,596.3,604.85,2226506.0
2023-01-20,603.8,609.0,597.6,601.1,1255170.0
2023-01-23,602.0,609.7,601.6,603.9,1682585.0
2023-01-24,605.1,606.75,596.8,598.7,1364272.0
2023-01-25,598.0,603.0,590.1,595.35,1796224.0
2023-01-27,596.0,600.0,576.1,588.15,2095603.0
2023-01-30,588.0,596.9,564.95,574.85,1897614.0
2023-01-31,577.75,591.0,577.0,583.55,1637320.0
2023-02-01,580.0,622.75,577.4,608.25,7178955.0
2023-02-02,607.0,610.95,569.45,575.05,4192268.0
2023-02-03,578.0,584.9,569.55,582.65,2797927.0
2023-02-06,582.0,582.0,554.75,556.85,3160759.0
2023-02-07,556.85,571.5,550.35,570.25,2441129.0
2023-02-08,570.35,595.75,570.35,593.2,2811414.0
2023-02-09,595.15,599.35,589.15,597.05,1636859.0
2023-02-10,594.7,595.55,575.45,581.3,2931980.0
2023-02-13,578.0,594.7,578.0,584.9,1963849.0
2023-02-14,588.0,593.0,580.2,589.65,1262160.0
2023-02-15,586.0,596.5,582.5,587.6,1435993.0
2023-02-16,592.65,603.25,590.0,601.65,1632298.0
2023-02-17,600.9,608.85,586.35,590.1,2076033.0
2023-02-20,590.9,600.0,584.75,594.85,1420192.0
2023-02-21,599.0,607.9,586.05,589.3,2143558.0
2023-02-22,589.0,590.55,569.1,573.25,1522960.0
2023-02-23,576.25,586.5,573.0,580.65,1725412.0
2023-02-24,583.6,585.45,558.55,560.3,2316474.0
2023-02-27,559.0,559.0,544.0,553.25,2250348.0
2023-02-28,555.0,556.9,545.65,549.2,5758384.0
2023-03-01,552.4,574.65,552.4,572.45,2725782.0
2023-03-02,567.0,581.8,567.0,576.5,2845459.0
2023-03-03,579.4,591.5,575.1,589.05,2424735.0
2023-03-06,590.4,590.4,577.2,581.7,2431647.0
2023-03-08,575.0,578.85,561.1,574.95,2052190.0
2023-03-09,577.85,589.6,576.65,577.95,1813203.0
2023-03-10,569.0,578.9,564.3,576.3,2026025.0
2023-03-13,580.0,588.8,571.65,575.4,1982153.0
2023-03-14,576.0,578.85,564.15,571.15,1874599.0
2023-03-15,575.5,588.35,575.5,580.15,1873120.0
2023-03-16,574.0,574.4,550.0,553.7,4208636.0
2023-03-17,560.95,574.95,560.1,572.05,3567733.0
2023-03-20,569.95,571.05,549.0,558.55,2873875.0
2023-03-21,562.55,564.7,552.25,559.25,1948525.0
2023-03-22,562.05,565.3,555.9,557.25,1271221.0
2023-03-23,554.5,566.7,552.2,557.2,2281129.0
2023-03-24,557.95,557.95,532.0,534.1,3643046.0
2023-03-27,530.6,543.5,530.6,539.4,2991845.0
2023-03-28,542.2,544.6,535.85,537.55,1355558.0
2023-03-29,538.0,549.2,533.4,546.4,1402975.0
2023-03-31,550.9,554.8,544.55,546.2,2745899.0
2023-04-03,547.9,551.0,539.1,544.2,1182300.0
2023-04-05,542.0,547.8,537.2,543.35,2021436.0
2023-04-06,541.0,548.0,539.75,544.3,1365725.0
2023-04-10,548.7,558.5,548.05,549.5,4240150.0
2023-04-11,553.7,563.9,552.85,562.9,1915083.0
2023-04-12,564.95,567.65,557.6,559.3,1472367.0
2023-04-13,559.3,561.3,555.6,560.4,1395446.0
2023-04-17,560.0,567.0,557.3,560.45,1355214.0
2023-04-18,563.5,568.5,561.35,566.5,1278845.0
2023-04-19,570.0,589.5,566.55,579.85,4824485.0
2023-04-20,579.85,589.0,578.8,584.55,1240024.0
2023-04-21,584.45,586.9,565.95,573.05,2315012.0
2023-04-24,573.0,579.5,569.0,576.6,1065300.0
2023-04-25,576.1,581.1,574.0,575.65,926966.0
2023-04-26,574.25,574.9,563.2,570.4,1535100.0
2023-04-27,570.4,580.9,567.4,579.45,1408423.0
2023-04-28,581.85,585.2,578.0,582.85,1733781.0
2023-05-02,587.0,597.35,582.4,592.75,2060182.0
2023-05-03,594.0,594.8,580.4,588.6,1376005.0
2023-05-04,589.05,600.65,588.65,595.05,1392236.0
2023-05-05,594.0,596.25,582.0,583.1,1511288.0
2023-05-08,587.0,597.0,580.1,592.9,1402955.0
2023-05-09,593.0,604.5,586.3,587.65,1744202.0
2023-05-10,590.0,591.0,580.5,584.75,955848.0
2023-05-11,586.5,588.9,579.1,581.95,1123419.0
2023-05-12,577.35,582.8,573.0,574.15,1255035.0
2023-05-15,574.15,577.9,564.1,575.05,1142120.0
2023-05-16,579.0,580.8,558.45,560.4,2894930.0
2023-05-17,548.0,549.85,530.3,532.1,8830826.0
2023-05-18,532.5,539.25,521.55,523.85,4000851.0
2023-05-19,525.0,526.7,515.4,522.4,3150698.0
2023-05-22,517.1,527.8,516.0,525.15,2039749.0
2023-05-23,525.35,528.75,520.0,520.85,1955175.0
2023-05-24,519.0,520.5,508.75,510.15,1987757.0
2023-05-25,507.6,514.0,503.0,510.6,1811459.0
2023-05-26,511.0,522.5,508.25,520.35,2569828.0
2023-05-29,525.1,534.15,523.25,531.8,2046489.0
2023-05-30,532.0,535.7,521.7,522.8,1953558.0
2023-05-31,519.8,525.15,512.15,517.25,3897562.0
2023-06-01,520.0,520.9,507.95,509.85,2436623.0
2023-06-02,514.45,526.6,512.25,525.35,3652493.0
2023-06-05,529.9,530.0,518.05,525.95,3161259.0
2023-06-06,525.0,528.2,520.55,523.05,2673151.0
2023-06-07,525.0,533.3,522.25,531.5,4463947.0
2023-06-08,534.9,542.0,529.05,530.15,6076512.0
2023-06-09,532.0,533.0,520.5,523.95,2929898.0
2023-06-12,526.0,529.5,521.6,525.8,1935905.0
2023-06-13,528.0,536.95,526.0,533.1,2492673.0
2023-06-14,538.0,545.45,534.25,540.6,3925283.0
2023-06-15,542.5,544.2,534.2,537.05,2271029.0
2023-06-16,540.5,547.95,538.8,544.2,2498994.0
2023-06-19,558.0,581.15,557.45,574.5,8045417.0
2023-06-20,574.5,604.5,571.25,594.15,9508590.0
2023-06-21,594.5,595.2,581.9,583.5,2792440.0
2023-06-22,582.75,586.75,573.55,584.1,3184252.0
2023-06-23,578.0,581.4,567.1,568.85,1927779.0
2023-06-26,569.2,571.9,563.1,567.7,1570497.0
2023-06-27,573.4,583.1,572.0,581.95,2788196.0
2023-06-28,587.45,588.0,575.0,576.1,3170209.0
2023-06-30,576.1,582.9,575.5,581.05,1952542.0
2023-07-03,584.0,598.5,581.15,595.05,2585602.0
2023-07-04,598.05,614.2,591.0,609.1,3730616.0
2023-07-05,614.95,636.0,610.45,624.65,7048198.0
2023-07-06,622.85,622.85,607.75,613.4,4171562.0
2023-07-07,608.95,614.7,602.4,610.2,2427780.0
2023-07-10,611.0,633.5,609.5,626.35,3732186.0
2023-07-11,629.9,634.0,625.0,626.5,3174731.0
2023-07-12,631.95,634.0,617.0,621.7,8106836.0
2023-07-13,632.0,637.0,621.9,633.55,4206123.0
2023-07-14,641.0,645.0,634.0,641.6,3141648.0
2023-07-17,642.4,650.5,634.6,637.9,2360840.0
2023-07-18,638.0,640.4,625.95,634.1,3150574.0
2023-07-19,637.0,643.6,634.45,640.05,1669578.0
2023-07-20,642.05,642.85,636.1,637.35,1074533.0
2023-07-21,636.45,640.4,627.0,628.1,2470457.0
2023-07-24,630.95,633.15,625.0,629.35,997795.0
2023-07-25,635.7,667.95,633.65,664.7,4624289.0
2023-07-26,668.0,668.0,652.2,657.6,3382159.0
2023-07-27,661.55,665.8,656.65,659.8,1613361.0
2023-07-28,659.8,667.35,646.05,665.3,1822173.0
2023-07-31,665.7,674.2,662.5,668.75,3576640.0
2023-08-01,670.0,675.55,668.0,671.45,1671929.0
2023-08-02,669.9,669.95,636.05,644.0,2217769.0
2023-08-03,647.0,649.95,638.4,646.6,1198816.0
2023-08-04,648.0,664.3,647.55,652.7,1791378.0
2023-08-07,657.85,660.0,649.7,657.45,1173349.0
2023-08-08,655.3,665.0,655.25,658.0,1698850.0
2023-08-09,659.5,680.95,658.05,678.95,4279101.0
2023-08-10,677.55,682.7,673.0,676.35,1931514.0
2023-08-11,675.5,700.0,664.05,698.2,4115696.0
2023-08-14,690.0,691.2,658.15,662.25,4487444.0
2023-08-16,662.25,662.3,642.0,647.95,1988425.0
2023-08-17,647.95,653.5,640.55,645.2,1552598.0
2023-08-18,645.95,647.1,637.4,641.05,1506231.0
2023-08-21,647.0,655.0,643.4,653.6,1537449.0
2023-08-22,655.0,658.7,649.25,655.85,1267288.0
2023-08-23,658.0,665.8,654.0,660.75,1270336.0
2023-08-24,666.5,669.15,647.0,649.1,2462684.0
2023-08-25,645.95,645.95,633.0,634.4,1949633.0
2023-08-28,637.9,660.45,636.1,655.85,2826926.0
2023-08-29,660.0,679.7,658.0,676.3,3200989.0
2023-08-30,680.0,683.5,671.8,673.6,1649655.0
2023-08-31,675.1,688.9,673.3,684.5,2742132.0
2023-09-01,687.75,713.7,686.5,701.1,3821673.0
2023-09-04,707.0,711.0,702.0,707.2,2637822.0
2023-09-05,705.0,716.7,695.1,712.55,2407991.0
2023-09-06,710.65,711.0,697.0,702.45,1685851.0
2023-09-07,702.4,707.75,698.95,703.5,1239661.0
2023-09-08,703.9,707.1,695.5,698.3,1515441.0
2023-09-11,707.7,719.45,701.0,713.55,2667702.0
2023-09-12,719.25,719.25,683.8,685.85,2141183.0
2023-09-13,688.05,696.5,680.0,691.8,1295559.0
2023-09-14,697.85,716.5,695.3,711.05,2396980.0
2023-09-15,717.35,722.8,708.75,711.45,2256202.0
2023-09-18,709.0,709.0,700.2,702.1,1227630.0
2023-09-20,700.0,703.35,684.0,688.95,1963443.0
2023-09-21,688.0,691.1,678.0,689.05,1374769.0
2023-09-22,686.1,693.0,678.8,683.2,1966991.0
2023-09-25,687.0,698.9,682.8,695.2,1127597.0
2023-09-26,693.0,706.45,691.05,693.7,1267372.0
2023-09-27,693.05,697.3,682.1,692.75,1491241.0
2023-09-28,690.75,697.0,680.0,681.85,1403765.0
2023-09-29,686.3,705.7,686.3,701.35,1418848.0
2023-10-03,698.05,701.7,690.0,699.55,1378867.0
2023-10-04,691.3,694.8,672.45,678.8,2373015.0
2023-10-05,682.05,684.85,675.0,677.85,957466.0
2023-10-06,687.95,698.0,681.35,683.45,3259891.0
2023-10-09,677.95,680.0,663.55,676.55,1118794.0
2023-10-10,680.05,698.45,677.8,693.2,1882578.0
2023-10-11,698.25,701.5,690.45,692.55,1677423.0
2023-10-12,692.2,699.5,688.1,691.7,1231595.0
2023-10-13,685.0,687.7,675.0,681.5,1497291.0
2023-10-16,680.0,697.25,676.7,691.85,1436740.0
2023-10-17,696.85,701.75,691.0,692.85,873111.0
2023-10-18,694.0,705.7,682.15,683.45,2257558.0
2023-10-19,679.0,679.0,666.65,675.0,1947640.0
2023-10-20,672.0,674.85,660.6,662.4,1425240.0
2023-10-23,662.5,664.0,637.05,640.15,1313725.0
2023-10-25,650.0,661.9,646.25,651.45,2490628.0
2023-10-26,648.0,648.65,638.0,645.05,2320101.0
2023-10-27,650.05,655.0,640.55,643.9,1452775.0
2023-10-30,645.0,649.0,641.2,643.65,1093581.0
2023-10-31,646.2,648.35,628.5,633.8,2027458.0
2023-11-01,611.0,618.65,581.6,585.05,12209864.0
2023-11-02,589.0,593.0,584.1,589.5,2721333.0
2023-11-03,595.0,601.45,591.85,596.9,1769085.0
2023-11-06,602.1,626.9,597.25,622.2,5492143.0
2023-11-07,622.5,633.5,620.0,630.35,3715097.0
2023-11-08,631.0,633.15,623.8,628.8,1694691.0
2023-11-09,629.8,633.55,622.4,624.7,1657746.0
2023-11-10,623.55,637.85,621.6,636.9,1839288.0
2023-11-12,640.45,641.0,633.6,635.95,199706.0
2023-11-13,636.0,644.35,633.7,636.7,1149105.0
2023-11-15,647.2,658.2,642.6,648.3,2491752.0
2023-11-16,648.1,651.05,642.5,647.2,857041.0
2023-11-17,648.9,655.0,646.0,647.1,1575247.0
2023-11-20,650.0,654.3,648.0,649.8,939835.0
2023-11-21,656.4,660.5,652.7,654.65,1260954.0
2023-11-22,655.8,656.0,649.5,651.6,778796.0
2023-11-23,652.5,657.55,647.2,651.7,1468486.0
2023-11-24,654.0,661.4,652.25,660.3,1526716.0
2023-11-28,662.0,670.05,655.5,668.4,2568165.0
2023-11-29,669.15,672.4,662.15,668.55,1272051.0
2023-11-30,668.2,674.75,665.6,670.8,1865635.0
2023-12-01,678.0,693.3,671.05,692.2,2180409.0
2023-12-04,695.0,699.0,678.45,681.5,2037749.0
2023-12-05,680.5,683.95,674.3,677.9,3878993.0
2023-12-06,680.0,691.5,674.35,686.85,2255716.0
2023-12-07,687.9,692.15,679.5,684.0,1730038.0
2023-12-08,684.0,697.45,676.4,686.25,2131802.0
2023-12-11,687.25,728.0,685.0,719.25,6574569.0
2023-12-12,725.0,753.0,724.6,747.85,9128866.0
2023-12-13,752.0,755.95,742.0,746.55,3476358.0
2023-12-14,759.9,767.9,732.05,735.35,4246726.0
2023-12-15,740.0,745.45,721.8,724.4,2971250.0
2023-12-18,721.0,739.85,708.25,734.85,2612438.0
2023-12-19,736.85,737.65,722.2,729.4,1688901.0
2023-12-20,732.0,733.9,692.75,697.55,2151830.0
2023-12-21,692.0,710.0,685.05,706.05,1459098.0
2023-12-22,710.15,730.5,707.2,726.4,2392981.0
2023-12-26,735.0,739.15,727.0,729.7,1645139.0
2023-12-27,730.45,737.85,727.0,733.7,1180034.0
2023-12-28,737.35,741.8,732.35,736.35,2446647.0
2023-12-29,737.8,750.0,732.35,748.1,2288552.0
2024-01-01,752.0,753.5,741.15,744.0,1153090.0
2024-01-02,744.0,747.85,730.0,743.2,844656.0
2024-01-03,741.0,741.0,723.45,732.0,1578330.0
2024-01-04,734.9,751.6,732.95,744.95,1762967.0
2024-01-05,745.0,755.5,730.05,735.75,1749327.0
2024-01-08,738.95,740.35,715.2,717.15,1313588.0
2024-01-09,723.75,736.0,722.1,728.1,1249816.0
2024-01-10,726.0,733.0,713.75,731.0,1049880.0
2024-01-11,734.75,739.7,730.0,732.45,969483.0
2024-01-12,735.0,741.8,729.1,735.9,999941.0
2024-01-15,738.3,739.7,726.15,735.05,842890.0
2024-01-16,735.65,756.95,729.0,749.75,2676909.0
2024-01-17,739.95,739.95,718.0,722.1,2797056.0
2024-01-18,722.0,728.2,701.1,719.7,1775563.0
2024-01-19,725.0,733.0,721.05,729.25,1551868.0
2024-01-20,735.0,737.95,726.4,729.75,876767.0
2024-01-23,736.0,738.0,692.0,694.65,1346480.0
2024-01-24,696.35,711.55,687.8,706.3,2874944.0
2024-01-25,712.85,719.5,700.35,716.3,1861827.0
2024-01-29,723.0,733.85,715.0,730.75,2034288.0
2024-01-30,731.05,760.95,731.05,746.2,3228263.0
2024-01-31,748.0,763.55,747.0,757.15,1920453.0
2024-02-01,766.75,769.0,732.85,742.45,3539486.0
2024-02-02,747.0,782.2,746.2,776.0,5419790.0
2024-02-05,781.9,781.9,758.05,763.1,3291771.0
2024-02-06,768.0,784.85,751.1,781.2,2564978.0
2024-02-07,789.05,804.45,776.6,780.65,3673374.0
2024-02-08,784.8,795.0,770.05,776.95,2204316.0
2024-02-09,775.5,776.95,741.85,761.45,1878921.0
2024-02-12,761.45,770.9,737.35,743.5,1413841.0
2024-02-13,743.0,743.0,708.7,736.55,2298299.0
2024-02-14,720.0,760.65,720.0,758.15,2320373.0
2024-02-15,763.0,773.95,755.5,765.2,2095811.0
2024-02-16,769.0,779.6,766.15,769.5,1192225.0
2024-02-19,772.0,773.95,757.05,759.0,1242531.0
2024-02-20,763.0,768.0,753.0,760.0,1719670.0
2024-02-21,773.0,785.0,761.85,771.5,3824236.0
2024-02-22,777.6,787.5,774.2,783.7,3526557.0
2024-02-23,791.5,795.8,784.1,786.55,3093797.0
2024-02-26,787.1,787.35,768.0,771.3,1209173.0
2024-02-27,774.4,785.0,768.8,776.1,1359840.0
2024-02-28,778.05,781.4,752.85,755.25,973881.0
2024-02-29,758.05,779.6,755.95,776.25,2501678.0
2024-03-01,780.5,825.0,775.45,822.85,5256259.0
2024-03-02,825.1,844.85,823.6,838.5,477622.0
2024-03-04,837.85,849.5,826.0,839.45,2856051.0
2024-03-05,839.45,840.55,822.0,824.45,1537610.0
2024-03-06,826.7,833.95,801.4,830.15,2246235.0
2024-03-07,833.0,851.0,832.2,839.0,2176087.0
2024-03-11,845.0,845.0,823.6,827.75,1424721.0
2024-03-12,827.75,832.9,800.65,807.15,1646471.0
2024-03-13,807.5,814.7,760.2,764.2,2175250.0
2024-03-14,764.95,784.9,756.5,781.6,2278644.0
2024-03-15,780.0,783.1,760.9,767.75,2415351.0
2024-03-18,767.75,810.9,767.75,808.0,4040803.0
2024-03-19,806.0,817.05,790.6,794.25,2528299.0
2024-03-20,798.9,803.4,774.95,782.35,1272564.0
2024-03-21,798.1,823.4,778.1,821.55,3440279.0
2024-03-22,818.95,835.8,813.4,832.9,2059744.0
2024-03-26,842.9,867.7,835.25,837.2,3545906.0
2024-03-27,841.0,843.9,826.95,833.1,1467887.0
2024-03-28,836.05,854.0,836.0,849.15,1751216.0
2024-04-01,858.0,873.5,855.15,868.35,2179459.0
2024-04-02,875.0,900.0,857.3,896.9,4087436.0
2024-04-03,892.7,916.9,889.3,902.4,3171054.0
2024-04-04,908.5,915.0,898.6,903.35,1634219.0
2024-04-05,902.5,921.5,888.05,915.75,3185781.0
2024-04-08,916.1,924.15,903.65,911.55,1660694.0
2024-04-09,912.1,927.0,899.0,902.55,2510871.0
2024-04-10,911.0,911.05,891.65,897.75,7432694.0
2024-04-12,900.95,907.9,891.2,897.55,1101942.0
2024-04-15,892.55,913.0,876.05,893.75,2487303.0
2024-04-16,892.0,909.2,883.0,901.8,1559770.0
2024-04-18,906.15,936.0,899.2,905.85,3288107.0
2024-04-19,900.0,931.95,885.8,927.25,3869393.0
2024-04-22,935.8,945.35,915.3,917.65,1754331.0
2024-04-23,921.9,922.45,905.1,909.85,1014238.0
2024-04-24,914.75,944.45,911.15,936.5,3633914.0
2024-04-25,935.75,945.0,926.05,942.25,2839898.0
2024-04-26,942.0,946.9,926.45,931.85,1823107.0
2024-04-29,935.0,945.0,930.5,942.1,1286958.0
2024-04-30,947.0,948.6,926.0,929.65,1917697.0
2024-05-02,934.0,953.9,930.7,941.85,1615306.0
2024-05-03,948.5,960.0,923.45,931.5,3031130.0
2024-05-06,935.95,949.7,917.4,936.0,1978042.0
2024-05-07,937.0,938.8,916.0,924.05,2914141.0
2024-05-08,923.7,948.1,911.0,943.6,1732112.0
2024-05-09,945.05,947.95,916.1,921.3,1097509.0
2024-05-10,925.85,936.85,915.95,930.55,835091.0
2024-05-13,931.7,942.2,908.6,939.45,1965933.0
2024-05-14,939.5,983.3,930.85,978.45,6840175.0
2024-05-15,987.0,998.7,975.45,993.55,2292776.0
2024-05-16,996.0,1009.95,993.45,1005.25,3747123.0
2024-05-17,1005.0,1028.0,1002.0,1015.5,1708670.0
2024-05-18,1024.7,1024.7,1010.05,1016.65,114170.0
2024-05-21,1014.0,1075.0,1014.0,1068.95,3541313.0
2024-05-22,1077.9,1085.95,1058.6,1077.7,2169567.0
2024-05-23,1065.0,1076.75,1050.1,1074.05,1299470.0
2024-05-24,1069.1,1083.1,1059.5,1069.2,795828.0
2024-05-27,1071.0,1079.9,1056.6,1059.3,1283259.0
2024-05-28,1063.2,1068.0,1043.95,1052.6,702188.0
2024-05-29,1049.05,1051.15,1030.25,1038.55,1540923.0
2024-05-30,1027.2,1040.15,1023.9,1031.2,838030.0
2024-05-31,1036.2,1046.65,1016.6,1028.15,3245379.0
2024-06-03,1080.0,1080.0,1049.0,1057.45,2006398.0
2024-06-04,1030.0,1037.0,901.2,960.15,5964333.0
2024-06-05,978.9,1013.65,928.25,1006.25,3384707.0
2024-06-06,1016.1,1035.0,1000.0,1029.55,2465243.0
2024-06-07,1030.0,1042.35,1021.15,1026.95,2354471.0
2024-06-10,1033.8,1033.8,1004.6,1012.15,2412594.0
2024-06-11,1010.0,1019.0,1001.6,1008.9,1220832.0
2024-06-12,1012.9,1037.85,1005.15,1027.7,2853655.0
2024-06-13,1039.0,1053.0,1036.4,1041.25,1162049.0
2024-06-14,1043.5,1059.25,1036.0,1052.45,2722106.0
2024-06-18,1060.95,1060.95,1024.2,1034.25,2798849.0
2024-06-19,1043.9,1050.95,1029.0,1046.95,2074723.0
2024-06-20,1051.0,1074.9,1044.3,1056.4,2379619.0
2024-06-21,1065.0,1097.0,1050.25,1077.25,3775241.0
2024-06-24,1077.5,1077.5,1045.1,1070.9,3374848.0
2024-06-25,1077.5,1081.0,1049.05,1064.05,2287648.0
2024-06-26,1064.05,1064.05,1042.35,1047.1,1089927.0
2024-06-27,1050.5,1059.0,1029.15,1047.35,1596848.0
2024-06-28,1047.35,1061.0,1041.3,1044.4,2370605.0
2024-07-01,1045.0,1075.2,1042.25,1059.5,2903887.0
2024-07-02,1066.05,1066.5,1038.1,1045.1,1415238.0
2024-07-03,1046.7,1055.9,1044.75,1050.3,1580996.0
2024-07-04,1058.0,1063.0,1047.4,1055.45,885590.0
2024-07-05,1050.05,1063.3,1047.7,1050.5,1445408.0
2024-07-08,1050.55,1054.45,1023.5,1025.95,1417503.0
2024-07-09,1030.0,1041.35,1012.9,1021.85,1371213.0
2024-07-10,1023.0,1026.3,992.0,1007.85,2245736.0
2024-07-11,1008.0,1025.85,1008.0,1014.55,1842467.0
2024-07-12,1016.0,1019.0,1005.7,1013.9,907800.0
2024-07-15,1017.9,1020.75,1002.85,1008.5,1118459.0
2024-07-16,1014.0,1028.0,1008.4,1010.05,1706821.0
2024-07-18,1014.9,1014.9,976.4,989.95,4764249.0
2024-07-19,984.95,987.5,944.45,946.35,2974059.0
2024-07-22,942.0,958.55,930.35,952.6,2489828.0
2024-07-23,955.2,961.6,927.25,952.8,1397714.0
2024-07-24,952.8,974.95,945.85,972.45,2385985.0
2024-07-25,940.0,954.3,918.9,937.8,5020305.0
2024-07-26,947.2,973.5,942.3,972.35,3121650.0
2024-07-29,979.5,982.8,963.5,966.9,1596044.0
2024-07-30,966.9,981.65,956.1,976.5,1215074.0
2024-07-31,990.0,992.0,980.15,988.25,984608.0
2024-08-01,996.0,1006.65,975.2,983.3,1242869.0
2024-08-02,969.0,974.65,953.15,956.75,1982275.0
2024-08-05,937.9,946.05,903.45,917.85,3333943.0
2024-08-06,919.1,936.45,919.1,925.35,2794386.0
2024-08-07,936.0,949.85,925.1,946.4,2262015.0
2024-08-08,938.0,938.0,915.0,919.15,2204897.0
2024-08-09,926.8,937.0,913.55,916.2,1479733.0
2024-08-12,914.95,920.6,902.2,918.1,2379658.0
2024-08-13,921.5,927.85,905.0,908.95,1449141.0
2024-08-14,908.95,931.95,896.0,929.75,3795523.0
2024-08-16,935.0,941.25,926.05,934.5,1074486.0
2024-08-19,944.3,957.6,931.15,953.75,1245922.0
2024-08-20,957.0,959.15,935.0,949.65,999577.0
2024-08-21,949.65,959.9,944.0,957.6,832903.0
2024-08-22,957.45,968.0,948.0,965.75,1141606.0
2024-08-23,969.0,969.0,957.8,959.85,853881.0
2024-08-26,965.0,987.85,960.15,985.6,1183617.0
2024-08-27,985.5,986.1,966.95,968.8,983842.0
2024-08-28,974.6,975.0,963.0,968.9,914225.0
2024-08-29,964.0,967.0,948.55,960.5,1052201.0
2024-08-30,961.3,976.0,960.9,970.4,2683048.0
2024-09-02,975.0,980.85,959.0,965.35,1048122.0
2024-09-03,965.0,969.35,946.05,948.25,972264.0
2024-09-04,935.0,953.35,929.05,945.6,1578965.0
2024-09-05,947.0,955.65,942.6,950.5,787383.0
2024-09-06,950.5,969.7,937.8,953.95,1314912.0
2024-09-09,953.95,965.35,933.0,945.8,1877070.0
2024-09-10,950.0,973.45,949.6,962.0,1905394.0
2024-09-11,960.0,970.9,951.3,966.9,1675589.0
2024-09-12,980.95,1014.0,972.15,1004.65,2998825.0
2024-09-13,1010.1,1035.7,1008.75,1031.1,2806536.0
2024-09-16,1036.0,1049.0,1024.9,1043.1,1958439.0
2024-09-17,1044.0,1073.7,1033.05,1052.75,2217260.0
2024-09-18,1045.55,1054.85,1017.55,1024.85,1777856.0
2024-09-19,1035.25,1043.7,997.55,1002.8,4880849.0
2024-09-20,1015.65,1041.45,1003.6,1009.4,3076614.0
2024-09-23,1015.0,1024.0,1008.6,1021.35,1448077.0
2024-09-24,1032.0,1053.0,1032.0,1041.55,2777479.0
2024-09-25,1053.0,1054.75,1018.5,1020.8,2564667.0
2024-09-26,1027.0,1035.7,1013.8,1028.25,1903363.0
2024-09-27,1036.0,1048.9,1011.1,1028.05,3002247.0
2024-09-30,1038.0,1058.85,1023.55,1039.65,3037535.0
2024-10-01,1050.0,1050.0,1019.45,1035.35,2382544.0
2024-10-03,1030.0,1069.0,1027.05,1051.05,6213074.0
2024-10-04,1055.0,1057.85,1013.4,1021.1,2138207.0
2024-10-07,1026.05,1030.7,987.1,1000.6,1714125.0
2024-10-08,999.0,999.0,965.0,982.9,2614906.0
2024-10-09,985.5,1009.65,965.55,999.5,2166137.0
2024-10-10,1008.7,1034.2,986.0,990.75,1415371.0
2024-10-11,989.0,1014.0,989.0,1005.85,1834521.0
2024-10-14,1006.05,1017.1,984.35,993.15,1949682.0
2024-10-15,996.95,999.55,965.0,968.7,7070247.0
2024-10-16,965.0,971.95,950.05,960.25,7109924.0
2024-10-17,959.0,961.95,915.0,930.0,5120919.0
2024-10-18,929.8,973.2,923.7,964.5,2696607.0
2024-10-21,969.15,973.65,946.0,948.95,1659103.0
2024-10-22,948.0,952.45,906.1,910.25,1988814.0
2024-10-23,924.9,925.7,896.75,915.45,1874744.0
2024-10-24,918.7,935.65,909.05,924.3,3186168.0
2024-10-25,924.3,927.0,882.0,899.05,2311184.0
2024-10-28,899.0,924.85,891.55,919.0,962918.0
2024-10-29,924.0,924.0,896.45,915.05,1624416.0
2024-10-30,911.65,930.4,904.55,919.0,805681.0
2024-10-31,919.0,931.7,911.55,920.5,1116203.0
2024-11-01,927.9,935.4,922.4,929.5,228890.0
2024-11-04,932.0,933.9,897.8,909.2,1031272.0
2024-11-05,909.0,939.0,905.15,936.05,2270819.0
2024-11-06,942.0,955.5,928.0,951.85,2513894.0
2024-11-07,955.0,968.95,929.6,947.6,2917302.0
2024-11-08,947.6,955.5,920.15,928.05,1185483.0
2024-11-11,923.0,929.8,904.55,906.85,1299909.0
2024-11-12,906.85,915.95,883.2,887.0,2703824.0
2024-11-13,881.0,884.9,855.0,858.65,2232128.0
2024-11-14,859.75,888.0,859.0,877.4,1864763.0
2024-11-18,880.0,903.95,875.25,886.75,1348925.0
2024-11-19,886.95,890.85,862.35,865.4,1585170.0
2024-11-21,868.0,879.95,857.35,871.2,1330047.0
2024-11-22,873.7,884.0,858.5,878.95,895312.0
2024-11-25,887.7,898.15,870.05,877.25,5649588.0
2024-11-26,875.0,898.6,870.95,892.8,1423292.0
2024-11-27,892.8,894.2,881.25,889.55,819382.0
2024-11-28,894.0,903.8,885.5,897.0,1325547.0
2024-11-29,899.0,912.5,892.0,906.45,1082644.0
2024-12-02,906.0,921.0,897.2,918.55,988585.0
2024-12-03,925.95,935.6,919.05,925.8,1636042.0
2024-12-04,925.0,937.0,920.45,935.5,1147200.0
2024-12-05,935.55,942.85,924.35,934.45,1159145.0
2024-12-06,935.0,951.75,932.65,949.1,1179083.0
2024-12-09,950.05,969.6,945.2,967.2,1433142.0
2024-12-10,973.9,1011.45,973.0,1002.35,4608726.0
2024-12-11,998.0,1008.4,990.3,994.65,1284435.0
2024-12-12,1000.0,1006.0,987.05,1000.25,1331800.0
2024-12-13,997.0,1000.8,974.15,998.75,1575356.0
2024-12-16,993.0,1000.4,968.9,976.1,1420965.0
2024-12-17,972.0,981.65,947.75,951.5,885850.0
2024-12-18,960.0,961.65,926.85,931.45,946566.0
2024-12-19,907.0,925.0,907.0,922.4,726533.0
2024-12-20,925.0,934.4,904.0,908.05,1099720.0
2024-12-23,925.0,947.5,883.35,940.8,3310719.0
2024-12-24,939.0,946.55,930.0,942.7,1638333.0
2024-12-26,938.0,945.0,924.75,941.35,1163046.0
2024-12-27,939.0,949.45,921.35,923.55,699559.0
2024-12-30,920.7,925.35,909.0,918.3,3283259.0
2024-12-31,911.5,935.5,911.5,930.7,1135095.0
2025-01-01,925.4,939.5,918.6,938.1,591839.0
2025-01-02,932.0,947.0,930.3,941.7,1107101.0
2025-01-03,940.5,962.1,939.3,957.85,1702255.0
2025-01-06,957.8,957.8,926.65,939.35,1881095.0
2025-01-07,935.1,954.7,935.1,941.45,1057467.0
2025-01-08,937.0,947.75,930.15,942.55,1719232.0
2025-01-09,940.85,941.65,921.0,931.55,1652891.0
2025-01-10,930.0,931.55,911.05,917.7,965180.0
2025-01-13,913.05,918.55,871.05,876.7,1916830.0
2025-01-14,878.9,922.4,878.9,909.9,2581715.0
2025-01-15,915.1,919.25,898.15,910.25,1733336.0
2025-01-16,919.0,932.5,911.5,917.85,1399598.0
2025-01-17,915.0,930.9,912.6,924.65,1374068.0
2025-01-20,927.8,939.9,910.65,933.8,1226037.0
2025-01-21,940.0,940.0,915.5,918.9,813070.0
2025-01-22,925.0,927.75,877.35,896.8,1613414.0
2025-01-23,896.0,906.0,889.25,893.0,1097278.0
2025-01-24,899.0,908.0,881.0,882.8,2053984.0
2025-01-27,876.6,876.6,838.2,842.65,2260090.0
2025-01-28,849.95,858.75,825.55,841.1,855671.0
2025-01-29,846.0,855.85,836.7,849.0,551268.0
2025-01-30,849.0,864.2,821.3,840.05,1970355.0
2025-01-31,785.05,796.8,723.35,791.55,22676494.0
2025-02-01,792.05,807.8,755.2,776.35,4262499.0
2025-02-03,769.0,813.3,750.4,807.7,7785004.0
2025-02-04,813.5,827.1,799.0,801.6,2771274.0
2025-02-05,810.2,824.0,804.2,818.85,1895088.0
2025-02-06,822.4,826.1,806.2,809.35,1073064.0
2025-02-07,809.95,848.7,809.95,844.55,6993440.0
2025-02-10,841.0,843.15,818.3,840.6,1744941.0
2025-02-11,835.0,851.0,827.65,834.5,2851850.0
2025-02-12,825.0,835.0,801.35,829.35,4696962.0
2025-02-13,825.1,854.0,825.1,840.5,1584072.0
2025-02-14,844.0,858.0,814.45,833.3,3127767.0
2025-02-17,825.0,841.95,813.35,837.65,3000527.0
2025-02-18,835.1,849.6,825.3,846.95,1253438.0
2025-02-19,840.0,862.0,838.05,860.1,1378738.0
2025-02-20,852.1,882.5,852.1,879.3,1283212.0
2025-02-21,872.8,887.1,863.25,880.35,4152422.0
2025-02-24,868.1,887.4,855.1,862.25,1686346.0
2025-02-25,855.15,872.35,854.0,856.8,1648058.0
2025-02-27,853.0,872.55,847.45,862.0,1967080.0
2025-02-28,850.0,866.2,842.4,856.15,7714704.0
2025-03-03,852.0,876.55,846.25,854.35,2828636.0
2025-03-04,854.0,872.0,842.55,867.3,1266558.0
2025-03-05,861.0,896.0,861.0,891.65,2371535.0
2025-03-06,902.0,920.0,894.05,914.6,3101315.0
2025-03-07,912.0,925.05,905.25,908.95,2083657.0
2025-03-10,909.0,933.8,900.6,905.3,3073227.0
2025-03-11,892.5,909.5,892.5,904.85,2786479.0
2025-03-12,908.45,915.45,881.55,903.05,1325797.0
2025-03-13,905.75,909.3,885.7,889.7,1009777.0
2025-03-17,892.0,905.75,889.7,897.25,1163494.0
2025-03-18,905.8,927.0,898.2,923.5,1363602.0
2025-03-19,937.05,943.75,920.3,925.0,2402675.0
2025-03-20,931.8,931.8,915.1,926.2,1311300.0
2025-03-21,926.2,928.85,911.75,914.3,2350523.0
2025-03-24,921.0,929.0,916.0,922.75,985738.0
2025-03-25,925.5,925.5,903.9,908.8,1553849.0
2025-03-26,909.5,916.35,896.05,899.85,1507434.0
2025-03-27,898.0,919.0,893.2,916.05,1246440.0
2025-03-28,925.45,925.45,905.3,912.3,1550743.0
2025-04-01,907.0,914.6,893.3,901.5,1697338.0
2025-04-02,903.0,911.7,896.5,909.55,1761044.0
2025-04-03,900.0,916.0,898.3,905.2,1949930.0
2025-04-04,898.0,908.8,845.0,850.1,2878135.0
2025-04-07,775.1,807.7,775.1,791.05,5300335.0
2025-04-08,818.6,822.75,777.7,801.85,2090766.0
2025-04-09,790.25,793.25,770.0,786.9,1877934.0
2025-04-11,810.0,816.8,797.8,805.65,1804073.0
2025-04-15,825.0,850.95,821.8,845.15,1818808.0
2025-04-16,845.15,860.0,838.55,854.25,1404916.0
2025-04-17,851.95,895.95,848.35,881.7,2842300.0
2025-04-21,888.0,913.95,879.05,906.4,2090565.0
2025-04-22,917.0,923.8,907.1,914.75,1941122.0
2025-04-23,921.0,922.0,892.65,919.05,1241468.0
2025-04-24,917.0,926.0,903.6,908.0,1578364.0
2025-04-25,912.0,919.0,876.05,891.8,1253219.0
2025-04-28,895.0,912.8,889.05,907.5,631588.0
2025-04-29,911.0,916.5,892.95,895.45,519692.0
2025-04-30,895.55,907.8,888.4,895.65,1048167.0
2025-05-02,887.0,904.75,843.55,897.75,3691357.0
2025-05-05,895.1,908.85,892.55,903.85,1299773.0
2025-05-06,911.0,911.0,871.0,873.5,1841702.0
2025-05-07,862.0,885.95,858.7,878.6,1186064.0
2025-05-08,878.6,882.3,839.1,851.15,1586003.0
2025-05-09,833.6,858.3,833.6,855.35,687868.0
2025-05-12,875.0,906.4,866.9,904.75,1674583.0
2025-05-13,898.35,915.45,896.0,909.7,2468436.0
2025-05-14,910.1,950.0,908.65,943.2,6979336.0
2025-05-15,940.0,971.65,934.65,968.3,2553377.0
2025-05-16,966.4,985.8,964.35,981.6,2805260.0
2025-05-19,970.9,979.65,955.25,973.05,3177664.0
2025-05-20,973.05,982.9,956.2,957.6,2683257.0
2025-05-21,951.1,971.95,951.1,968.5,2277923.0
2025-05-22,961.1,976.0,957.5,959.95,1299974.0
2025-05-23,953.05,964.65,950.65,953.4,1124070.0
2025-05-26,952.0,969.8,952.0,954.8,1381677.0
2025-05-27,964.0,964.0,946.55,947.5,1604889.0
2025-05-28,943.6,951.15,940.5,945.15,833626.0
2025-05-29,950.0,977.0,948.65,971.35,2490067.0
2025-05-30,966.2,977.0,945.05,948.9,2013497.0
2025-06-02,935.0,949.0,930.8,943.65,1587165.0
2025-06-03,935.0,953.95,934.0,946.4,1294383.0
2025-06-04,935.0,956.25,934.95,951.7,867911.0
2025-06-05,945.0,960.65,945.0,949.85,1053306.0
2025-06-06,941.0,967.4,941.0,962.75,1192159.0
2025-06-09,963.1,979.05,960.45,974.55,1856046.0
2025-06-10,974.55,984.2,970.1,973.7,1114437.0
2025-06-11,975.0,978.0,950.55,955.05,2083579.0
2025-06-12,955.05,961.25,936.5,939.1,1432499.0
2025-06-13,925.0,933.85,914.8,920.75,715534.0
2025-06-16,923.4,929.6,908.2,922.6,1016126.0
2025-06-17,922.6,926.5,887.4,891.0,3176704.0
2025-06-18,895.0,901.0,888.6,893.9,1661670.0
2025-06-19,893.95,898.25,882.65,887.45,1412283.0
2025-06-20,888.1,903.8,884.8,899.05,1641610.0
2025-06-23,895.1,914.75,892.0,910.7,661419.0
2025-06-24,930.0,936.5,917.1,924.2,1171729.0
2025-06-25,930.45,935.8,914.6,919.9,1976461.0
2025-06-26,924.5,958.6,921.0,954.9,2568931.0
2025-06-27,959.85,970.5,938.0,939.35,3131858.0
2025-06-30,944.0,949.2,931.05,941.7,1246303.0
2025-07-01,941.7,955.0,935.5,951.25,1166914.0
2025-07-02,954.0,979.9,950.5,968.7,2004442.0
2025-07-03,972.1,985.2,954.0,956.5,1506490.0
2025-07-04,961.45,964.5,942.65,953.0,652147.0
2025-07-07,951.0,960.8,942.0,953.5,773510.0
2025-07-08,950.55,957.35,945.0,951.1,574607.0
2025-07-09,947.0,952.05,926.75,944.8,1039879.0
2025-07-10,941.0,952.9,940.25,944.55,1128883.0
2025-07-11,944.0,946.9,928.0,938.4,1676679.0
2025-07-14,938.4,948.9,927.2,933.05,1815311.0
2025-07-15,937.7,946.0,932.35,943.85,1106472.0
2025-07-17,935.5,953.0,929.85,950.45,1652952.0
2025-07-18,951.9,962.9,948.35,957.15,1480756.0
2025-07-21,957.95,972.65,957.6,960.05,1346529.0
2025-07-22,963.2,973.45,960.0,965.0,1858427.0
2025-07-23,969.45,981.0,963.55,977.4,1618809.0
2025-07-24,980.0,1006.35,978.2,1000.45,3629756.0
2025-07-25,1001.95,1003.1,990.35,1000.15,2197185.0
2025-07-28,1000.45,1001.4,972.0,977.7,1295974.0
2025-07-29,975.0,989.0,973.0,984.35,499540.0
2025-07-30,989.4,993.45,980.7,982.85,964425.0
2025-07-31,971.2,979.3,958.35,965.0,2114119.0
2025-08-01,968.1,971.0,941.55,945.5,1363054.0
2025-08-04,948.1,991.0,948.1,980.2,2939641.0
2025-08-05,983.0,1003.2,978.0,999.8,1411354.0
2025-08-06,998.5,1001.7,983.1,985.9,1098509.0
2025-08-07,985.85,1003.2,980.55,999.5,2528535.0
2025-08-08,999.5,1000.25,971.25,974.1,923189.0
2025-08-11,975.05,993.0,972.35,991.0,585167.0
2025-08-12,981.2,1004.0,979.7,998.5,1211533.0
2025-08-13,1007.0,1021.75,988.0,996.35,3231630.0
2025-08-14,999.05,999.45,968.2,975.4,1846204.0
2025-08-18,990.0,999.55,980.0,992.85,1909764.0
2025-08-19,995.0,1009.1,990.55,1005.25,1121842.0
2025-08-20,1003.2,1022.0,997.6,1016.25,1564199.0
2025-08-21,1016.25,1019.35,1006.2,1010.15,3047183.0
2025-08-22,1010.0,1010.75,993.8,997.25,1818098.0
2025-08-25,1003.1,1004.4,992.1,996.2,1542533.0
2025-08-26,994.95,999.45,970.9,977.15,6927411.0
2025-08-28,980.0,982.0,960.75,964.7,673705.0
2025-08-29,970.4,974.4,943.55,945.8,968556.0
2025-09-01,944.95,965.0,943.3,962.85,1593811.0
2025-09-02,964.45,982.0,956.1,975.15,1277690.0
2025-09-03,973.0,1030.0,973.0,1028.35,4521491.0
2025-09-04,1028.0,1037.4,1020.2,1031.85,1350756.0
2025-09-05,1031.85,1039.0,1027.2,1034.85,793972.0
2025-09-08,1036.95,1057.15,1036.15,1041.55,1823229.0
2025-09-09,1043.0,1044.45,1023.2,1034.1,766328.0
2025-09-10,1036.0,1042.05,1030.05,1039.6,722139.0
2025-09-11,1037.0,1044.7,1032.6,1040.4,882337.0
2025-09-12,1041.95,1046.3,1027.2,1035.95,578783.0
2025-09-15,1034.9,1049.95,1033.2,1046.3,618202.0
2025-09-16,1046.3,1056.0,1038.45,1053.35,1224328.0
2025-09-17,1056.95,1059.4,1029.35,1033.65,634304.0
2025-09-18,1039.95,1052.55,1030.3,1047.65,702731.0
2025-09-19,1048.0,1049.95,1036.0,1046.0,943974.0
2025-09-22,1045.5,1051.6,1029.6,1032.45,685776.0
2025-09-23,1035.0,1069.7,1028.05,1062.7,1889834.0
2025-09-24,1062.7,1065.75,1046.05,1052.65,729744.0
2025-09-25,1048.0,1059.3,1045.0,1051.7,1534438.0
2025-09-26,1048.0,1061.95,1027.85,1029.5,858507.0
2025-09-29,1035.1,1052.0,1035.1,1043.35,1278211.0
2025-09-30,1043.35,1069.0,1043.2,1063.75,1992711.0
2025-10-01,1063.8,1070.4,1055.0,1065.0,1125486.0
2025-10-03,1063.0,1087.6,1049.3,1076.5,2035582.0
2025-10-06,1077.0,1078.9,1043.7,1055.9,2301398.0
2025-10-07,1058.0,1059.3,1029.9,1033.7,1938416.0
2025-10-08,1031.1,1040.0,1016.0,1019.2,1436225.0
2025-10-09,1023.9,1044.4,1020.3,1040.3,2732150.0
2025-10-10,1037.2,1039.8,1010.2,1015.2,2426076.0
2025-10-13,1015.2,1016.1,1002.3,1007.6,1642367.0
2025-10-14,1017.3,1018.4,986.2,996.0,1404907.0
2025-10-15,996.0,1004.4,993.9,1001.4,1643008.0
2025-10-16,1005.7,1025.8,994.0,1022.8,1248871.0
2025-10-17,1022.8,1027.1,1004.8,1007.6,1530004.0
2025-10-20,1011.5,1013.6,998.6,1005.6,898357.0
2025-10-21,1010.0,1012.8,1003.0,1009.8,109029.0
2025-10-23,1012.0,1022.9,1005.8,1009.1,1065307.0
2025-10-24,1010.9,1027.9,1003.4,1008.2,1691676.0
2025-10-27,1011.2,1036.3,1011.2,1034.3,999054.0
2025-10-28,1034.3,1077.7,1027.1,1073.5,4445977.0
2025-10-29,1063.0,1097.7,1058.2,1070.6,3983488.0
2025-10-30,1072.9,1074.0,1058.1,1070.2,1514350.0
2025-10-31,1065.7,1074.2,1056.5,1066.8,1018215.0
2025-11-03,1066.0,1087.6,1063.0,1077.0,1193076.0
2025-11-04,1073.0,1085.2,1066.4,1080.7,2806142.0
2025-11-06,1080.7,1081.1,1042.3,1045.5,1497966.0
2025-11-07,1035.0,1075.1,1002.1,1069.9,1892592.0
2025-11-10,1069.9,1082.0,1069.1,1071.4,990878.0
2025-11-11,1076.6,1089.8,1057.0,1080.2,670521.0
2025-11-12,1080.3,1084.5,1072.5,1079.9,702572.0
2025-11-13,1087.5,1098.0,1075.9,1087.8,1863602.0
2025-11-14,1082.6,1096.0,1068.8,1076.2,1403097.0
2025-11-17,1080.6,1082.8,1071.8,1080.0,723524.0
2025-11-18,1078.1,1078.3,1057.2,1066.3,1437183.0
2025-11-19,1066.0,1076.0,1059.3,1071.0,933058.0
2025-11-20,1075.9,1078.0,1062.2,1069.4,834957.0
2025-11-21,1065.0,1065.0,1035.5,1038.6,1316935.0
2025-11-24,1040.4,1046.7,1014.7,1021.3,3883924.0
2025-11-25,1022.9,1029.9,1014.7,1022.6,1833665.0
2025-11-26,1029.0,1048.3,1023.8,1042.4,1580115.0
2025-11-27,1047.9,1053.1,1034.2,1041.1,893056.0
2025-11-28,1046.7,1054.9,1037.3,1044.4,1205893.0
2025-12-01,1053.5,1055.0,1039.0,1048.0,803834.0
2025-12-02,1046.0,1052.0,1024.6,1028.8,1634860.0
2025-12-03,1033.8,1033.8,1013.0,1017.9,1634772.0
2025-12-04,1020.1,1028.3,1003.0,1005.8,645481.0
2025-12-05,1009.0,1010.9,989.0,1006.8,1273166.0
2025-12-08,1007.0,1011.1,991.0,997.5,1118377.0
2025-12-09,996.0,1009.7,977.1,1002.8,1274066.0
2025-12-10,1004.2,1013.5,1001.1,1008.9,658048.0
2025-12-11,1009.0,1015.3,1002.6,1012.9,576973.0
2025-12-12,1019.0,1032.5,1017.9,1029.5,846932.0
2025-12-15,1032.0,1036.5,1023.2,1034.0,396392.0
2025-12-16,1032.0,1032.0,1005.1,1011.2,1561272.0
2025-12-17,1008.0,1012.4,998.0,1001.5,647160.0
2025-12-18,1001.5,1003.5,979.1,986.0,2600965.0
2025-12-19,986.6,1002.5,981.6,992.6,1137039.0
2025-12-22,998.0,1016.2,995.1,1002.1,1205035.0
2025-12-23,1008.0,1017.0,998.6,1012.6,682890.0
2025-12-24,1014.8,1014.8,997.0,999.0,617162.0
2025-12-26,997.9,999.0,985.4,986.5,780164.0
2025-12-29,991.2,1010.6,988.5,990.5,2221198.0
2025-12-30,992.0,1025.5,986.4,1021.3,2097101.0
2025-12-31,1042.4,1065.0,1042.4,1053.8,4643020.0
2026-01-01,1053.8,1070.0,1046.6,1068.4,1361672.0
2026-01-02,1068.8,1082.7,1065.0,1080.3,1931379.0
2026-01-05,1084.0,1087.5,1074.4,1081.6,900540.0
2026-01-06,1080.1,1090.6,1072.3,1079.8,1100849.0
2026-01-07,1080.0,1087.0,1067.6,1074.7,553494.0
2026-01-08,1075.3,1078.0,1010.0,1013.6,3223347.0
2026-01-09,1014.9,1021.2,1003.7,1010.3,994369.0
2026-01-12,1010.9,1029.6,997.1,1023.4,1469718.0
2026-01-13,1028.0,1031.8,1002.7,1010.8,977080.0
2026-01-14,1012.0,1046.0,1006.0,1040.7,1727062.0
2026-01-16,1045.9,1054.0,1035.5,1042.9,1500141.0
2026-01-19,1035.0,1062.9,1034.1,1055.6,1407699.0
2026-01-20,1053.5,1063.8,1034.0,1039.8,1518491.0
2026-01-21,1050.4,1055.6,1030.4,1041.4,1655357.0
2026-01-22,1045.9,1079.0,1044.0,1076.0,2032310.0
2026-01-23,1081.0,1104.0,1057.1,1063.6,2761031.0
2026-01-27,1067.0,1086.5,1059.4,1080.7,1951032.0
2026-01-28,1090.0,1122.0,1078.4,1119.4,2783493.0
2026-01-29,1125.0,1168.0,1125.0,1159.6,4011001.0
2026-01-30,1141.8,1164.7,1103.0,1132.0,3291975.0
2026-02-01,1098.0,1144.1,1091.8,1102.0,1512925.0
2026-02-02,1100.0,1133.0,1082.7,1125.1,1460280.0
2026-02-03,1165.0,1170.6,1135.0,1149.7,1360519.0
2026-02-04,1155.0,1180.5,1154.9,1167.3,2332435.0
2026-02-05,1159.1,1185.0,1150.2,1178.0,1090941.0
2026-02-06,1171.5,1191.7,1162.9,1189.9,988037.0
2026-02-09,1196.3,1204.9,1178.9,1191.1,1017423.0
2026-02-10,1195.0,1203.7,1185.4,1191.4,677182.0
2026-02-11,1198.8,1202.0,1187.9,1190.5,670060.0
2026-02-12,1185.0,1207.0,1185.0,1203.4,627605.0
2026-02-13,1193.4,1193.4,1167.3,1184.7,1302484.0
2026-02-16,1168.0,1214.0,1165.0,1210.9,939983.0
2026-02-17,1210.0,1215.4,1190.4,1211.0,1950738.0
2026-02-18,1214.0,1229.3,1211.5,1221.8,918546.0
2026-02-19,1228.0,1232.8,1200.0,1211.1,966087.0
2026-02-20,1209.8,1230.0,1203.0,1217.1,662336.0
2026-02-23,1220.8,1230.0,1207.0,1216.6,562390.0
2026-02-24,1216.6,1240.0,1211.1,1233.3,1023225.0
2026-02-25,1241.9,1269.9,1237.7,1266.5,1271115.0
2026-02-26,1272.0,1272.1,1257.8,1261.0,942928.0
2026-02-27,1253.2,1267.0,1239.1,1244.2,1618136.0
2026-03-02,1215.0,1256.6,1215.0,1237.8,1589722.0
2026-03-04,1225.1,1227.0,1161.0,1168.4,2894114.0
2026-03-05,1172.3,1193.3,1169.4,1184.0,788753.0
2026-03-06,1184.0,1195.8,1176.6,1180.4,797237.0
2026-03-09,1157.0,1167.1,1132.0,1144.1,2194187.0
2026-03-10,1154.9,1190.9,1150.5,1187.2,1189789.0
2026-03-11,1187.0,1205.1,1183.2,1187.0,1055730.0
2026-03-12,1177.6,1232.1,1162.2,1225.0,1959835.0
2026-03-13,1216.3,1222.4,1136.1,1143.3,1866333.0
2026-03-16,1137.0,1156.2,1124.2,1133.0,1403667.0
2026-03-17,1135.9,1160.7,1128.0,1157.3,809027.0
2026-03-18,1157.3,1184.4,1140.2,1179.2,1013722.0
2026-03-19,1161.2,1162.7,1130.7,1138.1,542455.0
2026-03-20,1144.1,1196.0,1144.1,1186.5,1998983.0
2026-03-23,1162.0,1169.8,1101.6,1106.2,1880244.0
2026-03-24,1129.4,1138.5,1111.0,1120.6,1222265.0
2026-03-25,1132.2,1154.0,1130.5,1143.0,1230757.0
2026-03-27,1135.9,1154.7,1122.4,1131.4,1840045.0
2026-03-30,1117.0,1133.8,1106.9,1113.1,1729076.0
2026-04-01,1131.0,1158.3,1126.4,1137.4,1544180.0
2026-04-02,1131.0,1146.3,1093.8,1137.9,1485498.0
2026-04-06,1131.0,1156.4,1101.3,1134.0,4716546.0
2026-04-07,1124.1,1173.9,1124.1,1168.2,1729304.0
2026-04-08,1190.0,1223.1,1188.9,1213.1,1573122.0
2026-04-09,1213.3,1229.7,1194.8,1199.6,1807078.0
2026-04-10,1207.0,1223.1,1196.5,1219.2,1632332.0
2026-04-13,1205.0,1230.3,1185.5,1218.5,1075242.0
2026-04-15,1234.0,1249.5,1211.0,1221.3,1190536.0
2026-04-16,1226.0,1242.0,1219.5,1228.3,1381465.0
2026-04-17,1228.3,1284.0,1207.9,1270.0,2860655.0
2026-04-20,1274.9,1297.5,1250.0,1287.7,1852542.0
2026-04-21,1290.0,1306.2,1277.3,1288.8,1197265.0
2026-04-22,1289.0,1298.4,1272.3,1278.6,1550115.0
2026-04-23,1278.6,1279.9,1251.7,1254.5,843109.0
2026-04-24,1252.2,1273.1,1237.3,1256.0,1161639.0
2026-04-27,1257.9,1293.6,1257.6,1278.2,1150764.0
2026-04-28,1283.5,1290.5,1262.5,1265.5,858544.0
2026-04-29,1270.9,1270.9,1224.5,1228.1,1069141.0
2026-04-30,1224.0,1234.4,1201.1,1223.1,878441.0
2026-05-04,1245.0,1278.9,1234.1,1261.4,4141121.0
2026-05-05,1263.1,1283.3,1254.7,1261.2,2181399.0
2026-05-06,1272.0,1283.6,1250.0,1264.3,1985427.0
2026-05-07,1273.0,1284.4,1254.2,1258.2,992992.0
2026-05-08,1258.2,1260.0,1239.2,1248.4,995187.0
