symbol,sector,entry_date,exit_date,trading_days,entry,stop_initial,stop_final,target,exit_price,exit_reason,shares,pnl,r_multiple,win,market_state,season_score,rs_vs_nifty,adx_at_entry,pullback_candles,nifty_return_pct,nifty_green
RELIANCE.NS,Energy,2017-04-18,2017-04-19,2,307.07,294.5,299.5419288427577,332.21,299.5419288427577,stop,79,-694.72,-0.695,False,bull,56.7,19.1,41.9,2,-0.39,False
INFY.NS,IT,2018-07-25,2018-07-27,3,568.18,537.5,563.5805058267497,629.55,563.5805058267497,stop,32,-247.18,-0.247,False,bull,52.0,16.3,41.3,5,1.29,True
INFY.NS,IT,2018-08-10,2018-08-10,1,570.98,553.26,565.4121784393064,606.43,565.4121784393064,stop,56,-411.8,-0.412,False,bull,66.0,12.7,38.0,5,-0.36,False
INFY.NS,IT,2020-10-06,2020-10-12,5,919.79,847.07,948.0006971762816,1065.22,986.0181274414062,hard_time_exit,13,760.97,0.761,True,bull,52.0,25.5,38.5,5,3.72,True
INFY.NS,IT,2024-08-19,2024-08-21,3,1787.99,1654.43,1794.0733851264426,2055.1,1794.0733851264426,stop,7,-57.42,-0.057,False,bull,66.0,23.0,36.9,5,0.93,True
HINDUNILVR.NS,FMCG,2017-07-13,2017-07-14,2,993.97,944.54,989.7439042298274,1092.84,989.7439042298274,stop,20,-184.52,-0.185,False,bull,58.9,17.3,38.7,5,0.72,True
HINDUNILVR.NS,FMCG,2017-08-21,2017-08-23,3,1053.19,998.22,1039.6690852816837,1163.13,1039.6690852816837,stop,18,-343.38,-0.343,False,neutral,50.0,16.0,41.6,5,0.15,True
HINDUNILVR.NS,FMCG,2018-08-06,2018-08-06,1,1563.47,1453.06,1550.2786764153027,1784.28,1550.2786764153027,stop,9,-218.72,-0.219,False,bull,50.0,12.7,28.2,5,0.23,True
HINDUNILVR.NS,FMCG,2024-09-23,2024-09-24,2,2895.22,2718.0,2882.5781808925276,3249.67,2882.5781808925276,stop,5,-163.21,-0.163,False,bull,47.8,12.2,38.4,5,0.58,True
ITC.NS,FMCG,2017-07-14,2017-07-17,2,238.25,228.65,234.40520671328943,257.45,234.40520671328943,stop,104,-499.86,-0.5,False,bull,58.9,14.6,40.6,2,0.25,True
ASIANPAINT.NS,Consumer,2019-10-10,2019-10-16,5,1677.17,1625.95,1704.9243726641298,1779.62,1704.9243726641298,stop,19,427.33,0.427,True,neutral,46.7,35.7,35.0,2,1.33,True
ASIANPAINT.NS,Consumer,2021-07-22,2021-07-23,2,3013.79,2844.93,2972.3010977860704,3351.5,2972.3010977860704,stop,5,-307.44,-0.307,False,bull,50.0,15.0,36.3,5,1.43,True
WIPRO.NS,IT,2024-02-05,2024-02-08,4,226.61,219.06,230.858335548395,241.71,230.858335548395,stop,132,460.78,0.461,True,bull,60.0,12.3,32.6,5,-0.62,False
WIPRO.NS,IT,2024-02-13,2024-02-19,5,236.04,225.7,244.16943617912892,256.72,251.1999359130859,hard_time_exit,96,1355.35,1.355,True,bull,60.0,20.3,33.6,2,2.34,True
ULTRACEMCO.NS,Cement,2021-02-25,2021-02-26,2,6239.19,5928.78,6167.236377172229,6860.02,6167.236377172229,stop,3,-315.86,-0.316,False,bull,62.0,16.9,50.7,3,-3.02,False
TITAN.NS,Consumer,2017-07-04,2017-07-04,1,516.71,483.15,510.3915885441923,583.84,510.3915885441923,stop,29,-283.23,-0.283,False,bull,50.0,11.6,35.8,5,-0.02,False
TITAN.NS,Consumer,2017-09-06,2017-09-07,2,619.83,580.56,617.4085123661671,698.36,617.4085123661671,stop,25,-160.54,-0.161,False,bull,56.7,13.5,45.6,5,-0.22,False
TITAN.NS,Consumer,2018-05-02,2018-05-02,1,955.63,919.94,941.10931080814,1027.0,941.10931080814,stop,28,-506.58,-0.507,False,bull,53.3,13.8,42.5,5,-0.2,False
TITAN.NS,Consumer,2018-05-10,2018-05-10,1,964.82,922.27,944.0259155753208,1049.93,944.0259155753208,stop,23,-578.26,-0.578,False,bull,46.7,20.1,38.3,5,-0.23,False
TITAN.NS,Consumer,2019-10-16,2019-10-23,5,1251.71,1188.83,1269.786735411199,1377.48,1322.9031982421875,hard_time_exit,15,967.9,0.968,True,bull,46.7,16.7,27.4,3,1.54,True
TITAN.NS,Consumer,2021-08-16,2021-08-16,1,1806.13,1746.2,1795.191292193843,1925.98,1795.191292193843,stop,16,-275.02,-0.275,False,bull,73.3,14.7,25.7,5,0.21,True
SUNPHARMA.NS,Pharma,2022-11-25,2022-12-01,5,1002.62,956.33,1002.9689022159848,1095.2,1009.8203735351562,hard_time_exit,21,51.21,0.051,True,bull,49.5,11.4,36.8,5,1.78,True
HCLTECH.NS,IT,2021-10-11,2021-10-11,1,1068.66,1032.69,1062.7043994810388,1140.59,1062.7043994810388,stop,27,-260.8,-0.261,False,bull,52.0,22.4,47.0,5,0.28,True
NESTLEIND.NS,FMCG,2018-05-14,2018-05-15,2,429.38,401.44,428.0004052616776,485.25,428.0004052616776,stop,35,-148.29,-0.148,False,bull,55.6,32.8,40.7,5,-0.04,False
NESTLEIND.NS,FMCG,2018-07-12,2018-07-18,5,464.15,441.04,461.0627672238541,510.37,470.272705078125,hard_time_exit,43,163.28,0.163,True,neutral,58.9,13.8,26.2,5,0.29,True
TECHM.NS,IT,2017-10-11,2017-10-16,4,351.51,337.45,357.93261650100516,379.63,357.93261650100516,stop,71,356.01,0.356,True,bull,52.0,21.8,33.5,3,2.14,True
TECHM.NS,IT,2017-10-27,2017-11-01,4,363.63,342.05,360.39223805293096,406.79,360.39223805293096,stop,46,-248.94,-0.249,False,bull,52.0,21.1,26.7,5,0.93,True
TECHM.NS,IT,2021-11-09,2021-11-10,2,1360.11,1261.87,1351.7829214451835,1556.58,1351.7829214451835,stop,10,-183.27,-0.183,False,neutral,62.0,15.0,27.1,5,-0.28,False
TECHM.NS,IT,2021-11-18,2021-11-18,1,1411.69,1315.41,1388.341308438114,1604.24,1388.341308438114,stop,10,-333.49,-0.333,False,neutral,62.0,11.4,28.6,5,-0.75,False
POWERGRID.NS,Utilities,2016-07-27,2016-08-02,5,61.56,57.38,62.44428532433294,69.93,63.59967422485352,hard_time_exit,239,387.48,0.387,True,bull,49.4,11.1,25.6,5,0.38,True
POWERGRID.NS,Utilities,2023-04-18,2023-04-18,1,157.51,148.84,154.29807385704865,174.85,154.29807385704865,stop,115,-469.37,-0.469,False,neutral,52.9,15.5,25.6,5,-0.26,False
POWERGRID.NS,Utilities,2023-04-27,2023-04-28,2,158.24,151.49,155.09514194285038,171.75,155.09514194285038,stop,148,-565.44,-0.565,False,bull,52.9,12.1,31.3,5,1.41,True
POWERGRID.NS,Utilities,2023-10-17,2023-10-19,3,183.97,174.5,184.19624531817493,202.92,184.19624531817493,stop,105,-76.24,-0.076,False,neutral,51.7,14.1,35.3,5,-0.54,False
POWERGRID.NS,Utilities,2023-12-29,2024-01-02,3,219.1,204.47,217.5926011737342,248.36,217.5926011737342,stop,68,-202.5,-0.203,False,bull,47.2,11.8,48.5,5,-0.52,False
NTPC.NS,Utilities,2024-03-04,2024-03-06,3,332.08,314.37,337.041180593811,367.51,337.041180593811,stop,56,177.83,0.178,True,bull,47.1,21.8,27.7,5,0.61,True
ONGC.NS,Energy,2021-10-26,2021-10-27,2,121.7,113.94,119.1640511736454,137.22,119.1640511736454,stop,128,-424.6,-0.425,False,bull,56.7,27.9,48.4,3,0.47,True
ONGC.NS,Energy,2023-10-03,2023-10-03,1,163.35,159.09,162.19942596368608,171.88,162.19942596368608,stop,234,-369.23,-0.369,False,bull,56.7,17.7,38.5,5,-0.56,False
ONGC.NS,Energy,2024-03-05,2024-03-06,2,252.5,234.99,249.22674547914036,287.51,249.22674547914036,stop,57,-286.58,-0.287,False,bull,46.7,35.1,39.3,5,0.31,True
DIVISLAB.NS,Pharma,2017-12-13,2017-12-13,1,1012.61,942.16,989.857968458826,1153.52,989.857968458826,stop,14,-418.53,-0.419,False,neutral,50.0,32.2,33.3,5,-0.46,False
DIVISLAB.NS,Pharma,2021-06-30,2021-07-06,5,4242.33,4059.18,4381.9005114480715,4608.63,4381.9005114480715,stop,5,597.85,0.598,True,neutral,62.1,16.3,40.0,5,0.44,True
DRREDDY.NS,Pharma,2018-08-17,2018-08-21,3,454.12,420.34,451.96476291626146,521.68,451.96476291626146,stop,29,-162.5,-0.163,False,bull,57.3,12.3,27.6,5,1.63,True
DRREDDY.NS,Pharma,2020-02-14,2020-02-18,3,637.12,597.97,633.0187592007477,715.42,633.0187592007477,stop,25,-202.53,-0.203,False,neutral,50.5,19.4,43.2,5,-1.5,False
DRREDDY.NS,Pharma,2024-08-22,2024-08-22,1,1404.97,1339.75,1384.2906010526526,1535.42,1384.2906010526526,stop,15,-410.19,-0.41,False,bull,57.3,13.0,32.0,5,0.17,True
CIPLA.NS,Pharma,2022-04-08,2022-04-08,1,1006.76,969.43,999.7963751136097,1081.42,999.7963751136097,stop,26,-281.05,-0.281,False,bull,59.2,13.2,25.8,5,0.82,True
TATACONSUM.NS,FMCG,2019-06-21,2019-06-27,5,244.61,231.65,246.7027333785105,270.52,261.5068359375,hard_time_exit,77,1201.06,1.201,True,bull,64.4,21.1,47.4,4,0.08,True
TATACONSUM.NS,FMCG,2019-12-13,2019-12-16,2,309.67,294.72,307.1606874659604,339.56,307.1606874659604,stop,66,-265.61,-0.266,False,neutral,47.8,13.8,37.2,5,0.69,True
BPCL.NS,Energy,2024-01-17,2024-01-18,2,210.69,197.99,207.8687378780207,236.08,207.8687378780207,stop,78,-320.06,-0.32,False,bull,51.9,30.9,36.9,5,-2.59,False
BPCL.NS,Energy,2024-03-05,2024-03-06,2,286.15,264.42,281.87031018775826,329.6,281.87031018775826,stop,46,-296.87,-0.297,False,bull,46.7,42.6,41.5,5,0.31,True
APOLLOHOSP.NS,Healthcare,2017-12-29,2018-01-01,2,1200.87,1129.83,1170.557406684662,1342.95,1170.557406684662,stop,14,-524.38,-0.524,False,bull,45.0,14.9,41.0,5,0.5,True
APOLLOHOSP.NS,Healthcare,2018-12-03,2018-12-04,2,1240.64,1194.52,1235.9211366407696,1332.88,1235.9211366407696,stop,21,-199.1,-0.199,False,bull,67.5,13.1,28.7,2,-0.07,False
APOLLOHOSP.NS,Healthcare,2023-07-07,2023-07-10,2,5236.59,4996.14,5087.607428991074,5717.49,5087.607428991074,stop,4,-695.93,-0.696,False,bull,66.7,12.7,41.7,5,-0.73,False
TATAPOWER.NS,Utilities,2021-02-17,2021-02-19,3,87.41,82.41,86.6533863919835,97.42,86.6533863919835,stop,199,-250.57,-0.251,False,bull,49.4,40.9,28.3,2,-2.17,False
TATAPOWER.NS,Utilities,2023-08-23,2023-08-25,3,242.34,225.11,243.9280597430927,276.8,243.9280597430927,stop,58,-7.89,-0.008,False,bull,53.4,13.1,25.2,5,-0.67,False
SHREECEM.NS,Cement,2016-04-20,2016-04-21,2,12601.56,11647.8,12234.36378187492,14509.07,12234.36378187492,stop,1,-467.2,-0.467,False,bull,50.0,17.2,29.2,5,-0.03,False
HAVELLS.NS,Consumer Electricals,2020-12-16,2020-12-21,4,834.42,784.23,876.1332046262837,934.79,876.1332046262837,stop,19,692.55,0.693,True,bull,50.0,11.1,44.0,5,-1.76,False
HAVELLS.NS,Consumer Electricals,2021-02-26,2021-02-26,1,1127.7,1078.5,1117.1232005820557,1226.11,1117.1232005820557,stop,20,-311.54,-0.312,False,bull,80.0,27.2,43.9,4,-3.76,False
BERGEPAINT.NS,Consumer,2016-08-29,2016-08-31,3,199.33,191.02,206.6751800698605,215.94,206.6751800698605,stop,120,781.42,0.781,True,bull,73.3,16.8,29.6,3,2.49,True
BERGEPAINT.NS,Consumer,2018-08-13,2018-08-16,3,263.7,246.36,258.64760794335353,298.37,258.64760794335353,stop,57,-387.99,-0.388,False,bull,73.3,12.1,38.0,5,-0.39,False
BERGEPAINT.NS,Consumer,2019-12-20,2019-12-26,4,410.96,394.43,419.1675263226071,444.02,419.1675263226071,stop,60,392.45,0.392,True,bull,70.0,25.2,27.7,5,-1.09,False
BERGEPAINT.NS,Consumer,2024-09-05,2024-09-06,2,595.6,563.1,589.0963503840238,660.61,589.0466581690333,stop_gap_down,30,-296.6,-0.297,False,bull,56.7,16.9,30.2,5,-1.38,False
MARICO.NS,FMCG,2021-05-28,2021-06-03,5,447.59,428.85,453.1721081367794,485.08,467.339599609375,hard_time_exit,53,946.73,0.947,True,bull,55.6,10.3,37.7,4,2.3,True
MARICO.NS,FMCG,2021-08-02,2021-08-04,3,518.27,494.86,504.5704738881985,565.08,504.5704738881985,stop,42,-675.38,-0.675,False,bull,58.9,25.1,40.7,5,3.15,True
DABUR.NS,FMCG,2016-06-28,2016-06-29,2,289.57,268.93,282.0438121806164,330.85,282.0438121806164,stop,48,-461.26,-0.461,False,neutral,64.4,23.2,32.3,4,1.35,True
DABUR.NS,FMCG,2017-12-11,2017-12-11,1,323.84,309.98,318.46655481088357,351.55,318.46655481088357,stop,72,-486.89,-0.487,False,bull,47.8,11.5,34.8,5,0.55,True
GODREJCP.NS,FMCG,2016-06-21,2016-06-23,3,478.31,448.7,477.10707259034785,537.52,477.10707259034785,stop,33,-139.7,-0.14,False,neutral,64.4,11.8,25.7,5,0.39,True
GODREJCP.NS,FMCG,2017-07-04,2017-07-05,2,616.52,578.81,604.7449954195594,691.94,604.7449954195594,stop,26,-406.15,-0.406,False,bull,58.9,14.6,26.1,5,0.24,True
GODREJCP.NS,FMCG,2021-08-18,2021-08-20,2,971.44,916.39,962.2136922620192,1081.54,959.9098606792764,stop_gap_down,18,-307.54,-0.308,False,bull,50.0,11.8,35.4,5,-0.99,False
GODREJCP.NS,FMCG,2021-08-23,2021-08-24,2,1004.11,933.29,983.907652074893,1145.75,983.907652074893,stop,14,-382.83,-0.383,False,bull,50.0,17.8,36.3,5,1.06,True
GODREJCP.NS,FMCG,2024-02-19,2024-02-19,1,1192.55,1130.64,1185.6631439794417,1316.36,1185.6631439794417,stop,16,-210.19,-0.21,False,bull,47.8,13.6,27.2,5,0.37,True
GODREJCP.NS,FMCG,2024-02-23,2024-02-28,4,1216.88,1157.44,1197.624932001039,1335.76,1197.624932001039,stop,16,-408.08,-0.408,False,bull,47.8,13.3,27.3,5,-1.2,False
GODREJCP.NS,FMCG,2024-07-09,2024-07-15,5,1401.94,1317.73,1396.700512540022,1570.36,1396.700512540022,stop,11,-157.63,-0.158,False,bull,58.9,12.4,27.5,5,1.09,True
ABB.NS,Capital Goods,2019-06-27,2019-07-01,3,1409.15,1343.75,1397.1850321240704,1539.95,1397.1850321240704,stop,15,-279.47,-0.279,False,bull,50.0,17.2,28.6,5,0.15,True
LUPIN.NS,Pharma,2021-06-03,2021-06-04,2,1223.08,1153.87,1194.2502288818314,1361.49,1194.2502288818314,stop,14,-503.62,-0.504,False,bull,62.1,18.6,38.7,5,0.6,True
LUPIN.NS,Pharma,2023-10-03,2023-10-04,2,1159.84,1077.32,1143.988331448844,1324.88,1143.988331448844,stop,12,-290.22,-0.29,False,bull,55.3,28.0,44.1,5,-1.03,False
LUPIN.NS,Pharma,2023-10-13,2023-10-18,4,1160.73,1123.26,1181.093834433699,1235.68,1181.093834433699,stop,26,429.46,0.429,True,bull,47.6,23.1,37.4,5,-0.62,False
BIOCON.NS,Pharma,2018-01-22,2018-01-25,4,280.85,258.39,309.3925631248223,325.76,296.39745315254186,stop_gap_down,44,584.09,0.584,True,bull,45.7,50.1,42.2,5,1.61,True
TORNTPHARM.NS,Pharma,2016-09-09,2016-09-12,2,751.45,705.42,729.743402342097,843.51,729.743402342097,stop,21,-555.84,-0.556,False,bull,55.3,12.1,40.6,4,-2.65,False
TORNTPHARM.NS,Pharma,2018-09-07,2018-09-10,2,836.83,773.94,816.2499155107664,962.61,816.2499155107664,stop,15,-408.7,-0.409,False,bull,55.3,24.4,54.3,2,-0.86,False
TORNTPHARM.NS,Pharma,2020-02-14,2020-02-20,5,960.24,903.74,978.507512035502,1073.24,1026.1014404296875,hard_time_exit,17,1019.64,1.02,True,neutral,50.5,14.4,26.6,5,-0.77,False
TORNTPHARM.NS,Pharma,2021-06-03,2021-06-03,1,1317.56,1256.32,1302.6113220105658,1440.05,1302.6113220105658,stop,16,-339.18,-0.339,False,bull,62.1,10.1,48.7,5,0.73,True
TORNTPHARM.NS,Pharma,2021-07-27,2021-07-27,1,1462.48,1386.15,1428.787523360933,1615.13,1428.787523360933,stop,13,-538.0,-0.538,False,bull,61.2,14.0,61.9,5,-0.49,False
TORNTPHARM.NS,Pharma,2024-03-01,2024-03-05,3,2639.22,2522.29,2632.120647898745,2873.09,2632.120647898745,stop,8,-156.79,-0.157,False,bull,50.5,19.1,41.2,5,1.7,True
AUROPHARMA.NS,Pharma,2023-07-19,2023-07-24,4,751.69,712.9,764.7255858392484,829.27,764.7255858392484,stop,25,225.89,0.226,True,bull,61.2,18.6,41.9,4,-0.39,False
IPCALAB.NS,Pharma,2018-09-05,2018-09-06,2,382.62,365.23,380.28531210417987,417.39,380.28531210417987,stop,57,-233.08,-0.233,False,neutral,55.3,12.2,25.5,5,0.14,True
IPCALAB.NS,Pharma,2019-04-22,2019-04-24,3,470.95,450.34,470.6762558904092,512.18,470.6762558904092,stop,48,-113.14,-0.113,False,bull,59.2,13.3,39.4,5,-0.23,False
IPCALAB.NS,Pharma,2021-09-14,2021-09-16,3,1282.49,1203.31,1286.2581944023016,1440.85,1286.2581944023016,stop,12,-54.78,-0.055,False,bull,55.3,17.0,43.1,5,1.58,True
IPCALAB.NS,Pharma,2024-09-06,2024-09-09,2,1451.38,1349.06,1412.33157226691,1656.02,1412.33157226691,stop,9,-451.44,-0.451,False,bull,55.3,11.8,26.5,5,-0.83,False
IPCALAB.NS,Pharma,2024-09-25,2024-09-26,2,1479.53,1417.7,1476.4107134844824,1603.2,1476.4107134844824,stop,16,-149.91,-0.15,False,bull,55.3,25.2,28.5,5,1.06,True
MOTHERSON.NS,Auto Ancillary,2017-02-13,2017-02-13,1,38.98,36.12,38.019335276999286,44.7,38.019335276999286,stop,349,-435.27,-0.435,False,bull,47.5,12.0,26.6,5,0.13,True
BALKRISIND.NS,Auto Ancillary,2017-02-10,2017-02-10,1,547.67,516.84,540.7509087061092,609.33,540.7509087061092,stop,32,-321.41,-0.321,False,bull,47.5,11.7,25.8,5,0.17,True
BALKRISIND.NS,Auto Ancillary,2023-05-23,2023-05-25,3,2259.85,2097.44,2324.3868976180993,2584.67,2324.3868976180993,stop,6,287.22,0.287,True,neutral,55.0,12.9,37.2,3,0.04,True
BALKRISIND.NS,Auto Ancillary,2023-06-21,2023-06-22,2,2410.62,2240.3,2408.2127069760395,2751.26,2408.2127069760395,stop,5,-112.04,-0.112,False,bull,45.0,13.1,25.6,5,-0.24,False
EXIDEIND.NS,Auto Ancillary,2016-05-11,2016-05-11,1,131.28,125.19,131.33435167334542,143.47,131.15344365621417,stop_gap_down,164,-120.76,-0.121,False,bull,55.0,17.2,25.9,5,-0.49,False
EXIDEIND.NS,Auto Ancillary,2017-03-16,2017-03-17,2,203.58,192.82,202.68975937075805,225.1,202.68975937075805,stop,92,-181.9,-0.182,False,bull,55.0,17.3,39.0,5,0.83,True
EXIDEIND.NS,Auto Ancillary,2017-03-30,2017-04-06,5,202.66,194.0,207.6825483563956,219.99,207.6825483563956,stop,115,477.59,0.478,True,bull,55.0,10.5,29.3,5,1.29,True
AMBUJACEM.NS,Cement,2021-08-20,2021-08-20,1,394.84,377.93,387.6811487624484,428.67,387.6811487624484,stop,59,-522.37,-0.522,False,bull,46.0,16.8,35.5,5,-0.71,False
AMBUJACEM.NS,Cement,2022-12-02,2022-12-05,2,575.9,546.3,566.2890919911106,635.1,566.2890919911106,stop,33,-417.16,-0.417,False,bull,48.0,35.3,28.0,5,-0.59,False
ACC.NS,Cement,2016-07-22,2016-07-25,2,1544.98,1430.49,1520.8720223560622,1773.95,1520.8720223560622,stop,8,-292.86,-0.293,False,bull,56.0,13.1,27.4,5,1.48,True
ACC.NS,Cement,2020-07-30,2020-08-03,3,1353.11,1273.56,1353.0932074456343,1512.21,1353.0932074456343,stop,12,-100.2,-0.1,False,bull,56.0,10.0,25.4,4,-2.78,False
RAMCOCEM.NS,Cement,2016-04-28,2016-04-28,1,440.74,422.76,436.90743569800463,476.71,436.90743569800463,stop,55,-310.79,-0.311,False,bull,50.0,17.8,48.0,2,-1.66,False
RAMCOCEM.NS,Cement,2019-04-26,2019-04-26,1,781.71,726.71,751.768931475951,891.7,751.768931475951,stop,18,-638.94,-0.639,False,bull,50.0,20.6,42.9,3,0.97,True
LALPATHLAB.NS,Healthcare,2019-10-22,2019-10-27,5,681.26,634.74,705.1568017264815,774.3,774.3,target_2r,21,1853.84,1.854,True,bull,50.0,34.5,32.7,5,-0.67,False
LALPATHLAB.NS,Healthcare,2019-12-04,2019-12-09,4,782.32,739.58,789.2383241440243,867.81,789.2383241440243,stop,23,59.12,0.059,True,bull,45.0,31.4,28.0,3,-0.47,False
LALPATHLAB.NS,Healthcare,2021-08-20,2021-08-20,1,1929.76,1803.33,1866.540104375223,2182.62,1866.540104375223,stop,7,-542.54,-0.543,False,bull,59.0,29.6,55.4,5,-0.71,False
LALPATHLAB.NS,Healthcare,2021-08-31,2021-09-03,4,1928.79,1819.74,1985.443955433239,2146.89,1985.443955433239,stop,9,409.89,0.41,True,bull,59.0,26.0,50.4,5,2.32,True
LALPATHLAB.NS,Healthcare,2023-07-27,2023-07-28,2,1184.08,1107.91,1175.6220200496416,1336.43,1175.6220200496416,stop,13,-209.95,-0.21,False,bull,66.7,14.2,32.4,5,-0.67,False
METROPOLIS.NS,Healthcare,2021-06-24,2021-06-28,3,697.75,657.71,700.9982987100022,777.84,700.9982987100022,stop,24,-22.04,-0.022,False,bull,59.0,39.9,39.9,4,0.81,True
FORTIS.NS,Healthcare,2021-01-27,2021-01-27,1,171.69,161.08,162.07889932688428,192.91,162.07889932688428,stop,94,-1003.44,-1.003,False,neutral,52.8,16.1,30.7,5,-1.91,False
MAXHEALTH.NS,Healthcare,2023-12-01,2023-12-04,2,627.57,595.93,620.5089710226854,690.84,690.84,target_2r,31,1861.37,1.861,True,bull,67.5,10.5,31.8,5,2.75,True
MAXHEALTH.NS,Healthcare,2024-06-28,2024-07-02,3,890.32,846.78,923.2850678848384,977.41,923.2850678848384,stop,22,625.23,0.625,True,bull,59.0,13.7,28.4,2,0.33,True
MAXHEALTH.NS,Healthcare,2024-07-25,2024-07-25,1,924.26,888.5,914.510426809345,995.77,914.510426809345,stop,27,-363.24,-0.363,False,bull,66.7,15.7,28.2,5,-0.03,False
MFSL.NS,Insurance,2021-07-12,2021-07-13,2,1081.08,1011.47,1064.0999755859375,1220.3,1064.0999755859375,stop,14,-337.72,-0.338,False,bull,67.7,15.0,31.9,5,0.78,True
SBILIFE.NS,Insurance,2020-07-31,2020-08-03,2,911.55,843.77,892.7113792682009,1047.12,892.7113792682009,stop,14,-363.74,-0.364,False,bull,67.7,13.1,40.4,5,-1.9,False
SBILIFE.NS,Insurance,2024-08-21,2024-08-23,3,1757.27,1656.38,1783.969888813822,1959.05,1783.621169296162,stop_gap_down,9,137.16,0.137,True,bull,45.2,12.9,30.1,5,0.5,True
HDFCLIFE.NS,Insurance,2019-06-28,2019-07-04,5,451.5,421.92,463.1117699221126,510.65,481.7268676757813,hard_time_exit,33,897.49,0.897,True,bull,58.1,22.0,26.6,5,0.89,True
ICICIGI.NS,Insurance,2024-04-01,2024-04-02,2,1687.79,1595.33,1667.6529139414297,1872.71,1667.6529139414297,stop,10,-301.37,-0.301,False,bull,45.2,14.8,26.8,5,0.57,True
VOLTAS.NS,Consumer Durables,2019-10-22,2019-10-23,2,674.01,638.61,668.4972237343974,744.82,668.4972237343974,stop,28,-254.36,-0.254,False,bull,60.0,18.0,38.2,5,-0.5,False
VOLTAS.NS,Consumer Durables,2020-08-05,2020-08-07,3,596.21,554.53,586.1090631437538,679.58,585.1338343991619,stop_gap_down,23,-354.75,-0.355,False,bull,60.0,13.7,27.8,5,1.07,True
VOLTAS.NS,Consumer Durables,2020-08-14,2020-08-14,1,610.03,569.66,591.3264494786999,690.76,591.3264494786999,stop,24,-548.89,-0.549,False,bull,60.0,11.1,30.5,5,-1.08,False
VOLTAS.NS,Consumer Durables,2020-10-09,2020-10-09,1,678.85,645.54,663.6879806823356,745.46,663.6879806823356,stop,30,-554.86,-0.555,False,bull,60.0,14.0,28.4,5,0.67,True
VOLTAS.NS,Consumer Durables,2021-02-26,2021-02-26,1,1023.06,952.45,992.3868379930916,1164.27,992.3868379930916,stop,14,-529.42,-0.529,False,bull,63.3,21.8,44.3,5,-3.76,False
VOLTAS.NS,Consumer Durables,2021-03-04,2021-03-04,1,1036.72,980.57,1038.6126243883969,1149.03,1035.686794553103,stop_gap_down,17,-117.56,-0.118,False,bull,60.0,17.5,42.2,5,-1.08,False
VOLTAS.NS,Consumer Durables,2024-02-13,2024-02-15,3,1076.13,1001.35,1065.1453340333185,1225.69,1065.1453340333185,stop,13,-242.8,-0.243,False,bull,63.3,19.9,35.5,5,1.36,True
VOLTAS.NS,Consumer Durables,2024-02-21,2024-02-22,2,1100.92,1052.2,1082.485034505731,1198.37,1082.485034505731,stop,20,-468.7,-0.469,False,bull,63.3,21.5,36.2,5,0.09,True
VOLTAS.NS,Consumer Durables,2024-02-28,2024-02-29,2,1118.98,1054.18,1092.888731755811,1248.57,1092.888731755811,stop,15,-491.37,-0.491,False,bull,63.3,23.3,33.9,5,-0.97,False
BLUESTARCO.NS,Consumer Durables,2023-10-18,2023-10-20,3,904.05,853.88,920.0480947224733,1004.4,920.0480947224733,stop,19,203.96,0.204,True,neutral,60.0,15.4,47.9,5,-1.36,False
Dixon.NS,Electronics,2020-11-23,2020-11-26,4,2097.32,1980.71,2155.901716708574,2330.54,2155.901716708574,stop,8,368.65,0.369,True,bull,53.3,15.3,33.8,3,1.0,True
Dixon.NS,Electronics,2024-01-12,2024-01-15,2,6501.28,6259.28,6474.802478526712,6985.28,6474.802478526712,stop,4,-205.91,-0.206,False,bull,61.5,15.6,37.4,5,2.08,True
AMBER.NS,Electronics,2023-08-07,2023-08-09,3,2527.52,2331.06,2509.949951171875,2920.45,2509.949951171875,stop,5,-187.85,-0.188,False,bull,71.4,28.8,37.1,2,0.59,True
AMBER.NS,Electronics,2023-09-28,2023-09-28,1,3099.05,2892.6,2942.0,3511.94,2942.0,stop,4,-728.2,-0.728,False,bull,92.9,30.5,42.1,5,-0.98,False
AMBER.NS,Electronics,2024-09-06,2024-09-06,1,4674.72,4388.65,4513.9501953125,5246.86,4513.9501953125,stop,3,-582.31,-0.582,False,bull,92.9,17.9,26.3,3,-1.17,False
GUJGASLTD.NS,Utilities,2020-01-01,2020-01-06,4,228.15,212.13,237.45396624425825,260.18,236.4049734430516,stop_gap_down,62,411.81,0.412,True,bull,47.2,31.8,39.6,5,-1.44,False
IGL.NS,Utilities,2017-01-30,2017-01-31,2,84.6,80.3,83.82786328857152,93.2,83.82786328857152,stop,232,-279.14,-0.279,False,bull,60.0,14.2,25.5,5,-0.93,False
IGL.NS,Utilities,2017-09-01,2017-09-04,2,111.84,106.46,110.88295010829287,122.61,110.88295010829287,stop,185,-277.05,-0.277,False,neutral,53.4,15.6,38.0,5,-0.05,False
IGL.NS,Utilities,2017-10-12,2017-10-17,4,134.76,125.15,133.59358518792027,153.97,133.59358518792027,stop,104,-221.31,-0.221,False,bull,51.7,34.5,32.3,5,2.5,True
IGL.NS,Utilities,2019-10-10,2019-10-15,4,162.16,152.37,166.32652572691066,181.75,166.32652572691066,stop,102,324.99,0.325,True,neutral,51.7,25.6,26.4,5,1.02,True
IGL.NS,Utilities,2019-10-30,2019-11-04,4,171.27,161.95,173.90710447952463,189.91,173.90710447952463,stop,107,182.17,0.182,True,bull,51.7,14.5,36.4,5,1.31,True
IGL.NS,Utilities,2021-01-21,2021-01-21,1,253.47,238.79,248.2737009531728,282.82,248.2737009531728,stop,68,-453.35,-0.453,False,bull,60.0,24.8,46.3,2,-0.37,False
MGL.NS,Utilities,2019-01-01,2019-01-01,1,752.61,714.74,739.1026320847922,828.35,739.1026320847922,stop,26,-451.19,-0.451,False,bull,47.2,10.6,26.8,5,0.0,False
MGL.NS,Utilities,2020-02-13,2020-02-13,1,1037.53,975.66,995.1217819615443,1161.26,995.1217819615443,stop,16,-778.53,-0.779,False,neutral,49.4,16.1,35.9,5,-0.22,False
MGL.NS,Utilities,2021-02-19,2021-02-22,2,1035.44,986.06,1031.348818025846,1134.2,1031.348818025846,stop,20,-181.82,-0.182,False,bull,49.4,12.8,27.4,3,-2.93,False
MGL.NS,Utilities,2021-02-26,2021-03-01,2,1035.62,990.3,1020.2343534978718,1126.25,1020.2343534978718,stop,22,-438.48,-0.438,False,bull,49.4,12.3,31.7,3,-2.22,False
MGL.NS,Utilities,2023-06-02,2023-06-02,1,1000.79,956.01,987.3003388372912,1090.34,987.3003388372912,stop,22,-396.77,-0.397,False,neutral,54.0,15.5,26.2,5,0.25,True
MGL.NS,Utilities,2024-08-20,2024-08-22,3,1792.66,1659.64,1768.7581012390028,2058.71,1768.7581012390028,stop,7,-267.31,-0.267,False,bull,53.4,32.2,36.1,5,0.97,True
TORNTPOWER.NS,Utilities,2017-09-20,2017-09-21,2,187.27,176.9,185.05448597088628,208.01,185.05448597088628,stop,96,-312.69,-0.313,False,bull,45.5,19.4,35.9,2,-0.25,False
TORNTPOWER.NS,Utilities,2017-11-28,2017-11-30,3,225.05,212.24,225.79889490070877,250.67,225.63659988992788,stop_gap_down,78,-54.25,-0.054,False,bull,49.4,25.2,34.2,5,-1.66,False
TORNTPOWER.NS,Utilities,2023-04-25,2023-04-26,2,522.16,490.73,518.3370459217758,585.03,518.0019232855902,stop_gap_down,31,-228.9,-0.229,False,bull,52.9,19.5,28.2,5,0.4,True
TORNTPOWER.NS,Utilities,2023-05-02,2023-05-03,2,528.49,511.93,517.0444024163999,561.6,517.0444024163999,stop,60,-786.74,-0.787,False,bull,52.9,17.6,26.4,5,0.14,True
TORNTPOWER.NS,Utilities,2024-01-01,2024-01-02,2,911.1,859.09,901.7090783876098,1015.11,901.7090783876098,stop,19,-278.43,-0.278,False,bull,47.2,18.8,33.1,4,-0.3,False
TORNTPOWER.NS,Utilities,2024-02-01,2024-02-07,5,1011.48,933.09,1080.9430036077702,1168.27,1080.9430036077702,stop,12,733.56,0.734,True,bull,60.0,30.4,34.7,5,0.94,True
CESC.NS,Utilities,2016-06-16,2016-06-20,3,36.82,34.53,36.39025659960104,41.4,36.39025659960104,stop,436,-287.37,-0.287,False,bull,54.0,18.9,32.0,5,0.39,True
CESC.NS,Utilities,2017-03-17,2017-03-20,2,54.01,50.43,52.75132594210571,61.18,52.75132594210571,stop,279,-451.17,-0.451,False,bull,47.1,26.3,32.6,5,-0.29,False
CESC.NS,Utilities,2021-07-12,2021-07-15,4,65.22,60.93,68.65806972470386,73.8,68.65806972470386,stop,233,701.07,0.701,True,bull,49.4,20.8,30.8,5,1.49,True
NHPC.NS,Utilities,2017-01-27,2017-02-01,4,18.5,17.84,19.073287351251427,19.81,19.04017203893417,stop_gap_down,1525,723.76,0.724,True,bull,60.0,15.3,32.2,3,1.32,True
NHPC.NS,Utilities,2022-11-07,2022-11-09,2,39.66,36.92,39.124941624891,45.14,39.124941624891,stop,365,-295.3,-0.295,False,bull,49.4,20.9,33.7,2,0.22,True
NHPC.NS,Utilities,2023-04-27,2023-04-28,2,41.48,38.78,41.254046544440655,46.88,41.254046544440655,stop,370,-183.6,-0.184,False,bull,52.9,11.8,38.1,4,1.41,True
NHPC.NS,Utilities,2023-08-24,2023-08-25,2,47.92,45.56,47.02504273516986,52.63,47.02504273516986,stop,424,-479.46,-0.479,False,bull,53.4,12.3,37.1,5,-0.92,False
OBEROIRLTY.NS,Real Estate,2022-08-25,2022-08-29,3,958.61,904.14,947.3809096339504,1067.54,927.6777103940766,stop_gap_down,18,-656.78,-0.657,False,bull,48.0,17.1,34.5,2,-1.66,False
DLF.NS,Real Estate,2023-07-07,2023-07-07,1,504.58,472.44,492.6219310996715,568.87,492.6219310996715,stop,31,-470.7,-0.471,False,bull,48.0,30.0,27.0,5,-0.85,False
DLF.NS,Real Estate,2024-02-08,2024-02-09,2,818.92,771.16,812.5293412024361,914.45,812.5293412024361,stop,20,-227.81,-0.228,False,bull,54.0,24.8,33.3,3,-0.67,False
GODREJPROP.NS,Real Estate,2017-06-14,2017-06-19,4,538.24,501.24,552.5,612.23,552.5,stop,27,285.02,0.285,True,bull,58.0,40.0,28.4,5,0.53,True
GODREJPROP.NS,Real Estate,2017-11-02,2017-11-07,4,702.8,647.38,717.0,813.65,717.0,stop,18,155.6,0.156,True,bull,64.0,30.9,41.7,3,-0.87,False
GODREJPROP.NS,Real Estate,2023-12-28,2023-12-29,2,2003.2,1932.71,1993.050048828125,2144.18,1991.0,stop_gap_down,14,-270.8,-0.271,False,bull,60.0,20.3,31.2,2,0.35,True
GODREJPROP.NS,Real Estate,2024-01-04,2024-01-05,2,2066.01,1976.1,2055.0,2245.84,2245.84,target_2r,11,1878.13,1.878,True,bull,53.3,22.5,26.0,5,0.9,True
PRESTIGE.NS,Real Estate,2017-11-30,2017-12-04,3,309.75,296.38,315.2580750311148,336.48,315.2580750311148,stop,74,307.6,0.308,True,bull,64.0,17.2,29.9,2,-2.25,False
PHOENIXLTD.NS,Real Estate,2018-02-01,2018-02-02,2,327.67,305.56,319.6710801332337,371.88,319.6710801332337,stop,45,-459.95,-0.46,False,bull,53.3,16.1,39.7,2,-2.42,False
PHOENIXLTD.NS,Real Estate,2022-09-14,2022-09-14,1,705.61,676.89,701.228589257142,763.06,701.228589257142,stop,34,-248.97,-0.249,False,bull,46.0,13.8,28.9,5,-0.37,False
PHOENIXLTD.NS,Real Estate,2023-07-10,2023-07-10,1,811.35,759.87,785.4148067760574,914.32,785.4148067760574,stop,19,-592.77,-0.593,False,bull,48.0,14.5,31.5,5,0.12,True
