entry,sl,risk,shares,pnl,exit_reason,date,symbol
871.2,864.666,6.533999999999992,114,1489.7519999999852,Hit Full Target,2021-05-20,NDGL
33.95,33.695375000000006,0.2546249999999972,2945,1499.7412499999837,Hit Full Target,2021-05-21,BANKNIFTY1
300.9,298.64324999999997,2.256750000000011,332,1498.4819999999884,Hit Full Target,2021-05-24,XELPMOC
74.9,74.33825000000002,0.5617499999999893,1335,1201.4999999999886,EOD Exit,2021-05-25,BANKA
38.87,38.578475,0.29152500000000003,2572,-749.8023000000001,Stopped Out,2021-05-27,ICICIB22
729.0,723.5325,5.467499999999973,137,-749.0474999999963,Stopped Out,2021-05-28,AMRUTANJAN
2679.0,2658.9075000000003,20.092499999999745,37,-743.4224999999906,Stopped Out,2021-06-01,EICHERMOT
287.55,285.39337500000005,2.1566249999999627,347,1496.697749999994,Hit Full Target,2021-06-02,DLF
7.6,7.543,0.056999999999999496,13157,1499.8979999999867,Hit Full Target,2021-06-03,THOMASCOTT
40.0,39.7,0.29999999999999716,2500,999.9999999999965,EOD Exit,2021-06-07,ICICIB22
5.6,5.558,0.041999999999999815,17857,1499.9879999999935,Hit Full Target,2021-06-08,NORBTEAEXP
10736.5499,10656.02577575,80.52412424999966,9,1449.4342364999939,Hit Full Target,2021-06-09,VEEDOL
164.69,163.454825,1.2351749999999981,607,-72.84000000000276,EOD Exit,2021-06-10,AXISNIFTY
51.7,51.312250000000006,0.38774999999999693,1934,1353.7999999999918,EOD Exit,2021-06-11,SOLEX
12.65,12.555125,0.09487500000000004,7905,1499.9737499999867,Hit Full Target,2021-06-14,BCG
23.15,22.976375,0.1736249999999977,4319,1499.7727499999955,Hit Full Target,2021-06-18,S&SPOWER
13.2,13.100999999999999,0.0990000000000002,7575,1499.8499999999894,Hit Full Target,2021-06-23,JITFINFRA
261.75,259.786875,1.963124999999991,382,1499.827499999993,Hit Full Target,2021-06-24,HEALTHX
2.3,2.28275,0.017249999999999766,43478,1499.9909999999988,Hit Full Target,2021-06-28,GLFL
27.75,27.541875,0.208124999999999,3603,-749.8743749999965,Stopped Out,2021-07-01,PSUBNKBEES
0.8,0.794,0.006000000000000005,125000,1499.9999999999875,Hit Full Target,2021-07-02,SANWARIA
35.45,35.184125,0.2658750000000012,2820,140.99999999999199,EOD Exit,2021-07-05,BANKNIFTY1
1.15,1.141375,0.008624999999999883,86956,1499.9909999999988,Hit Full Target,2021-07-07,RMDRIP
4080.0,4049.4,30.59999999999991,24,-168.0,EOD Exit,2021-07-08,BAJAJ-AUTO
18.45,18.311625,0.13837499999999991,5420,1499.984999999999,Hit Full Target,2021-07-09,JITFINFRA
5.8,5.7565,0.04349999999999987,17241,0.0,EOD Exit,2021-07-12,IL&FSENGG
0.95,0.942875,0.007124999999999937,105263,1499.9977499999868,Hit Full Target,2021-07-16,RADAAN
766.6,760.8505,5.749500000000012,130,-747.4350000000015,Stopped Out,2021-07-19,AXISBANK
1369.9,1359.6257500000002,10.274249999999938,72,-739.7459999999955,Stopped Out,2021-07-20,ADANIENT
2.85,2.828625,0.021374999999999922,35087,1499.9692499999944,Hit Full Target,2021-07-28,DCMFINSERV
0.9,0.8932500000000001,0.006749999999999923,111111,1499.9984999999951,Hit Full Target,2021-07-30,RADAAN
128.25,127.28812500000001,0.961874999999992,779,1498.6012499999877,Hit Full Target,2021-08-03,IZMO
26.22,26.02335,0.19664999999999822,3813,-749.8264499999932,Stopped Out,2021-08-04,CPSEETF
5.35,5.309875,0.040124999999999744,18691,1499.9527499999904,Hit Full Target,2021-08-05,TCIFINANCE
1.6,1.588,0.01200000000000001,62500,1499.9999999999875,Hit Full Target,2021-08-06,SHRENIK
13.5,13.398750000000001,0.10124999999999851,7407,-749.958749999989,Stopped Out,2021-08-09,MANUGRAPH
18.0,17.865000000000002,0.134999999999998,5555,1499.8499999999976,Hit Full Target,2021-08-10,SETCO
4.9,4.863250000000001,0.036749999999999616,20408,1499.9879999999844,Hit Full Target,2021-08-11,TCIFINANCE
333.5,330.99875000000003,2.5012499999999704,299,-747.8737499999911,Stopped Out,2021-08-12,HNGSNGBEES
140.5,139.44625000000002,1.0537499999999795,711,1498.432499999991,Hit Full Target,2021-08-13,TATASTEEL
322.5,320.08125,2.4187499999999886,310,-749.8124999999965,Stopped Out,2021-08-16,ORIENTELEC
18.55,18.410875,0.13912499999999994,5390,-749.8837499999997,Stopped Out,2021-08-17,NIBL
51.05,50.667125,0.3828749999999985,1958,1499.3384999999942,Hit Full Target,2021-08-18,CTE
2733.45,2712.949125,20.500874999999724,36,-738.03149999999,Stopped Out,2021-08-20,HEROMOTOCO
385.9,383.00575,2.8942499999999995,259,-749.6107499999998,Stopped Out,2021-08-23,UNITEDTEA
579.5,575.1537500000001,4.346249999999941,172,1495.1099999999992,Hit Full Target,2021-08-24,DHUNINV
8.25,8.188125000000001,0.06187499999999879,12121,1499.9737499999922,Hit Full Target,2021-08-25,TREEHOUSE
2.4,2.382,0.017999999999999794,41666,1499.9759999999828,Hit Full Target,2021-08-26,GLFL
42.19,41.873575,0.3164249999999953,2370,-749.9272499999888,Stopped Out,2021-08-27,GOLDIETF
15.25,15.135625000000001,0.114374999999999,6557,1499.913749999987,Hit Full Target,2021-08-30,AGROPHOS
6.3,6.25275,0.047250000000000014,15873,1499.9984999999863,Hit Full Target,2021-08-31,NORBTEAEXP
6.9,6.848250000000001,0.0517499999999993,14492,1499.9219999999925,Hit Full Target,2021-09-01,NORBTEAEXP
6.65,6.600125,0.049875000000000114,15037,1499.94074999999,Hit Full Target,2021-09-02,NORBTEAEXP
9.8,9.726500000000001,0.07349999999999923,10204,1499.9879999999844,Hit Full Target,2021-09-03,ADROITINFO
6.6,6.5504999999999995,0.0495000000000001,15151,1499.9489999999896,Hit Full Target,2021-09-06,NORBTEAEXP
6.6,6.5504999999999995,0.0495000000000001,15151,1499.9489999999896,Hit Full Target,2021-09-07,NORBTEAEXP
297.85,295.616125,2.233875000000012,335,368.4999999999886,EOD Exit,2021-09-08,VEDL
17.3,17.170250000000003,0.1297499999999978,5780,1499.9099999999953,Hit Full Target,2021-09-09,THOMASCOTT
334.5,331.99125000000004,2.5087499999999636,298,1495.2149999999951,Hit Full Target,2021-09-13,BETA
181.79,180.426575,1.3634249999999781,550,418.00000000001063,EOD Exit,2021-09-14,IDFNIFTYET
220.2,218.5485,1.6514999999999986,454,-317.79999999999484,EOD Exit,2021-09-16,BPCL
6.45,6.401625,0.04837500000000006,15503,1499.915249999988,Hit Full Target,2021-09-17,NORBTEAEXP
931.4,924.4145,6.985500000000002,107,251.45000000000243,EOD Exit,2021-09-20,LUPIN
0.55,0.5458750000000001,0.004124999999999934,181818,1499.9984999999963,Hit Full Target,2021-09-21,GAYAHWS
0.55,0.5458750000000001,0.004124999999999934,181818,1499.9984999999963,Hit Full Target,2021-09-22,GAYAHWS
0.6,0.5955,0.0044999999999999485,166666,1499.9939999999829,Hit Full Target,2021-09-23,GAYAHWS
0.6,0.5955,0.0044999999999999485,166666,1499.9939999999829,Hit Full Target,2021-09-24,GAYAHWS
6.45,6.401625,0.04837500000000006,15503,1499.915249999988,Hit Full Target,2021-09-28,NORBTEAEXP
306.8,304.499,2.3009999999999877,325,-747.824999999996,Stopped Out,2021-09-30,ZEEL
75.1,74.53675,0.5632499999999965,1331,1499.3714999999906,Hit Full Target,2021-10-01,ICDSLTD
0.55,0.5458750000000001,0.004124999999999934,181818,1499.9984999999963,Hit Full Target,2021-10-04,GAYAHWS
6.5,6.45125,0.04875000000000007,15384,1499.9399999999885,Hit Full Target,2021-10-06,NORBTEAEXP
0.95,0.942875,0.007124999999999937,105263,1499.9977499999868,Hit Full Target,2021-10-08,RMDRIP
1677.1,1664.5217499999999,12.578250000000025,59,1484.2334999999896,Hit Full Target,2021-10-11,INFY
2.85,2.828625,0.021374999999999922,35087,1499.9692499999944,Hit Full Target,2021-10-13,KAUSHALYA
0.8,0.794,0.006000000000000005,125000,1499.9999999999875,Hit Full Target,2021-10-14,ZENITHSTL
3948.9,3919.2832500000004,29.616749999999683,25,-740.4187499999921,Stopped Out,2021-10-18,BAJAJ-AUTO
361.0,358.2925,2.707499999999982,277,1499.95499999999,Hit Full Target,2021-10-19,DRCSYSTEMS
51.8,51.4115,0.3885000000000005,1930,1499.6099999999883,Hit Full Target,2021-10-21,TTML
8155.65,8094.482625,61.16737499999999,12,1468.0169999999998,Hit Full Target,2021-10-22,INDIAMART
41.2,40.891000000000005,0.3089999999999975,2427,1499.885999999988,Hit Full Target,2021-10-25,VISHWARAJ
26.3,26.10275,0.19725000000000037,3802,-749.9445000000014,Stopped Out,2021-10-26,RVHL
50.0,49.625,0.375,2000,1499.999999999986,Hit Full Target,2021-10-27,ICDSLTD
120.4,119.49700000000001,0.9029999999999916,830,1498.979999999986,Hit Full Target,2021-10-28,IRB
6.85,6.798625,0.05137499999999928,14598,1499.944499999992,Hit Full Target,2021-11-01,NORBTEAEXP
53.8,53.3965,0.403499999999994,1858,1499.4059999999909,Hit Full Target,2021-11-02,ICDSLTD
5.4,5.359500000000001,0.04049999999999976,18518,1499.957999999991,Hit Full Target,2021-11-03,NEXTMEDIA
269.75,267.726875,2.023124999999993,370,1497.112499999995,Hit Full Target,2021-11-08,SANGAMIND
374.976667,372.16434199750006,2.8123250024999606,266,1496.156901329994,Hit Full Target,2021-11-15,NYKAA
60.0,59.550000000000004,0.44999999999999574,1666,1499.3999999999858,Hit Full Target,2021-11-17,NPST
3.7,3.6722500000000005,0.02774999999999972,27027,1499.998499999985,Hit Full Target,2021-11-18,TARAPUR
24.0,23.82,0.17999999999999972,4166,1499.7599999999977,Hit Full Target,2021-11-22,MOTOGENFIN
3488.9,3462.73325,26.166749999999865,28,1465.3379999999925,Hit Full Target,2021-11-23,GLAND
577.9,573.56575,4.334249999999997,173,-749.8252499999995,Stopped Out,2021-11-25,NUCLEUS
6.6,6.5504999999999995,0.0495000000000001,15151,1499.9489999999896,Hit Full Target,2021-11-30,NORBTEAEXP
1897.25,1883.020625,14.22937499999989,52,-739.9274999999943,Stopped Out,2021-12-02,INDIGO
29.3,29.080250000000003,0.21974999999999767,3412,1499.5739999999962,Hit Full Target,2021-12-07,THOMASCOTT
4.85,4.813625,0.0363749999999996,20618,1499.9594999999836,Hit Full Target,2021-12-10,LAKPRE
577.2,572.8710000000001,4.328999999999951,173,-748.9169999999915,Stopped Out,2021-12-14,CHOLAFIN
8.2,8.1385,0.06149999999999878,12195,1499.984999999992,Hit Full Target,2021-12-16,NORBTEAEXP
67.0,66.4975,0.5024999999999977,1492,1499.4599999999932,Hit Full Target,2021-12-17,NPST
71.9,71.36075000000001,0.5392499999999956,1390,-749.5574999999939,Stopped Out,2021-12-20,AUSOMENT
22.8,22.629,0.17099999999999937,4385,1499.6699999999946,Hit Full Target,2021-12-21,MCLEODRUSS
150.2625,149.13553124999999,1.1269687500000032,665,598.5000000000227,EOD Exit,2021-12-22,POWERGRID
47.6,47.243,0.3569999999999993,2100,1499.3999999999971,Hit Full Target,2021-12-23,WIPL
364.95,362.212875,2.737124999999992,274,-749.9722499999978,Stopped Out,2021-12-24,BIOCON
7.9,7.840750000000001,0.05924999999999958,12658,1499.9729999999895,Hit Full Target,2021-12-28,PASHUPATI
9.15,9.081375000000001,0.06862499999999905,10928,1499.8679999999986,Hit Full Target,2021-12-29,ADROITINFO
75.9,75.33075000000001,0.5692499999999967,1317,-749.7022499999956,Stopped Out,2021-12-30,CONSUMBEES
37.25,36.970625,0.2793750000000017,2684,1499.6849999999902,Hit Full Target,2022-01-03,MASKINVEST
30.1,29.874250000000004,0.2257499999999979,3322,1499.882999999986,Hit Full Target,2022-01-04,KHAITANLTD
8.8,8.734000000000002,0.06599999999999895,11363,1499.9159999999963,Hit Full Target,2022-01-05,NORBTEAEXP
106.1,105.30425,0.7957499999999982,942,-749.5964999999983,Stopped Out,2022-01-06,ASHOKA
4.75,4.714375,0.035624999999999574,21052,1499.954999999982,Hit Full Target,2022-01-07,GFSTEELS
183.6,182.223,1.3769999999999811,544,1498.175999999995,Hit Full Target,2022-01-10,IDFNIFTYET
13.4,13.299500000000002,0.10049999999999848,7462,-749.9309999999887,Stopped Out,2022-01-11,IDEA
46.0,45.655,0.34499999999999886,2173,1499.3699999999951,Hit Full Target,2022-01-12,REMSONSIND
122.6,121.6805,0.9194999999999993,815,1498.7849999999873,Hit Full Target,2022-01-13,PANSARI
369.95,367.17537500000003,2.7746249999999577,270,1498.2974999999924,Hit Full Target,2022-01-17,DRCSYSTEMS
92.55,91.855875,0.6941249999999997,1080,-749.6549999999996,Stopped Out,2022-01-18,HFCL
8.5,8.436250000000001,0.06374999999999886,11764,1499.9099999999942,Hit Full Target,2022-01-19,PASHUPATI
1805.0,1791.4625,13.537499999999909,55,1489.12499999999,Hit Full Target,2022-01-20,IVZINNIFTY
513.0,509.15250000000003,3.847499999999968,194,-746.4149999999938,Stopped Out,2022-01-27,SBIN
3.8,3.7715,0.028499999999999748,26315,1499.9549999999867,Hit Full Target,2022-01-31,GFSTEELS
733.95,728.4453750000001,5.504624999999919,136,-748.628999999989,Stopped Out,2022-02-02,ADANIPORTS
285.85,283.70612500000004,2.14387499999998,349,1496.424749999986,Hit Full Target,2022-02-03,ZEEL
2699.75,2679.501875,20.248125000000073,37,1498.3612499999886,Hit Full Target,2022-02-11,HEROMOTOCO
1381.0,1370.6425000000002,10.357499999999845,72,-745.7399999999889,Stopped Out,2022-02-14,MUTHOOTFIN
969.0,961.7325000000001,7.267499999999927,103,-748.5524999999925,Stopped Out,2022-02-15,IPCALAB
48.75,48.384375000000006,0.3656249999999943,2051,1499.7937499999912,Hit Full Target,2022-02-16,SPMLINFRA
383.75,380.87187500000005,2.8781249999999545,260,1496.6249999999911,Hit Full Target,2022-02-17,HIKAL
527.9,523.94075,3.9592499999999973,189,1496.596499999999,Hit Full Target,2022-02-21,BLUESTARCO
28.9,28.68325,0.21674999999999756,3460,-749.9549999999915,Stopped Out,2022-02-22,NHPC
70.15,69.62387500000001,0.5261249999999933,1425,1499.4562499999809,Hit Full Target,2022-02-23,NPST
174.0,172.69500000000002,1.3049999999999784,574,516.6000000000033,EOD Exit,2022-02-25,QNIFTY
98.75,98.009375,0.7406249999999943,1012,1499.0249999999885,Hit Full Target,2022-02-28,MOTHERSON
452.0,448.61,3.3899999999999864,221,-749.189999999997,Stopped Out,2022-03-02,PRESTIGE
197.15,195.671375,1.4786249999999939,507,1499.3257499999938,Hit Full Target,2022-03-03,TEMBO
1850.0,1836.125,13.875,54,-749.25,Stopped Out,2022-03-04,IVZINNIFTY
105.3,104.51025,0.789749999999998,949,1498.9454999999962,Hit Full Target,2022-03-07,IRB
49.31,48.940175,0.36982499999999874,2027,-81.07999999999828,EOD Exit,2022-03-08,GILT5YBEES
51.45,51.064125000000004,0.38587499999999864,1943,-749.7551249999974,Stopped Out,2022-03-09,BSLSENETFG
220.0,218.35000000000002,1.6499999999999773,454,1498.1999999999923,Hit Full Target,2022-03-11,PKTEA
0.85,0.8436250000000001,0.0063749999999999085,117647,1499.9992499999914,Hit Full Target,2022-03-15,GAYAHWS
60.15,59.698875,0.45112499999999756,1662,1499.539499999992,Hit Full Target,2022-03-16,INSPIRISYS
58.55,58.110875,0.4391249999999971,1707,1499.1727499999902,Hit Full Target,2022-03-17,WIPL
1250.0,1240.625,9.375,80,1499.9999999999818,Hit Full Target,2022-03-21,PIDILITIND
11.2,11.116,0.08399999999999963,8928,1499.9039999999934,Hit Full Target,2022-03-22,PASHUPATI
10.5,10.42125,0.07874999999999943,9523,1499.8724999999893,Hit Full Target,2022-03-23,PASHUPATI
2015.85,2000.731125,15.118874999999889,49,1481.6497499999891,Hit Full Target,2022-03-24,ABB
0.8,0.794,0.006000000000000005,125000,1499.9999999999875,Hit Full Target,2022-03-25,RMDRIP
57.0,56.572500000000005,0.4274999999999949,1754,1499.6699999999946,Hit Full Target,2022-03-29,NDL
264.35,262.36737500000004,1.9826249999999845,378,1498.8644999999883,Hit Full Target,2022-03-31,WOCKPHARMA
191.0,189.5675,1.4325000000000045,523,1498.39499999999,Hit Full Target,2022-04-01,HINDOILEXP
14.75,14.639375000000001,0.11062499999999886,6779,-749.9268749999923,Stopped Out,2022-04-04,LLOYDSENGG
33.3,33.05025,0.2497499999999988,3003,1499.9984999999929,Hit Full Target,2022-04-05,MASKINVEST
704.4,699.117,5.2830000000000155,141,-744.9030000000022,Stopped Out,2022-04-06,CHOLAFIN
1631.65,1619.4126250000002,12.237374999999929,61,-746.4798749999957,Stopped Out,2022-04-08,ESCORTS
151.4,150.26450000000003,1.135499999999979,660,1498.859999999991,Hit Full Target,2022-04-12,SBIETFQLTY
600.0,595.5,4.5,166,1493.9999999999811,Hit Full Target,2022-04-13,BETA
51.3,50.91525,0.3847499999999968,1949,1499.7554999999875,Hit Full Target,2022-04-19,INSPIRISYS
3251.55,3227.1633750000005,24.38662499999964,30,1463.197499999992,Hit Full Target,2022-04-21,GLAND
66.02,65.52485,0.4951499999999953,1514,1499.3141999999857,Hit Full Target,2022-04-26,AXISCETF
15.05,14.937125000000002,0.11287499999999895,6644,-749.941499999993,Stopped Out,2022-04-29,LLOYDSENGG
1840.75,1826.944375,13.805624999999964,54,1491.007499999996,Hit Full Target,2022-05-02,INDIGO
12.75,12.654375,0.09562500000000007,7843,-749.9868750000005,Stopped Out,2022-05-04,MITTAL
2483.0,2464.3775,18.622499999999945,40,1489.7999999999956,Hit Full Target,2022-05-06,HEROMOTOCO
439.35,436.05487500000004,3.2951249999999845,227,-747.9933749999965,Stopped Out,2022-05-10,HINDALCO
483.4,479.7745,3.625499999999988,206,1493.7059999999951,Hit Full Target,2022-05-11,TORNTPOWER
7285.5,7230.85875,54.64124999999967,13,-710.3362499999957,Stopped Out,2022-05-12,MARUTI
30.15,29.923875,0.2261249999999997,3316,1499.6609999999862,Hit Full Target,2022-05-13,SAGARDEEP
631.7,626.96225,4.7377500000000055,158,1497.1289999999838,Hit Full Target,2022-05-16,POLICYBZR
12.3,12.20775,0.09224999999999994,8130,1499.9849999999847,Hit Full Target,2022-05-17,PASHUPATI
1050.0,1042.125,7.875,95,-748.125,Stopped Out,2022-05-19,PIDILITIND
28.0,27.790000000000003,0.2099999999999973,3571,1499.8199999999933,Hit Full Target,2022-05-20,JSLL
674.55,669.490875,5.0591249999999945,148,-748.7504999999992,Stopped Out,2022-05-24,RAMCOCEM
3463.3,3437.3252500000003,25.974749999999858,28,1454.585999999992,Hit Full Target,2022-05-26,APOLLOHOSP
432.7,429.45475,3.2452499999999986,231,-749.6527499999997,Stopped Out,2022-05-27,PRESTIGE
12.15,12.058875,0.0911249999999999,8230,822.999999999997,EOD Exit,2022-05-30,LLOYDSENGG
79.9,79.30075000000001,0.5992499999999978,1251,-749.6617499999973,Stopped Out,2022-05-31,ASHOKA
0.55,0.5458750000000001,0.004124999999999934,181818,1499.9984999999963,Hit Full Target,2022-06-01,GAYAHWS
11.25,11.165625,0.08437499999999964,8888,1499.8499999999938,Hit Full Target,2022-06-02,PASHUPATI
313.45,311.099125,2.3508749999999736,319,-749.9291249999916,Stopped Out,2022-06-06,VEDL
11.1,11.01675,0.0832499999999996,9009,1499.9984999999929,Hit Full Target,2022-06-07,PASHUPATI
474.75,471.18937500000004,3.560624999999959,210,-747.7312499999914,Stopped Out,2022-06-09,BERGEPAINT
482.25,478.633125,3.616874999999993,207,-748.6931249999986,Stopped Out,2022-06-10,BERGEPAINT
717.85,712.466125,5.383874999999989,139,576.8499999999968,EOD Exit,2022-06-13,NAUKRI
814.5,808.39125,6.108749999999986,122,-745.2674999999983,Stopped Out,2022-06-14,MFSL
80.0,79.4,0.5999999999999943,1250,1499.999999999986,Hit Full Target,2022-06-15,NPST
306.0,303.70500000000004,2.294999999999959,326,1496.339999999992,Hit Full Target,2022-06-16,PKTEA
3073.9,3050.8457500000004,23.054249999999683,32,1475.4719999999943,Hit Full Target,2022-06-20,ALKEM
9.45,9.379125,0.07087499999999913,10582,1499.9984999999817,Hit Full Target,2022-06-21,ONEPOINT
320.4,317.997,2.402999999999963,312,-749.7359999999885,Stopped Out,2022-06-22,BIOCON
10.8,10.719000000000001,0.08099999999999952,9259,1499.957999999991,Hit Full Target,2022-06-27,NAGREEKCAP
30.4,30.172,0.22799999999999798,3289,164.45000000000235,EOD Exit,2022-06-28,MASKINVEST
3758.7,3730.50975,28.19024999999965,26,-732.9464999999909,Stopped Out,2022-06-30,BAJAJ-AUTO
491.8,488.11150000000004,3.6884999999999764,203,1497.5309999999904,Hit Full Target,2022-07-06,MARICO
0.6,0.5955,0.0044999999999999485,166666,1499.9939999999829,Hit Full Target,2022-07-08,GAYAHWS
24.7,24.51475,0.18524999999999991,4048,-202.40000000000288,EOD Exit,2022-07-11,GICL
417.7,414.56725,3.1327499999999873,239,-748.727249999997,Stopped Out,2022-07-12,SPANDANA
39.1,38.80675,0.29325000000000045,2557,1499.6804999999842,Hit Full Target,2022-07-13,ABSLNN50ET
45.0,44.6625,0.3374999999999986,2222,1499.8499999999938,Hit Full Target,2022-07-14,SONAMLTD
0.7,0.69475,0.005249999999999977,142857,1499.9984999999933,Hit Full Target,2022-07-15,GAYAHWS
72.6,72.0555,0.5444999999999993,1377,1499.552999999998,Hit Full Target,2022-07-18,ARTNIRMAN
40.88,40.57340000000001,0.306599999999996,2446,-48.92000000000765,EOD Exit,2022-07-19,NEXT50IETF
282.6,280.48050000000006,2.1194999999999595,353,-748.1834999999858,Stopped Out,2022-07-20,HINDZINC
43.3,42.97525,0.32474999999999454,2309,1499.6954999999912,Hit Full Target,2022-07-22,SONAMLTD
50.4,50.022,0.3780000000000001,1984,-749.9520000000002,Stopped Out,2022-07-27,BCG
44.17,43.838725000000004,0.331274999999998,2263,1499.350649999991,Hit Full Target,2022-07-28,SNXT50BETA
0.65,0.6451250000000001,0.004874999999999963,153846,1499.9984999999886,Hit Full Target,2022-07-29,GAYAHWS
37.65,37.367625000000004,0.2823749999999947,2656,504.64000000001283,EOD Exit,2022-08-01,BANKIETF
176.3,174.97775000000001,1.3222499999999968,567,1499.4314999999965,Hit Full Target,2022-08-02,INDIANB
981.9,974.53575,7.36424999999997,101,-743.789249999997,Stopped Out,2022-08-03,VOLTAS
615.0,610.3875,4.6124999999999545,162,1494.4499999999853,Hit Full Target,2022-08-04,LUPIN
119.9,119.00075000000001,0.899249999999995,834,1499.9489999999917,Hit Full Target,2022-08-08,TEMBO
4.85,4.813625,0.0363749999999996,20618,1499.9594999999836,Hit Full Target,2022-08-12,CREATIVEYE
112.8,111.95400000000001,0.8459999999999894,886,-749.5559999999906,Stopped Out,2022-08-16,HIMATSEIDE
76.9,76.32325000000002,0.5767499999999899,1300,1499.5499999999922,Hit Full Target,2022-08-17,HBLENGINE
460.24,456.7882,3.4517999999999915,217,164.91999999999803,EOD Exit,2022-08-18,JUNIORBEES
366.95,364.197875,2.752124999999978,272,54.39999999999691,EOD Exit,2022-08-22,KOTAKBANK
1053.75,1045.846875,7.9031250000000455,94,1485.7874999999872,Hit Full Target,2022-08-23,INDUSINDBK
454.19,450.78357500000004,3.406424999999956,220,-666.599999999994,EOD Exit,2022-08-25,JUNIORBEES
43.35,43.024875,0.3251249999999999,2306,-749.7382499999998,Stopped Out,2022-08-26,BCG
52.74,52.34445,0.39555000000000007,1896,910.079999999994,EOD Exit,2022-08-30,ICICIB22
3367.4,3342.1445000000003,25.255499999999756,29,1464.8189999999859,Hit Full Target,2022-09-01,EICHERMOT
41.25,40.940625000000004,0.30937499999999574,2424,1499.8499999999965,Hit Full Target,2022-09-02,ICDSLTD
706.0,700.705,5.294999999999959,141,1493.1899999999885,Hit Full Target,2022-09-05,PAYTM
38.0,37.715,0.2849999999999966,2631,1499.669999999982,Hit Full Target,2022-09-06,ABCOTS
14.75,14.639375000000001,0.11062499999999886,6779,338.9500000000048,EOD Exit,2022-09-07,LLOYDSENGG
574.9,570.58825,4.311749999999961,173,-745.9327499999932,Stopped Out,2022-09-12,BLUESTARCO
1229.0,1219.7825,9.217499999999973,81,-746.6174999999978,Stopped Out,2022-09-13,LALPATHLAB
206.4,204.852,1.5480000000000018,484,1498.4639999999881,Hit Full Target,2022-09-14,WIPRO
40.3,39.997749999999996,0.3022500000000008,2481,-749.8822500000019,Stopped Out,2022-09-15,HUDCO
0.55,0.5458750000000001,0.004124999999999934,181818,1499.9984999999963,Hit Full Target,2022-09-16,GATECH
429.75,426.526875,3.223124999999982,232,1495.5299999999916,Hit Full Target,2022-09-19,MAXHEALTH
0.6,0.5955,0.0044999999999999485,166666,1499.9939999999829,Hit Full Target,2022-09-21,GATECH
637.2,632.421,4.778999999999996,156,1491.0479999999989,Hit Full Target,2022-09-23,KOTYARK
233.4,231.64950000000002,1.7504999999999882,428,-749.2139999999949,Stopped Out,2022-09-26,KNRCON
30.25,30.023125,0.22687499999999972,3305,-495.7499999999953,EOD Exit,2022-09-27,JSLL
56.6,56.17550000000001,0.42449999999999477,1766,1499.3339999999941,Hit Full Target,2022-09-29,TRU
600.01,595.5099250000001,4.500074999999924,166,1494.0248999999937,Hit Full Target,2022-09-30,SENSEXBETA
13.2,13.100999999999999,0.0990000000000002,7575,-749.9250000000015,Stopped Out,2022-10-03,LLOYDSENGG
13.35,13.249875000000001,0.10012499999999847,7490,-749.9362499999885,Stopped Out,2022-10-06,LLOYDSENGG
44.54,44.20595,0.33404999999999774,2245,22.449999999995534,EOD Exit,2022-10-07,AXISGOLD
364.65,361.915125,2.734874999999988,274,-749.3557499999968,Stopped Out,2022-10-10,DLF
73.2,72.65100000000001,0.5489999999999924,1366,1499.8679999999986,Hit Full Target,2022-10-11,KOTHARIPET
5.3,5.26025,0.03974999999999973,18867,1499.9264999999898,Hit Full Target,2022-10-12,NEXTMEDIA
106.1,105.30425,0.7957499999999982,942,1499.1929999999966,Hit Full Target,2022-10-13,MWL
0.35,0.347375,0.0026249999999999885,285714,1499.9984999999933,Hit Full Target,2022-10-17,BLUECHIP
12.3,12.20775,0.09224999999999994,8130,1499.9849999999847,Hit Full Target,2022-10-18,PASHUPATI
683.9,678.77075,5.129249999999956,146,-748.8704999999936,Stopped Out,2022-10-20,LUPIN
12.5,12.40625,0.09375,8000,1499.999999999986,Hit Full Target,2022-10-21,PASHUPATI
73.2,72.65100000000001,0.5489999999999924,1366,1499.8679999999986,Hit Full Target,2022-10-25,AXISCETF
92.3,91.60775,0.6922500000000014,1083,1499.4134999999876,Hit Full Target,2022-10-28,KRISHNADEF
282.7,280.57975,2.1202499999999986,353,-748.4482499999995,Stopped Out,2022-10-31,VEDL
99.75,99.001875,0.7481250000000017,1002,1499.2424999999891,Hit Full Target,2022-11-01,TATASTEEL
38.55,38.260875,0.2891249999999985,2594,-749.9902499999962,Stopped Out,2022-11-02,SONAMLTD
6.0,5.955,0.04499999999999993,16666,1499.9399999999976,Hit Full Target,2022-11-04,LAKPRE
100.6,99.8455,0.7544999999999931,994,1043.7000000000112,EOD Exit,2022-11-07,RECLTD
63.8,63.3215,0.4784999999999968,1567,-749.8094999999951,Stopped Out,2022-11-11,CTE
726.0,720.5550000000001,5.444999999999936,137,-745.9649999999913,Stopped Out,2022-11-14,CHOLAFIN
5.85,5.806125,0.043874999999999886,17094,1499.998499999996,Hit Full Target,2022-11-16,SIKKO
12.8,12.704,0.09600000000000009,7812,-749.9520000000007,Stopped Out,2022-11-17,LLOYDSENGG
11.9,11.81075,0.08924999999999983,8403,840.299999999997,EOD Exit,2022-11-18,PASHUPATI
171.6,170.31300000000002,1.2869999999999777,582,1498.0679999999907,Hit Full Target,2022-11-23,NYKAA
98.52,97.7811,0.738900000000001,1015,1499.9669999999876,Hit Full Target,2022-11-24,PFC
5.7,5.65725,0.042749999999999844,17543,1499.9264999999946,Hit Full Target,2022-11-25,DCMFINSERV
301.3,299.04025,2.259749999999997,331,148.94999999999624,EOD Exit,2022-11-29,VEDL
65.55,65.058375,0.4916249999999991,1525,1499.4562499999972,Hit Full Target,2022-11-30,ABMINTLLTD
153.9,152.74575000000002,1.1542499999999905,649,1498.2164999999877,Hit Full Target,2022-12-01,BOHRAIND
32.85,32.603625,0.24637500000000045,3044,-749.9655000000014,Stopped Out,2022-12-05,LASA
10.3,10.222750000000001,0.07724999999999937,9708,1499.885999999988,Hit Full Target,2022-12-06,PASHUPATI
12.95,12.852875,0.09712500000000013,7722,1499.9984999999883,Hit Full Target,2022-12-07,LLOYDSENGG
203.47,201.943975,1.5260250000000042,491,117.84000000000447,EOD Exit,2022-12-08,NIFTYBEES
36.5,36.22625,0.2737499999999997,2739,1499.6024999999984,Hit Full Target,2022-12-12,KSHITIJPOL
191.92,190.4806,1.4393999999999778,521,203.1900000000077,EOD Exit,2022-12-13,SETFNIF50
701.4,696.1395,5.260499999999979,142,-746.990999999997,Stopped Out,2022-12-15,IRCTC
10.9,10.81825,0.08174999999999955,9174,1499.9489999999917,Hit Full Target,2022-12-16,GICL
106.0,105.205,0.7950000000000017,943,1499.36999999999,Hit Full Target,2022-12-22,MWL
118.75,117.859375,0.890625,842,1499.812499999988,Hit Full Target,2022-12-23,DCI
13.85,13.746125000000001,0.10387499999999861,7220,1499.9549999999927,Hit Full Target,2022-12-26,LLOYDSENGG
134.0,132.995,1.0049999999999955,746,1499.4599999999932,Hit Full Target,2022-12-27,NPST
11.4,11.3145,0.08549999999999969,8771,1499.8409999999944,Hit Full Target,2022-12-28,UNITEDPOLY
139.0,137.9575,1.0424999999999898,719,1499.1149999999852,Hit Full Target,2022-12-29,KRISHNADEF
6.7,6.649750000000001,0.05024999999999924,14925,1499.9624999999905,Hit Full Target,2022-12-30,ESSENTIA
29.74,29.51695,0.22304999999999708,3362,168.10000000000238,EOD Exit,2023-01-02,IT
62.75,62.279375,0.4706249999999983,1593,1499.4112499999947,Hit Full Target,2023-01-03,ADL
111.2,110.36600000000001,0.833999999999989,899,1499.5319999999929,Hit Full Target,2023-01-04,ARVEE
17.1,16.971750000000004,0.12824999999999775,5847,-749.8777499999869,Stopped Out,2023-01-05,LLOYDSENGG
6.0,5.955,0.04499999999999993,16666,1499.9399999999976,Hit Full Target,2023-01-09,SHEKHAWATI
111.0,110.1675,0.832499999999996,900,1498.4999999999927,Hit Full Target,2023-01-11,ARVEE
16.4,16.277,0.12299999999999756,6097,-749.9309999999851,Stopped Out,2023-01-12,LLOYDSENGG
1070.75,1062.7193750000001,8.030624999999873,93,497.54999999999154,EOD Exit,2023-01-13,HCLTECH
11.3,11.215250000000001,0.08474999999999966,8849,0.0,EOD Exit,2023-01-16,GICL
103.75,102.97187500000001,0.7781249999999886,963,1498.6687499999919,Hit Full Target,2023-01-17,MWL
28.5,28.286250000000003,0.21374999999999744,3508,1499.6699999999946,Hit Full Target,2023-01-18,3PLAND
3525.85,3499.406125,26.443874999999935,28,-740.4284999999982,Stopped Out,2023-01-19,ADANIENT
2584.4,2565.0170000000003,19.38299999999981,38,-736.5539999999928,Stopped Out,2023-01-20,HINDUNILVR
22.7,22.52975,0.17024999999999935,4405,1499.9024999999942,Hit Full Target,2023-01-23,LLOYDSENGG
10.65,10.570125,0.07987499999999947,9389,1499.8927499999902,Hit Full Target,2023-01-24,GICL
863.5,857.0237500000001,6.476249999999936,115,1489.5374999999854,Hit Full Target,2023-01-30,AXISBANK
134.4,133.39200000000002,1.0079999999999814,744,-749.9519999999861,Stopped Out,2023-01-31,NYKAA
100.0,99.25,0.75,1000,1499.999999999986,Hit Full Target,2023-02-03,MWL
40.15,39.848875,0.301124999999999,2490,1499.602499999995,Hit Full Target,2023-02-06,FILATEX
215.8,214.18150000000003,1.6184999999999832,463,-92.6000000000079,EOD Exit,2023-02-08,COALINDIA
1360.1,1349.89925,10.200749999999971,73,-744.6547499999979,Stopped Out,2023-02-09,GLAND
216.3,214.67775000000003,1.6222499999999798,462,92.39999999999475,EOD Exit,2023-02-14,ZEEL
8.3,8.237750000000002,0.062249999999998806,12048,-749.9879999999856,Stopped Out,2023-02-16,GATECHDVR
40.25,39.948125000000005,0.30187499999999545,2484,-749.8574999999887,Stopped Out,2023-02-17,NHPC
3.85,3.8211250000000003,0.028874999999999762,25974,1499.9984999999876,Hit Full Target,2023-02-21,ZEELEARN
502.85,499.07862500000005,3.7713749999999777,198,-746.7322499999956,Stopped Out,2023-02-22,TORNTPOWER
32.3,32.05775,0.24224999999999852,3095,1499.5274999999908,Hit Full Target,2023-02-23,NKIND
0.4,0.397,0.0030000000000000027,250000,1499.9999999999875,Hit Full Target,2023-02-27,BLUECHIP
227.7,225.99225,1.707749999999976,439,1499.4044999999912,Hit Full Target,2023-02-28,BIOCON
1.7,1.6872500000000001,0.012749999999999817,58823,1499.9864999999916,Hit Full Target,2023-03-01,RMDRIP
20.95,20.792875,0.15712500000000063,4773,1499.915249999989,Hit Full Target,2023-03-06,LLOYDSENGG
157.9,156.71575,1.1842499999999916,633,-749.6302499999947,Stopped Out,2023-03-08,E2E
20.2,20.0485,0.15149999999999864,4950,-749.9249999999932,Stopped Out,2023-03-15,LLOYDSENGG
3.2,3.176,0.02400000000000002,31250,1499.9999999999875,Hit Full Target,2023-03-16,TARAPUR
2.25,2.2331250000000002,0.01687499999999975,44444,1499.9849999999976,Hit Full Target,2023-03-17,TVVISION
1582.25,1570.383125,11.866874999999936,63,793.7999999999943,EOD Exit,2023-03-20,GRASIM
19.5,19.35375,0.14624999999999844,5128,-749.969999999992,Stopped Out,2023-03-21,LLOYDSENGG
19.35,19.204875,0.14512500000000017,5167,-749.8608750000009,Stopped Out,2023-03-22,LLOYDSENGG
19.2,19.056,0.14399999999999835,5208,-749.9519999999914,Stopped Out,2023-03-23,LLOYDSENGG
1936.85,1922.323625,14.526374999999916,51,-740.8451249999957,Stopped Out,2023-03-27,BALKRISIND
17.15,17.021375,0.12862499999999955,5830,1499.7674999999947,Hit Full Target,2023-03-29,LLOYDSENGG
18.55,18.410875,0.13912499999999994,5390,1499.7674999999995,Hit Full Target,2023-03-31,LLOYDSENGG
18.25,18.113125,0.13687499999999986,5479,-749.9381249999992,Stopped Out,2023-04-03,LLOYDSENGG
310.1,307.77425000000005,2.325749999999971,322,1497.7829999999813,Hit Full Target,2023-04-05,SOLEX
269.0,266.9825,2.017499999999984,371,1496.9849999999883,Hit Full Target,2023-04-06,VEDL
2.4,2.382,0.017999999999999794,41666,1499.9759999999828,Hit Full Target,2023-04-10,GLFL
19.0,18.8575,0.1424999999999983,5263,-749.977499999991,Stopped Out,2023-04-11,LLOYDSENGG
19.1,18.956750000000003,0.14324999999999832,5235,1499.8274999999824,Hit Full Target,2023-04-12,LLOYDSENGG
3.05,3.027125,0.02287499999999998,32786,1499.959499999984,Hit Full Target,2023-04-13,KRIDHANINF
1250.3,1240.92275,9.377250000000004,79,687.3000000000036,EOD Exit,2023-04-17,INFY
2.55,2.530875,0.019124999999999837,39215,1499.9737499999871,Hit Full Target,2023-04-18,GLFL
36.6,36.325500000000005,0.2744999999999962,2732,1499.8679999999986,Hit Full Target,2023-04-19,NKIND
12.15,12.058875,0.0911249999999999,8230,1499.9174999999836,Hit Full Target,2023-04-20,ALOKINDS
134.0,132.995,1.0049999999999955,746,1499.4599999999932,Hit Full Target,2023-04-21,KAPSTON
0.7,0.69475,0.005249999999999977,142857,1499.9984999999933,Hit Full Target,2023-04-24,FEL
19.3,19.155250000000002,0.14474999999999838,5181,1499.8994999999832,Hit Full Target,2023-04-25,LLOYDSENGG
0.75,0.744375,0.005624999999999991,133333,1499.9962499999976,Hit Full Target,2023-04-26,GAYAHWS
843.95,837.6203750000001,6.3296249999999645,118,-746.8957499999958,Stopped Out,2023-04-27,VOLTAS
1009.5,1001.92875,7.571249999999964,99,1499.1074999999928,Hit Full Target,2023-04-28,TECHM
5.0,4.9625,0.037499999999999645,20000,1499.999999999986,Hit Full Target,2023-05-02,SHEKHAWATI
972.0,964.71,7.289999999999964,102,1487.1599999999926,Hit Full Target,2023-05-03,BBTC
20.95,20.792875,0.15712500000000063,4773,-749.957625000003,Stopped Out,2023-05-04,LLOYDSENGG
829.0,822.7825,6.217499999999973,120,-746.0999999999967,Stopped Out,2023-05-05,HDFCBANK
20.8,20.644000000000002,0.1559999999999988,4807,-749.8919999999943,Stopped Out,2023-05-08,LLOYDSENGG
9.0,8.932500000000001,0.067499999999999,11111,1499.9849999999976,Hit Full Target,2023-05-09,PASHUPATI
165.2,163.96099999999998,1.2390000000000043,605,1499.189999999988,Hit Full Target,2023-05-10,LAL
599.7,595.20225,4.497749999999996,166,-282.20000000000755,EOD Exit,2023-05-15,POLICYBZR
23.35,23.174875000000004,0.17512499999999775,4282,-749.8852499999904,Stopped Out,2023-05-16,LLOYDSENGG
963.025,955.8023125,7.222687500000006,103,1487.8736249999897,Hit Full Target,2023-05-22,JBCHEPHARM
17.3,17.170250000000003,0.1297499999999978,5780,-749.9549999999873,Stopped Out,2023-05-24,GMRP&UI
0.6,0.5955,0.0044999999999999485,166666,1499.9939999999829,Hit Full Target,2023-05-25,GAYAHWS
37008.7,36731.13475,277.56524999999965,2,1110.2609999999986,Hit Full Target,2023-05-26,PAGEIND
628.55,623.835875,4.714124999999967,159,1499.0917499999896,Hit Full Target,2023-05-29,BETA
286.8,284.649,2.1510000000000105,348,-748.5480000000036,Stopped Out,2023-05-30,VEDL
38.25,37.963125000000005,0.2868749999999949,2614,1499.7824999999918,Hit Full Target,2023-05-31,NKIND
231.0,229.2675,1.7324999999999875,432,-748.4399999999946,Stopped Out,2023-06-01,COALINDIA
0.6,0.5955,0.0044999999999999485,166666,1499.9939999999829,Hit Full Target,2023-06-06,GAYAHWS
26.95,26.747875,0.20212499999999878,3710,1499.7674999999908,Hit Full Target,2023-06-07,LLOYDSENGG
0.7,0.69475,0.005249999999999977,142857,1499.9984999999933,Hit Full Target,2023-06-08,GAYAHWS
3393.75,3368.296875,25.453125,29,1476.2812499999868,Hit Full Target,2023-06-12,DIVISLAB
26.2,26.0035,0.19650000000000034,3816,1499.687999999989,Hit Full Target,2023-06-14,LLOYDSENGG
26.7,26.499750000000002,0.20024999999999693,3745,-749.9362499999885,Stopped Out,2023-06-15,LLOYDSENGG
158.0,156.815,1.1850000000000023,632,-748.9200000000014,Stopped Out,2023-06-16,PFC
2.05,2.034625,0.015374999999999694,48780,1499.984999999992,Hit Full Target,2023-06-19,TVVISION
0.9,0.8932500000000001,0.006749999999999923,111111,1499.9984999999951,Hit Full Target,2023-06-21,VIVIDHA
111.45,110.614125,0.8358750000000015,897,-224.25,EOD Exit,2023-06-22,TATASTEEL
3.75,3.7218750000000003,0.028124999999999734,26666,1499.9624999999858,Hit Full Target,2023-06-23,CREATIVEYE
708.1,702.78925,5.3107499999999845,141,1497.6314999999956,Hit Full Target,2023-06-26,IPCALAB
308.0,305.69,2.3100000000000023,324,1496.879999999983,Hit Full Target,2023-06-27,WEALTH
24.3,24.11775,0.1822499999999998,4115,1499.9174999999836,Hit Full Target,2023-06-28,LLOYDSENGG
24.15,23.968875,0.18112499999999798,4140,-749.8574999999917,Stopped Out,2023-06-30,LLOYDSENGG
39.1,38.80675,0.29325000000000045,2557,1499.6804999999842,Hit Full Target,2023-07-04,GOLDENTOBC
44.16,43.8288,0.3311999999999955,2264,294.3200000000058,EOD Exit,2023-07-05,HDFCNEXT50
26.45,26.251625,0.19837499999999864,3780,1499.7149999999897,Hit Full Target,2023-07-06,LLOYDSENGG
26.6,26.4005,0.19950000000000045,3759,1499.8409999999901,Hit Full Target,2023-07-07,LLOYDSENGG
26.65,26.450125,0.1998749999999987,3752,1499.86199999999,Hit Full Target,2023-07-10,LLOYDSENGG
277.7,275.61725,2.082749999999976,360,36.000000000008185,EOD Exit,2023-07-11,VEDL
0.9,0.8932500000000001,0.006749999999999923,111111,1499.9984999999951,Hit Full Target,2023-07-13,ORTEL
34.35,34.092375000000004,0.25762499999999733,2911,1499.8927499999845,Hit Full Target,2023-07-14,LLOYDSENGG
4.5,4.4662500000000005,0.0337499999999995,22222,1499.9849999999976,Hit Full Target,2023-07-17,SHEKHAWATI
9.0,8.932500000000001,0.067499999999999,11111,1499.9849999999976,Hit Full Target,2023-07-18,GICL
32.9,32.65325,0.2467499999999987,3039,1499.746499999992,Hit Full Target,2023-07-19,LLOYDSENGG
34.0,33.745000000000005,0.25499999999999545,2941,-749.9549999999866,Stopped Out,2023-07-20,LLOYDSENGG
1338.95,1328.907875,10.042124999999942,74,-743.1172499999957,Stopped Out,2023-07-21,INFY
274.45,272.391625,2.0583750000000123,364,-749.2485000000045,Stopped Out,2023-07-24,VEDL
0.85,0.8436250000000001,0.0063749999999999085,117647,1499.9992499999914,Hit Full Target,2023-07-26,ORTEL
12.0,11.91,0.08999999999999986,8333,1499.9399999999976,Hit Full Target,2023-07-27,DIL
1999.05,1984.057125,14.992874999999913,50,547.5000000000023,EOD Exit,2023-07-31,TORNTPHARM
1116.3,1107.92775,8.372249999999894,89,-745.1302499999906,Stopped Out,2023-08-02,CHOLAFIN
346.3,343.70275000000004,2.597249999999974,288,-748.0079999999925,Stopped Out,2023-08-03,METROPOLIS
3.1,3.07675,0.023249999999999993,32258,1499.9969999999853,Hit Full Target,2023-08-08,CREATIVEYE
94.1,93.39425,0.7057499999999948,1062,1499.012999999989,Hit Full Target,2023-08-11,ASHOKA
788.25,782.338125,5.911875000000009,126,-744.8962500000011,Stopped Out,2023-08-14,ADANIPORTS
129.6,128.62800000000001,0.97199999999998,771,308.4000000000044,EOD Exit,2023-08-17,MWL
1449.0,1438.1325000000002,10.867499999999836,69,-749.8574999999887,Stopped Out,2023-08-18,GMMPFAUDLR
0.85,0.8436250000000001,0.0063749999999999085,117647,1499.9992499999914,Hit Full Target,2023-08-21,SITINET
4.5,4.4662500000000005,0.0337499999999995,22222,1499.9849999999976,Hit Full Target,2023-08-22,SHEKHAWATI
1.9,1.88575,0.014249999999999874,52631,1499.9834999999866,Hit Full Target,2023-08-23,EASTSILK
5.0,4.9625,0.037499999999999645,20000,1499.999999999986,Hit Full Target,2023-08-24,SHEKHAWATI
0.8,0.794,0.006000000000000005,125000,1499.9999999999875,Hit Full Target,2023-08-25,ORTEL
0.8,0.794,0.006000000000000005,125000,1499.9999999999875,Hit Full Target,2023-08-28,FEL
36.9,36.62325,0.27674999999999983,2710,1499.984999999999,Hit Full Target,2023-08-29,DIGISPICE
505.65,501.857625,3.7923749999999927,197,1494.1957499999971,Hit Full Target,2023-08-31,SOLEX
3.75,3.7218750000000003,0.028124999999999734,26666,1499.9624999999858,Hit Full Target,2023-09-01,UNIVAFOODS
661.0,656.0425,4.957499999999982,151,-748.5824999999973,Stopped Out,2023-09-04,PRESTIGE
269.35,267.329875,2.0201250000000073,371,1498.9327499999843,Hit Full Target,2023-09-05,KRISHIVAL
574.2,569.8935,4.306500000000028,174,1498.66199999999,Hit Full Target,2023-09-06,KOTYARK
1.95,1.935375,0.014624999999999888,51282,1499.9984999999886,Hit Full Target,2023-09-08,VCL
0.4,0.397,0.0030000000000000027,250000,1499.9999999999875,Hit Full Target,2023-09-11,SANWARIA
51.15,50.766375000000004,0.383624999999995,1955,1499.9737499999944,Hit Full Target,2023-09-12,ARTNIRMAN
3.25,3.225625,0.024375000000000036,30769,1499.9887499999886,Hit Full Target,2023-09-13,CREATIVEYE
0.35,0.347375,0.0026249999999999885,285714,1499.9984999999933,Hit Full Target,2023-09-14,LANDSMILL
9.15,9.081375000000001,0.06862499999999905,10928,1499.8679999999986,Hit Full Target,2023-09-15,GTL
0.35,0.347375,0.0026249999999999885,285714,1499.9984999999933,Hit Full Target,2023-09-18,LANDSMILL
109.3,108.48025,0.8197499999999991,914,1498.5029999999854,Hit Full Target,2023-09-20,ARVEE
3.65,3.622625,0.027374999999999705,27397,1499.985749999996,Hit Full Target,2023-09-25,CREATIVEYE
3.55,3.523375,0.026624999999999677,28169,1499.9992499999944,Hit Full Target,2023-09-26,CREATIVEYE
5.0,4.9625,0.037499999999999645,20000,1499.999999999986,Hit Full Target,2023-09-27,SHEKHAWATI
424.0,420.82,3.180000000000007,235,1494.59999999999,Hit Full Target,2023-09-28,SOLEX
5.0,4.9625,0.037499999999999645,20000,1499.999999999986,Hit Full Target,2023-09-29,SHEKHAWATI
151.5,150.36375,1.1362499999999898,660,-99.00000000000375,EOD Exit,2023-10-03,NYKAA
1.85,1.8361250000000002,0.01387499999999986,54054,1499.998499999985,Hit Full Target,2023-10-04,VIJIFIN
53.3,52.90025,0.3997499999999974,1876,-749.930999999995,Stopped Out,2023-10-05,NHPC
33.25,33.000625,0.24937500000000057,3007,1499.741249999982,Hit Full Target,2023-10-06,GUJRAFFIA
110.0,109.17500000000001,0.8249999999999886,909,1499.8499999999922,Hit Full Target,2023-10-10,MWL
4.5,4.4662500000000005,0.0337499999999995,22222,1499.9849999999976,Hit Full Target,2023-10-11,SHEKHAWATI
6.65,6.600125,0.049875000000000114,15037,1499.94074999999,Hit Full Target,2023-10-12,SHYAMTEL
1434.0,1423.2450000000001,10.754999999999882,69,-742.0949999999918,Stopped Out,2023-10-13,INFY
0.8,0.794,0.006000000000000005,125000,1499.9999999999875,Hit Full Target,2023-10-16,GAYAHWS
13.85,13.746125000000001,0.10387499999999861,7220,1499.9549999999927,Hit Full Target,2023-10-17,PVP
46.0,45.655,0.34499999999999886,2173,1499.3699999999951,Hit Full Target,2023-10-18,LEMERITE
198.2,196.7135,1.4864999999999782,504,-352.79999999999427,EOD Exit,2023-10-19,WIPRO
0.95,0.942875,0.007124999999999937,105263,1499.9977499999868,Hit Full Target,2023-10-20,VIVIDHA
0.8,0.794,0.006000000000000005,125000,1499.9999999999875,Hit Full Target,2023-10-23,SETUINFRA
336.0,333.48,2.519999999999982,297,1496.8799999999892,Hit Full Target,2023-10-25,SBGLP
1117.45,1109.0691250000002,8.380874999999833,89,222.5,EOD Exit,2023-10-26,TECHM
0.7,0.69475,0.005249999999999977,142857,1499.9984999999933,Hit Full Target,2023-10-30,AURIGROW
30.8,30.569000000000003,0.2309999999999981,3246,1499.6519999999875,Hit Full Target,2023-10-31,GUJRAFFIA
24.8,24.614,0.18599999999999994,4032,1499.9039999999852,Hit Full Target,2023-11-01,ICDSLTD
323.6,321.17300000000006,2.426999999999964,309,1499.8859999999954,Hit Full Target,2023-11-02,GMDCLTD
7.2,7.146000000000001,0.05399999999999938,13888,1499.9039999999952,Hit Full Target,2023-11-03,SHYAMTEL
2637.25,2617.470625,19.779375000000073,37,1463.6737499999886,Hit Full Target,2023-11-06,FLUOROCHEM
127.95,126.99037500000001,0.9596249999999884,781,1498.934249999993,Hit Full Target,2023-11-07,PLAZACABLE
566.1,561.8542500000001,4.24574999999993,176,-747.2519999999877,Stopped Out,2023-11-09,ACUTAAS
1240.85,1231.543625,9.306374999999889,80,1489.0199999999822,Hit Full Target,2023-11-10,MUTHOOTFIN
84.05,83.419625,0.6303750000000008,1189,1499.031749999985,Hit Full Target,2023-11-13,SECMARK
724.0,718.57,5.42999999999995,138,-749.3399999999931,Stopped Out,2023-11-17,BAJFINANCE
0.3,0.29775,0.0022499999999999742,333333,1499.9984999999829,Hit Full Target,2023-11-20,LANDSMILL
336.7,334.17475,2.5252499999999714,297,-749.9992499999914,Stopped Out,2023-11-21,COALINDIA
0.3,0.29775,0.0022499999999999742,333333,1499.9984999999829,Hit Full Target,2023-11-22,LANDSMILL
0.9,0.8932500000000001,0.006749999999999923,111111,1499.9984999999951,Hit Full Target,2023-11-23,ORTEL
66.1,65.60425,0.495750000000001,1512,1499.1479999999815,Hit Full Target,2023-11-24,BANG
0.55,0.5458750000000001,0.004124999999999934,181818,1499.9984999999963,Hit Full Target,2023-11-28,AURIGROW
273.65,271.597625,2.0523749999999836,365,-749.116874999994,Stopped Out,2023-11-30,SRGHFL
0.5,0.49625,0.0037499999999999756,200000,1499.9999999999902,Hit Full Target,2023-12-01,AURIGROW
16.35,16.227375000000002,0.12262499999999932,6116,1499.9489999999917,Hit Full Target,2023-12-04,NAGREEKCAP
3.65,3.622625,0.027374999999999705,27397,1499.985749999996,Hit Full Target,2023-12-05,CREATIVEYE
1542.0,1530.4350000000002,11.564999999999827,64,1480.3199999999924,Hit Full Target,2023-12-06,GKWLIMITED
45.35,45.009875,0.34012500000000045,2205,-749.975625000001,Stopped Out,2023-12-08,RENUKA
1436.4,1425.6270000000002,10.77299999999991,69,1486.6739999999877,Hit Full Target,2023-12-11,OBEROIRLTY
225.0,223.3125,1.6875,444,-749.25,Stopped Out,2023-12-12,BPCL
110.1,109.27425,0.8257499999999993,908,1499.5619999999858,Hit Full Target,2023-12-13,BANKINDIA
11.4,11.3145,0.08549999999999969,8771,1499.8409999999944,Hit Full Target,2023-12-15,AAKASH
401.5,398.48875000000004,3.0112499999999613,249,1499.602499999995,Hit Full Target,2023-12-18,METROPOLIS
173.4,172.0995,1.3004999999999995,576,1498.175999999983,Hit Full Target,2023-12-19,SVLL
8.6,8.5355,0.06449999999999889,11627,1499.8829999999948,Hit Full Target,2023-12-20,SHYAMTEL
1074.5,1066.44125,8.058749999999918,93,-749.4637499999924,Stopped Out,2023-12-21,PRESTIGE
5.8,5.7565,0.04349999999999987,17241,1499.9669999999956,Hit Full Target,2023-12-22,RMDRIP
253.25,251.350625,1.899374999999992,394,-748.3537499999968,Stopped Out,2023-12-27,VEDL
17.05,16.922125,0.12787499999999952,5865,1499.9737499999944,Hit Full Target,2023-12-28,SILLYMONKS
0.6,0.5955,0.0044999999999999485,166666,1499.9939999999829,Hit Full Target,2024-01-01,AURIGROW
52.3,51.90775,0.3922499999999971,1912,1499.963999999989,Hit Full Target,2024-01-02,HINDCON
4044.8,4014.4640000000004,30.335999999999785,24,-728.0639999999948,Stopped Out,2024-01-03,HEROMOTOCO
2250.0,2233.125,16.875,44,1485.0,Hit Full Target,2024-01-04,SEMAC
10.6,10.5205,0.07949999999999946,9433,-749.9234999999949,Stopped Out,2024-01-05,DIL
74.0,73.44500000000001,0.5549999999999926,1351,1499.6099999999992,Hit Full Target,2024-01-08,HECPROJECT
36935.9,36658.880750000004,277.01924999999756,2,228.1999999999971,EOD Exit,2024-01-10,PAGEIND
247.35,245.494875,1.8551249999999868,404,1498.9409999999893,Hit Full Target,2024-01-11,IVP
4356.75,4324.074375,32.675624999999854,22,269.5,EOD Exit,2024-01-12,HEROMOTOCO
0.7,0.69475,0.005249999999999977,142857,1499.9984999999933,Hit Full Target,2024-01-15,SETUINFRA
38.9,38.60825,0.2917500000000004,2570,1499.5949999999839,Hit Full Target,2024-01-16,MKPL
1192.3,1183.3577500000001,8.94224999999983,83,1484.4134999999908,Hit Full Target,2024-01-17,PHOENIXLTD
69.55,69.028375,0.5216250000000002,1437,-749.5751250000003,Stopped Out,2024-01-18,NHPC
1162.1,1153.38425,8.715749999999844,86,378.4000000000078,EOD Exit,2024-01-19,METROBRAND
139.35,138.304875,1.0451249999999845,717,-749.3546249999889,Stopped Out,2024-01-20,CESC
220.45,218.796625,1.6533749999999827,453,-748.9788749999922,Stopped Out,2024-01-23,ORIENTELEC
711.95,706.6103750000001,5.339624999999955,140,1495.0949999999875,Hit Full Target,2024-01-24,HDFCBANK
16.25,16.128125,0.12187499999999929,6153,1499.7937499999912,Hit Full Target,2024-01-25,GICL
712.15,706.8088750000001,5.34112499999992,140,-747.7574999999888,Stopped Out,2024-01-29,MAXHEALTH
789.99,784.0650750000001,5.9249249999999165,126,-746.5405499999895,Stopped Out,2024-01-30,LICNETFSEN
1475.25,1464.185625,11.064374999999927,67,-741.3131249999951,Stopped Out,2024-01-31,LUPIN
23.3,23.12525,0.17474999999999952,4291,1499.704499999996,Hit Full Target,2024-02-01,DPSCLTD
1335.0,1324.9875,10.012500000000045,74,1481.84999999999,Hit Full Target,2024-02-02,SPECTRUM
90.0,89.325,0.6749999999999972,1111,1499.8499999999938,Hit Full Target,2024-02-05,DAVANGERE
68.35,67.837375,0.5126249999999999,1463,1499.9407499999998,Hit Full Target,2024-02-13,AARTECH
1085.9,1077.75575,8.144250000000056,92,1498.5419999999895,Hit Full Target,2024-02-14,PRESTIGE
333.2,330.701,2.498999999999967,300,1499.3999999999971,Hit Full Target,2024-02-15,PAYTM
432.05,428.80962500000004,3.240374999999972,231,1497.053249999987,Hit Full Target,2024-02-16,WEALTH
1.85,1.8361250000000002,0.01387499999999986,54054,1499.998499999985,Hit Full Target,2024-02-19,QUINTEGRA
1301.05,1291.292125,9.757875000000013,76,-741.598500000001,Stopped Out,2024-02-20,WHIRLPOOL
16.15,16.028875,0.12112499999999926,6191,1499.7697499999908,Hit Full Target,2024-02-21,GICL
769.4,763.6295,5.77049999999997,129,1488.7889999999923,Hit Full Target,2024-02-22,WELINV
125.25,124.310625,0.9393749999999983,798,1499.242499999986,Hit Full Target,2024-02-23,KNAGRI
575.6,571.283,4.317000000000007,173,-17.300000000003934,EOD Exit,2024-02-26,HDFCLIFE
445.0,441.6625,3.3374999999999773,224,-747.5999999999949,Stopped Out,2024-02-27,PAYTM
9.6,9.528,0.07199999999999918,10416,1499.9039999999827,Hit Full Target,2024-02-28,HYBRIDFIN
404.15,401.118875,3.0311249999999745,247,-748.6878749999937,Stopped Out,2024-03-01,FORTIS
25.5,25.30875,0.19125000000000014,3921,1499.7824999999873,Hit Full Target,2024-03-02,PRUDMOULI
59.85,59.40112500000001,0.4488749999999939,1670,1499.2424999999917,Hit Full Target,2024-03-04,HMAAGRO
306.85,304.548625,2.3013750000000073,325,0.0,EOD Exit,2024-03-05,ABCOTS
1198.45,1189.4616250000001,8.988374999999905,83,-746.0351249999921,Stopped Out,2024-03-07,IPCALAB
3096.65,3073.425125,23.224874999999884,32,1486.3919999999925,Hit Full Target,2024-03-11,INDIGO
3.65,3.622625,0.027374999999999705,27397,1499.985749999996,Hit Full Target,2024-03-12,EDUCOMP
0.5,0.49625,0.0037499999999999756,200000,1499.9999999999902,Hit Full Target,2024-03-13,LANDSMILL
340.85,338.293625,2.5563750000000027,293,1498.035749999985,Hit Full Target,2024-03-14,PAYTM
298.0,295.765,2.2350000000000136,335,-748.7250000000046,Stopped Out,2024-03-15,BPCL
0.7,0.69475,0.005249999999999977,142857,1499.9984999999933,Hit Full Target,2024-03-18,FEL
152.05,150.909625,1.140375000000006,657,1498.452749999989,Hit Full Target,2024-03-19,NYKAA
130.4,129.42200000000003,0.9779999999999802,766,1498.2959999999914,Hit Full Target,2024-03-20,MUFIN
11.4,11.3145,0.08549999999999969,8771,1499.8409999999944,Hit Full Target,2024-03-21,MKPL
1031.25,1023.515625,7.734375,96,-742.5,Stopped Out,2024-03-22,AUROPHARMA
4791.45,4755.514125,35.935875000000124,20,1437.4349999999868,Hit Full Target,2024-03-26,ALKEM
15.15,15.036375000000001,0.11362499999999898,6600,1499.8499999999865,Hit Full Target,2024-03-27,CALSOFT
101.65,100.88762500000001,0.7623749999999916,983,1498.8292499999834,Hit Full Target,2024-04-01,HILTON
28.25,28.038125,0.21187499999999915,3539,0.0,EOD Exit,2024-04-02,SOUTHBANK
183.5,182.12375,1.3762499999999989,544,-748.6799999999994,Stopped Out,2024-04-03,GANESHBE
11.65,11.562625,0.08737499999999976,8583,1499.8792499999959,Hit Full Target,2024-04-04,GICL
1657.5,1645.0687500000001,12.431249999999864,60,-452.99999999999727,EOD Exit,2024-04-05,MUTHOOTFIN
0.4,0.397,0.0030000000000000027,250000,1499.9999999999875,Hit Full Target,2024-04-08,SANWARIA
10.65,10.570125,0.07987499999999947,9389,1499.8927499999902,Hit Full Target,2024-04-12,GICL
168.0,166.74,1.259999999999991,595,1499.3999999999892,Hit Full Target,2024-04-15,ASHOKA
0.85,0.8436250000000001,0.0063749999999999085,117647,1499.9992499999914,Hit Full Target,2024-04-18,GAYAHWS
60.5,60.04625,0.45374999999999943,1652,1499.1899999999864,Hit Full Target,2024-04-22,LEMERITE
266.5,264.50125,1.9987499999999727,375,1499.062500000001,Hit Full Target,2024-04-23,M&MFIN
1704.25,1691.468125,12.7818749999999,58,-741.3487499999942,Stopped Out,2024-04-26,ICICIGI
795.2,789.2360000000001,5.963999999999942,125,1490.9999999999854,Hit Full Target,2024-04-29,MAXHEALTH
10.25,10.173125,0.07687499999999936,9756,1499.9849999999876,Hit Full Target,2024-04-30,PASHUPATI
10.05,9.974625000000001,0.0753749999999993,9950,1499.9624999999862,Hit Full Target,2024-05-06,PASHUPATI
9.7,9.62725,0.0727499999999992,10309,1499.9594999999836,Hit Full Target,2024-05-07,PASHUPATI
1299.9,1290.1507500000002,9.749249999999847,76,1481.885999999994,Hit Full Target,2024-05-08,IPCALAB
3345.0,3319.9125000000004,25.087499999999636,29,-727.5374999999894,Stopped Out,2024-05-09,LT
308.55,306.235875,2.31412499999999,324,1499.5529999999935,Hit Full Target,2024-05-10,PKTEA
111.65,110.81262500000001,0.8373749999999944,895,1498.9012499999901,Hit Full Target,2024-05-14,LGHL
97.7,96.96725,0.7327499999999958,1023,51.14999999999709,EOD Exit,2024-05-18,NHPC
2768.7,2747.93475,20.765249999999924,36,-747.5489999999972,Stopped Out,2024-05-24,GODREJPROP
1221.25,1212.090625,9.159374999999955,81,-741.9093749999963,Stopped Out,2024-05-27,AUROPHARMA
175.4,174.08450000000002,1.315499999999986,570,1499.669999999984,Hit Full Target,2024-05-29,ZENITHEXPO
49.85,49.476125,0.3738749999999982,2006,1499.9864999999927,Hit Full Target,2024-05-30,NGIL
239.0,237.2075,1.7924999999999898,418,-749.2649999999958,Stopped Out,2024-06-03,S&SPOWER
273.5,271.44875,2.051249999999982,365,-748.7062499999934,Stopped Out,2024-06-05,ZUARIIND
580.3,575.9477499999999,4.352250000000026,172,1497.1739999999895,Hit Full Target,2024-06-06,SEMAC
2.51,2.4911749999999997,0.01882500000000009,39840,1499.9759999999897,Hit Full Target,2024-06-10,QUINTEGRA
20.01,19.859925000000004,0.15007499999999752,4997,1499.8495499999929,Hit Full Target,2024-06-12,TIJARIA
1246.3,1236.95275,9.347250000000031,80,968.0000000000109,EOD Exit,2024-06-14,AUROPHARMA
19.89,19.740825,0.1491749999999996,5027,1499.8054499999962,Hit Full Target,2024-06-19,TIJARIA
17.94,17.80545,0.13455000000000084,5574,1499.9633999999894,Hit Full Target,2024-06-21,TIJARIA
467.4,463.8945,3.5054999999999836,213,-746.6714999999965,Stopped Out,2024-06-24,VEDL
7.0,6.947500000000001,0.052499999999999325,14285,1499.9249999999934,Hit Full Target,2024-06-25,NEXTMEDIA
9.2,9.131,0.06899999999999906,10869,1499.921999999999,Hit Full Target,2024-06-26,GICL
1108.75,1100.434375,8.315624999999955,90,1496.8124999999918,Hit Full Target,2024-06-28,IPCALAB
4.08,4.0494,0.03059999999999974,24509,1499.950799999987,Hit Full Target,2024-07-01,KRIDHANINF
8.0,7.94,0.05999999999999961,12500,1499.9999999999902,Hit Full Target,2024-07-02,RMDRIP
25.68,25.4874,0.19259999999999877,3894,1499.9687999999906,Hit Full Target,2024-07-03,NAGREEKCAP
8.45,8.386625,0.06337499999999885,11834,1499.9594999999938,Hit Full Target,2024-07-05,RMDRIP
128.35,127.387375,0.9626249999999885,779,1499.7697499999822,Hit Full Target,2024-07-08,TEAMGTY
22.2,22.0335,0.1664999999999992,4504,1499.8319999999928,Hit Full Target,2024-07-09,TECILCHEM
255.34,253.42495000000002,1.9150499999999795,391,1497.5690999999952,Hit Full Target,2024-07-10,RSSOFTWARE
1598.15,1586.1638750000002,11.986124999999902,62,1486.2794999999878,Hit Full Target,2024-07-11,E2E
1970.05,1955.274625,14.77537499999994,50,1477.537499999994,Hit Full Target,2024-07-12,SPECTRUM
2.14,2.1239500000000002,0.016049999999999898,46728,1499.9687999999906,Hit Full Target,2024-07-15,QUINTEGRA
2910.9,2889.0682500000003,21.83174999999983,34,1484.5589999999884,Hit Full Target,2024-07-18,ASIANPAINT
6855.4,6803.9845,51.415500000000065,14,1439.633999999989,Hit Full Target,2024-07-22,SIEMENS
0.77,0.764225,0.005774999999999975,129870,1499.9984999999933,Hit Full Target,2024-07-24,SHRENIK
343.5,340.92375000000004,2.576249999999959,291,1499.3774999999928,Hit Full Target,2024-07-26,VERTOZ
785.85,779.956125,5.89387499999998,127,-748.5221249999975,Stopped Out,2024-07-30,IDEAFORGE
1629.8,1617.5765000000001,12.22349999999983,61,-109.79999999999723,EOD Exit,2024-07-31,TITAGARH
2093.7,2077.99725,15.702749999999924,47,1476.0584999999928,Hit Full Target,2024-08-05,GLAND
106.0,105.205,0.7950000000000017,943,1499.36999999999,Hit Full Target,2024-08-07,CTE
725.0,719.5625,5.4375,137,1489.8749999999845,Hit Full Target,2024-08-14,AMRUTANJAN
685.0,679.8625000000001,5.137499999999932,145,725.0,EOD Exit,2024-08-16,HDFCLIFE
58.11,57.674175000000005,0.43582499999999413,1720,1499.237999999992,Hit Full Target,2024-08-20,USK
221.35,219.689875,1.6601249999999936,451,1497.4327499999943,Hit Full Target,2024-08-21,NITIRAJ
160.58,159.37565,1.2043500000000051,622,1498.2113999999888,Hit Full Target,2024-08-23,PANACHE
73.44,72.8892,0.5507999999999953,1361,1499.2775999999872,Hit Full Target,2024-08-27,AARTECH
4847.9,4811.54075,36.35924999999952,20,-727.1849999999904,Stopped Out,2024-08-29,INDIGO
3.42,3.39435,0.02564999999999973,29239,1499.9606999999842,Hit Full Target,2024-08-30,RHFL
950.0,942.875,7.125,105,-748.125,Stopped Out,2024-09-02,INSECTICID
1489.95,1478.7753750000002,11.174624999999878,67,-123.95000000000914,EOD Exit,2024-09-04,CHOLAFIN
6.65,6.600125,0.049875000000000114,15037,1499.94074999999,Hit Full Target,2024-09-05,INFOMEDIA
5.1,5.06175,0.03824999999999967,19607,1499.935499999987,Hit Full Target,2024-09-06,SANCO
90.42,89.74185,0.6781500000000023,1105,1498.7114999999892,Hit Full Target,2024-09-09,SECMARK
440.2,436.8985,3.301499999999976,227,-11.35000000000258,EOD Exit,2024-09-10,VEDL
1.0,0.9925,0.007499999999999951,100000,1499.9999999999902,Hit Full Target,2024-09-11,SETUINFRA
195.78,194.31165000000001,1.4683499999999867,510,1497.7169999999865,Hit Full Target,2024-09-12,WIPL
123.75,122.821875,0.9281249999999943,808,-749.9249999999954,Stopped Out,2024-09-13,MOTHERSON
6005.65,5960.607625,45.04237499999999,16,1441.3559999999852,Hit Full Target,2024-09-16,BRITANNIA
1.22,1.21085,0.009149999999999991,81967,1499.9960999999987,Hit Full Target,2024-09-17,GATECHDVR
0.79,0.7840750000000001,0.005924999999999958,126582,1499.9966999999895,Hit Full Target,2024-09-18,SETUINFRA
57.0,56.572500000000005,0.4274999999999949,1754,1499.6699999999946,Hit Full Target,2024-09-19,GTECJAINX
1.17,1.161225,0.008774999999999977,85470,1499.998499999996,Hit Full Target,2024-09-20,GATECH
5.13,5.091525,0.03847500000000004,19493,1499.9863499999842,Hit Full Target,2024-09-23,SKIL
23.69,23.512325000000004,0.17767499999999714,4221,1499.932349999991,Hit Full Target,2024-09-25,DRCSYSTEMS
56.85,56.423625,0.42637500000000017,1759,1499.987249999988,Hit Full Target,2024-09-27,SHEKHAWATI
987.45,980.0441250000001,7.405874999999924,101,-747.9933749999923,Stopped Out,2024-09-30,MAXHEALTH
11.17,11.086225,0.08377499999999927,8952,1499.9075999999868,Hit Full Target,2024-10-01,SUPERSPIN
4.31,4.2776749999999995,0.03232500000000016,23201,1499.9446499999867,Hit Full Target,2024-10-04,SANCO
1.3,1.2902500000000001,0.009749999999999925,76923,1499.9984999999886,Hit Full Target,2024-10-07,GAYAHWS
5.7,5.65725,0.042749999999999844,17543,1499.9264999999946,Hit Full Target,2024-10-09,CREATIVEYE
103.85,103.071125,0.7788749999999993,962,-749.2777499999993,Stopped Out,2024-10-10,SECMARK
8.36,8.2973,0.06269999999999953,11961,1499.9093999999889,Hit Full Target,2024-10-11,DUCON
55.3,54.88525,0.41474999999999795,1808,1499.7359999999926,Hit Full Target,2024-10-14,ABMINTLLTD
1506.0,1494.7050000000002,11.294999999999845,66,1490.9399999999946,Hit Full Target,2024-10-15,SPECTRUM
11.4,11.3145,0.08549999999999969,8771,1499.8409999999944,Hit Full Target,2024-10-16,ORIENTALTL
3.93,3.9005250000000005,0.029474999999999696,25445,1499.9827499999958,Hit Full Target,2024-10-17,SANCO
1932.7,1918.20475,14.495249999999942,51,-739.257749999997,Stopped Out,2024-10-18,INFY
3.13,3.106525,0.023474999999999913,31948,1499.9585999999945,Hit Full Target,2024-10-21,COMPINFO
15.1,14.98675,0.11324999999999896,6622,1499.8829999999862,Hit Full Target,2024-10-22,GICL
914.85,907.9886250000001,6.861374999999953,109,561.3499999999975,EOD Exit,2024-10-23,MAXHEALTH
13.9,13.795750000000002,0.10424999999999862,7194,1499.948999999993,Hit Full Target,2024-10-25,GICL
2724.3,2703.8677500000003,20.43224999999984,36,-735.5609999999942,Stopped Out,2024-10-30,M&M
431.55,428.313375,3.2366250000000036,231,773.8499999999922,EOD Exit,2024-11-05,COALINDIA
3197.65,3173.667625,23.982375000000047,31,-743.4536250000015,Stopped Out,2024-11-06,TITAN
118.0,117.11500000000001,0.8849999999999909,847,1499.1899999999846,Hit Full Target,2024-11-07,DELTACORP
81.99,81.375075,0.6149249999999995,1219,487.60000000000696,EOD Exit,2024-11-08,NHPC
24429.95,24246.725375,183.22462499999892,4,-732.8984999999957,Stopped Out,2024-11-12,SHREECEM
434.0,430.745,3.2549999999999955,230,-748.649999999999,Stopped Out,2024-11-13,CREST
1600.0,1588.0,12.0,62,-744.0,Stopped Out,2024-11-14,SPECTRUM
494.6,490.89050000000003,3.7094999999999914,202,-749.3189999999983,Stopped Out,2024-11-21,AMBUJACEM
974.95,967.6378750000001,7.312124999999924,102,1491.673499999996,Hit Full Target,2024-11-22,MAXHEALTH
2.1,2.0842500000000004,0.01574999999999971,47619,1499.9984999999933,Hit Full Target,2024-11-25,EDUCOMP
574.8,570.489,4.310999999999922,173,-745.8029999999865,Stopped Out,2024-11-26,ELECON
1122.0,1113.585,8.414999999999964,89,1497.8699999999935,Hit Full Target,2024-11-27,ADANIPORTS
28.34,28.12745,0.21255000000000024,3528,1499.752799999989,Hit Full Target,2024-12-02,GLOBALE
619.35,614.704875,4.645125000000007,161,1495.7302499999842,Hit Full Target,2024-12-03,VBL
1092.0,1083.81,8.190000000000055,91,1490.5799999999892,Hit Full Target,2024-12-09,MAXHEALTH
10.09,10.014325,0.07567500000000038,9910,1499.87849999999,Hit Full Target,2024-12-11,ORIENTALTL
67.6,67.093,0.5069999999999908,1479,1499.7059999999938,Hit Full Target,2024-12-13,VITAL
3.16,3.1363000000000003,0.023699999999999832,31645,1499.9729999999895,Hit Full Target,2024-12-16,MEP
2975.0,2952.6875,22.3125,33,39.599999999994,EOD Exit,2024-12-19,GODREJPROP
2.2,2.1835000000000004,0.016499999999999737,45454,1499.9819999999963,Hit Full Target,2024-12-20,FLFL
1504.7,1493.4147500000001,11.285249999999905,66,-744.8264999999938,Stopped Out,2024-12-23,LALPATHLAB
228.86,227.14355000000003,1.7164499999999805,436,1496.7443999999955,Hit Full Target,2024-12-27,NITIRAJ
2164.0,2147.77,16.230000000000018,46,1493.1599999999808,Hit Full Target,2024-12-31,SPECTRUM
65.26,64.77055000000001,0.48944999999999084,1532,1499.6747999999936,Hit Full Target,2025-01-03,NKIND
0.88,0.8734000000000001,0.006599999999999939,113636,1499.9951999999862,Hit Full Target,2025-01-07,VCL
148.0,146.89000000000001,1.1099999999999852,675,1498.4999999999993,Hit Full Target,2025-01-08,TOUCHWOOD
441.8,438.48650000000004,3.3134999999999764,226,-748.8509999999947,Stopped Out,2025-01-09,BANSALWIRE
370.4,367.622,2.777999999999963,269,1494.5639999999955,Hit Full Target,2025-01-10,URAVIDEF
0.77,0.764225,0.005774999999999975,129870,1499.9984999999933,Hit Full Target,2025-01-14,LANDSMILL
9.15,9.081375000000001,0.06862499999999905,10928,1499.8679999999986,Hit Full Target,2025-01-15,TIJARIA
22.11,21.944175,0.1658249999999981,4522,0.0,EOD Exit,2025-01-16,ASMS
24.34,24.15745,0.1825499999999991,4108,1499.8307999999927,Hit Full Target,2025-01-21,AVONMORE
4.85,4.813625,0.0363749999999996,20618,1499.9594999999836,Hit Full Target,2025-01-23,RADAAN
62.6,62.130500000000005,0.4694999999999965,1597,1499.5829999999887,Hit Full Target,2025-01-24,RVHL
167.5,166.24375,1.2562499999999943,597,1499.9624999999933,Hit Full Target,2025-01-28,EUROBOND
4.06,4.0295499999999995,0.030450000000000088,24630,1499.9669999999824,Hit Full Target,2025-02-01,NOIDATOLL
22.6,22.430500000000002,0.16949999999999932,4424,1499.735999999994,Hit Full Target,2025-02-10,TECILCHEM
1010.85,1003.268625,7.58137499999998,98,-742.974749999998,Stopped Out,2025-02-12,MAXHEALTH
1549.95,1538.3253750000001,11.624624999999924,64,-743.9759999999951,Stopped Out,2025-02-17,PHOENIXLTD
2186.4,2170.0020000000004,16.397999999999683,45,1475.819999999992,Hit Full Target,2025-02-19,ADANIENT
84.0,83.37,0.6299999999999955,1190,1499.3999999999892,Hit Full Target,2025-02-20,INSPIRISYS
48.69,48.324825,0.3651750000000007,2053,1499.4085499999883,Hit Full Target,2025-02-21,SBGLP
199.3,197.80525000000003,1.494749999999982,501,-748.869749999991,Stopped Out,2025-02-24,IGL
3.3,3.2752499999999998,0.02475000000000005,30303,1499.9984999999895,Hit Full Target,2025-02-25,NAVKARURB
43.04,42.7172,0.32280000000000086,2323,1499.7287999999876,Hit Full Target,2025-02-27,ARTNIRMAN
49.71,49.337175,0.37282499999999885,2011,1499.5021499999955,Hit Full Target,2025-02-28,KARMAENG
720.0,714.6,5.399999999999977,138,-745.1999999999969,Stopped Out,2025-03-04,PAYTM
989.75,982.3268750000001,7.423124999999914,101,1499.4712499999941,Hit Full Target,2025-03-05,MAXHEALTH
0.76,0.7543000000000001,0.005699999999999927,131578,1499.9891999999954,Hit Full Target,2025-03-06,GAYAHWS
24.01,23.829925000000003,0.18007499999999865,4164,1499.6645999999887,Hit Full Target,2025-03-07,RAMANEWS
209.99,208.41507500000003,1.574924999999979,476,809.1999999999946,EOD Exit,2025-03-11,KNRCON
642.0,637.1850000000001,4.814999999999941,155,1492.6499999999817,Hit Full Target,2025-03-12,INDUSINDBK
16.65,16.525125,0.1248749999999994,6006,1499.9984999999929,Hit Full Target,2025-03-13,SILLYMONKS
1579.8,1567.9515000000001,11.84849999999983,63,642.6000000000029,EOD Exit,2025-03-17,INFY
90.5,89.82125,0.6787499999999937,1104,1498.6799999999862,Hit Full Target,2025-03-18,MODIRUBBER
10.74,10.659450000000001,0.08054999999999879,9310,1499.840999999994,Hit Full Target,2025-03-19,AGSTRA
22.9,22.72825,0.1717499999999994,4366,1499.7209999999948,Hit Full Target,2025-03-20,GICL
3503.05,3476.7771250000005,26.272874999999658,28,1471.2809999999936,Hit Full Target,2025-03-21,TCS
646.15,641.3038750000001,4.846124999999915,154,1492.6064999999915,Hit Full Target,2025-03-24,PKTEA
160.0,158.8,1.1999999999999886,625,1499.999999999986,Hit Full Target,2025-03-25,MWL
1419.7,1409.0522500000002,10.64774999999986,70,-745.3424999999902,Stopped Out,2025-03-27,IPCALAB
7983.65,7923.772625,59.87737500000003,12,-103.79999999999563,EOD Exit,2025-04-01,BAJAJ-AUTO
2.53,2.511025,0.018974999999999742,39525,1499.9737499999972,Hit Full Target,2025-04-02,ARSHIYA
1140.35,1131.7973749999999,8.552625000000035,87,-744.078375000003,Stopped Out,2025-04-03,MFSL
1066.9,1058.8982500000002,8.001749999999902,93,-744.1627499999909,Stopped Out,2025-04-09,AUROPHARMA
31.35,31.114875,0.23512500000000003,3189,1499.6272499999889,Hit Full Target,2025-04-11,MODTHREAD
45.51,45.168675,0.34132499999999766,2197,1499.7820499999898,Hit Full Target,2025-04-15,ABMINTLLTD
176.85,175.523625,1.3263749999999845,565,-288.14999999999486,EOD Exit,2025-04-16,IGL
40.12,39.8191,0.3008999999999986,2492,1499.685599999993,Hit Full Target,2025-04-17,MODTHREAD
2745.0,2724.4125,20.58750000000009,36,-741.1500000000033,Stopped Out,2025-04-25,WAAREEENER
11650.0,11562.625,87.375,8,1397.9999999999854,Hit Full Target,2025-04-28,MARUTI
1631.2,1618.9660000000001,12.233999999999924,61,-746.2739999999953,Stopped Out,2025-04-29,OBEROIRLTY
25.32,25.130100000000002,0.18989999999999796,3949,1499.830199999984,Hit Full Target,2025-04-30,GTECJAINX
1.52,1.5086000000000002,0.011399999999999855,65789,1499.9891999999954,Hit Full Target,2025-05-02,ORTEL
3990.0,3960.0750000000003,29.924999999999727,25,-748.1249999999932,Stopped Out,2025-05-05,DMART
0.6,0.5955,0.0044999999999999485,166666,1499.9939999999829,Hit Full Target,2025-05-06,SETUINFRA
1468.6,1457.5855,11.014499999999998,68,-748.9859999999999,Stopped Out,2025-05-07,TORNTPOWER
0.97,0.962725,0.00727499999999992,103092,1499.9885999999951,Hit Full Target,2025-05-08,GAYAHWS
37.93,37.645525,0.2844750000000005,2636,1499.7521999999838,Hit Full Target,2025-05-12,DGCONTENT
845.4,839.0595000000001,6.340499999999906,118,1496.3579999999913,Hit Full Target,2025-05-13,PAYTM
167.5,166.24375,1.2562499999999943,597,1499.9624999999933,Hit Full Target,2025-05-14,SUVEN
775.35,769.534875,5.815124999999966,128,-744.3359999999957,Stopped Out,2025-05-16,INDUSINDBK
754.95,749.2878750000001,5.662124999999946,132,1494.8009999999858,Hit Full Target,2025-05-22,INDUSINDBK
84.15,83.51887500000001,0.6311249999999973,1188,1499.5529999999935,Hit Full Target,2025-05-23,HFCL
5314.0,5274.145,39.85499999999956,18,-126.0,EOD Exit,2025-05-27,INDIGO
420.2,417.0485,3.1514999999999986,237,11.850000000002694,EOD Exit,2025-05-28,ITC
434.95,431.687875,3.262124999999969,229,1494.0532499999858,Hit Full Target,2025-06-06,ABCOTS
8.2,8.1385,0.06149999999999878,12195,1499.984999999992,Hit Full Target,2025-06-10,DELPHIFX
17.47,17.338975,0.1310249999999975,5724,1499.9741999999917,Hit Full Target,2025-06-11,SADHNANIQ
5280.0,5240.400000000001,39.599999999999454,18,-712.7999999999902,Stopped Out,2025-06-13,INDIGO
150.0,148.875,1.125,666,1498.4999999999811,Hit Full Target,2025-06-16,MWL
117.0,116.1225,0.8774999999999977,854,1498.7699999999961,Hit Full Target,2025-06-17,VMM
2654.4,2634.492,19.9079999999999,37,-736.5959999999964,Stopped Out,2025-06-18,BSE
8.75,8.684375000000001,0.06562499999999893,11428,1499.9249999999959,Hit Full Target,2025-06-19,CREATIVEYE
29.2,28.981,0.21899999999999764,3424,1499.711999999996,Hit Full Target,2025-06-20,RMDRIP
0.48,0.4764,0.003599999999999992,208333,1499.9975999999851,Hit Full Target,2025-06-23,DHARAN
57.43,56.999275000000004,0.43072499999999536,1741,191.50999999999902,EOD Exit,2025-06-25,BANKADD
0.85,0.8436250000000001,0.0063749999999999085,117647,1499.9992499999914,Hit Full Target,2025-06-27,SETUINFRA
10.37,10.292225,0.07777499999999904,9643,0.0,EOD Exit,2025-06-30,AAKASH
33.35,33.099875000000004,0.25012499999999704,2998,1499.7494999999822,Hit Full Target,2025-07-02,RMDRIP
38.51,38.221175,0.28882499999999567,2596,1499.579399999996,Hit Full Target,2025-07-03,GUJRAFFIA
5762.5,5719.28125,43.21875,17,-734.71875,Stopped Out,2025-07-04,TRENT
7.45,7.394125000000001,0.05587499999999945,13422,1499.9084999999852,Hit Full Target,2025-07-07,INFOMEDIA
1187.9,1178.9907500000002,8.909249999999929,84,1496.753999999988,Hit Full Target,2025-07-08,HALEOSLABS
0.76,0.7543000000000001,0.005699999999999927,131578,1499.9891999999954,Hit Full Target,2025-07-09,SETUINFRA
248.45,246.586625,1.8633749999999907,402,1498.1534999999926,Hit Full Target,2025-07-10,KOTYARK
137.95,136.91537499999998,1.0346250000000055,724,-749.068500000004,Stopped Out,2025-07-11,ZEEL
139.47,138.423975,1.046024999999986,717,-749.99992499999,Stopped Out,2025-07-14,SERVOTECH
655.0,650.0875,4.912500000000023,152,1493.3999999999896,Hit Full Target,2025-07-15,TEJASNET
7.36,7.304800000000001,0.05519999999999925,13586,-749.9471999999898,Stopped Out,2025-07-16,SADHNANIQ
47450.0,47094.125,355.875,2,-711.75,Stopped Out,2025-07-17,PAGEIND
1109.9,1101.5757500000002,8.324249999999893,90,-749.1824999999903,Stopped Out,2025-07-18,AXISBANK
1812.2,1798.6085,13.591499999999996,55,648.9999999999975,EOD Exit,2025-07-22,OBEROIRLTY
13.02,12.92235,0.09764999999999979,7680,1499.9039999999968,Hit Full Target,2025-07-25,BCG
201.53,200.018525,1.5114749999999901,496,-749.6915999999951,Stopped Out,2025-07-28,ASHOKA
3.5,3.4737500000000003,0.026249999999999662,28571,1499.9774999999934,Hit Full Target,2025-07-29,SVPGLOB
35.01,34.747425,0.2625749999999982,2856,1499.8283999999899,Hit Full Target,2025-07-30,GOLDENTOBC
150.0,148.875,1.125,666,1498.4999999999811,Hit Full Target,2025-08-01,MUFTI
146.85,145.748625,1.1013749999999902,680,-748.9349999999934,Stopped Out,2025-08-04,EXICOM
14.36,14.2523,0.10769999999999946,6963,-749.9150999999963,Stopped Out,2025-08-05,SGL
4.13,4.099025,0.030974999999999753,24213,1499.995349999988,Hit Full Target,2025-08-06,LCCINFOTEC
194.62,193.16035000000002,1.4596499999999821,513,-748.8004499999909,Stopped Out,2025-08-07,ASHOKA
1244.0,1234.67,9.329999999999927,80,-746.3999999999942,Stopped Out,2025-08-11,VOLTAS
192.85,191.403625,1.446374999999989,518,-749.2222499999943,Stopped Out,2025-08-18,PROSTARM
44.41,44.076924999999996,0.3330750000000009,2251,1499.503649999988,Hit Full Target,2025-08-19,MODTHREAD
0.5,0.49625,0.0037499999999999756,200000,1499.9999999999902,Hit Full Target,2025-08-20,SRPL
13.34,13.23995,0.10004999999999953,7496,1499.9495999999929,Hit Full Target,2025-08-21,EUROTEXIND
3.16,3.1363000000000003,0.023699999999999832,31645,1499.9729999999895,Hit Full Target,2025-08-22,FELDVR
1.75,1.7368750000000002,0.013124999999999831,57142,1499.9774999999934,Hit Full Target,2025-08-25,SKIL
17.39,17.259575,0.1304249999999989,5750,1499.8874999999873,Hit Full Target,2025-08-26,SEYAIND
274.55,272.490875,2.0591249999999945,364,1499.042999999996,Hit Full Target,2025-08-28,RHL
155.45,154.284125,1.1658749999999998,643,1499.3152499999815,Hit Full Target,2025-08-29,BGRENERGY
16.88,16.7534,0.12659999999999982,5924,1499.9567999999979,Hit Full Target,2025-09-02,SEYAIND
13.65,13.547625000000002,0.10237499999999855,7326,1499.9984999999917,Hit Full Target,2025-09-05,SHYAMTEL
27.01,26.807425000000002,0.2025749999999995,3702,-749.9326499999981,Stopped Out,2025-09-08,NIBL
2.05,2.034625,0.015374999999999694,48780,1499.984999999992,Hit Full Target,2025-09-09,GAYAHWS
1360.6,1350.3955,10.204499999999825,73,693.5,EOD Exit,2025-09-10,WHIRLPOOL
920.3,913.39775,6.902249999999981,108,-745.4429999999979,Stopped Out,2025-09-18,COHANCE
1500.0,1488.75,11.25,66,59.400000000006,EOD Exit,2025-09-22,INFY
160.5,159.29625000000001,1.2037499999999852,623,1499.8724999999815,Hit Full Target,2025-09-24,MASKINVEST
26.72,26.5196,0.20039999999999836,3742,1499.7935999999877,Hit Full Target,2025-09-25,OSIAHYPER
1913.2,1898.851,14.348999999999933,52,1492.295999999993,Hit Full Target,2025-09-26,GLAND
2.78,2.75915,0.020849999999999813,35971,1499.9906999999866,Hit Full Target,2025-09-29,KEEPLEARN
5620.0,5577.85,42.149999999999636,17,-493.0,EOD Exit,2025-09-30,INDIGO
1638.5,1626.21125,12.288749999999936,61,-749.6137499999961,Stopped Out,2025-10-03,SUNPHARMA
3.49,3.4638250000000004,0.026174999999999837,28653,-749.9922749999953,Stopped Out,2025-10-06,FELDVR
41.6,41.288000000000004,0.3119999999999976,2403,1499.4719999999886,Hit Full Target,2025-10-07,UNITEDPOLY
10.97,10.887725000000001,0.08227499999999921,9115,1499.8732499999855,Hit Full Target,2025-10-08,SHANTI
1.68,1.6674,0.012599999999999945,59523,1499.9795999999933,Hit Full Target,2025-10-10,FLFL
45.78,45.43665,0.34335000000000093,2184,1499.7527999999886,Hit Full Target,2025-10-13,RPOWER
65.4,64.90950000000001,0.49049999999999727,1529,1499.9489999999917,Hit Full Target,2025-10-14,NKIND
47.55,47.193374999999996,0.3566250000000011,2103,1499.9647499999896,Hit Full Target,2025-10-15,ABMINTLLTD
1.33,1.3200250000000002,0.009974999999999845,75187,1499.9806499999934,Hit Full Target,2025-10-16,LANDSMILL
63.05,62.577125,0.4728749999999948,1586,1499.959499999995,Hit Full Target,2025-10-17,NKIND
9.2,9.131,0.06899999999999906,10869,1499.921999999999,Hit Full Target,2025-10-20,SUPERSPIN
233.3,231.55025000000003,1.7497499999999775,428,1497.7859999999928,Hit Full Target,2025-10-24,PANSARI
2737.4,2716.8695000000002,20.530499999999847,36,1478.195999999989,Hit Full Target,2025-10-27,BHARATRAS
22.66,22.49005,0.16995000000000005,4413,1499.9786999999847,Hit Full Target,2025-10-29,GTECJAINX
1200.4,1191.3970000000002,9.002999999999929,83,257.29999999999245,EOD Exit,2025-10-30,DRREDDY
774.4,768.592,5.807999999999993,129,-749.2319999999991,Stopped Out,2025-10-31,DLF
362.2,359.4835,2.7164999999999964,276,1499.507999999998,Hit Full Target,2025-11-07,BPCL
320.0,317.6,2.3999999999999773,312,1497.5999999999858,Hit Full Target,2025-11-10,IIFLCAPS
465.0,461.51250000000005,3.4874999999999545,215,1499.6249999999927,Hit Full Target,2025-11-11,AARTISURF
23.77,23.591725,0.1782749999999993,4206,-749.8246499999971,Stopped Out,2025-11-18,GTECJAINX
3163.8,3140.0715000000005,23.728499999999713,31,-735.5834999999911,Stopped Out,2025-11-19,WAAREEENER
0.5,0.49625,0.0037499999999999756,200000,1499.9999999999902,Hit Full Target,2025-11-21,SETUINFRA
12.31,12.217675000000002,0.09232499999999888,8123,1499.9119499999963,Hit Full Target,2025-11-24,GLOBALE
2019.0,2003.8575,15.142499999999927,49,588.0,EOD Exit,2025-11-25,SBILIFE
2118.2,2102.3134999999997,15.88650000000007,47,366.60000000000855,EOD Exit,2025-11-26,BHARTIARTL
29.41,29.189425,0.2205750000000002,3400,1499.9099999999892,Hit Full Target,2025-11-27,MANGALAM
177.0,175.6725,1.3274999999999864,564,62.040000000007694,EOD Exit,2025-11-28,ASHOKA
255.0,253.0875,1.9124999999999943,392,1499.3999999999955,Hit Full Target,2025-12-01,TEAMGTY
127.7,126.74225000000001,0.9577499999999901,783,-62.639999999998665,EOD Exit,2025-12-03,CHOICEGOLD
8.19,8.128575,0.06142499999999984,12210,1499.998499999996,Hit Full Target,2025-12-04,EASEMYTRIP
64.51,64.02617500000001,0.48382499999999595,1550,1499.8574999999873,Hit Full Target,2025-12-05,NKIND
5159.0,5120.3075,38.69250000000011,19,-735.1575000000021,Stopped Out,2025-12-08,INDIGO
243.0,241.1775,1.822499999999991,411,-749.0474999999963,Stopped Out,2025-12-09,KOTYARK
241.15,239.34137500000003,1.808624999999978,414,1497.5414999999934,Hit Full Target,2025-12-10,KOTYARK
60.4,59.947,0.45299999999999585,1655,1499.4299999999862,Hit Full Target,2025-12-12,NKIND
282.0,279.885,2.115000000000009,354,0.0,EOD Exit,2025-12-16,SHIVAUM
156.75,155.574375,1.1756249999999966,637,1497.7462499999956,Hit Full Target,2025-12-17,MASKINVEST
14.14,14.03395,0.10604999999999976,7072,1499.9711999999965,Hit Full Target,2025-12-18,EUROTEXIND
5.91,5.865675,0.044324999999999726,16920,1499.9579999999908,Hit Full Target,2025-12-19,NEXTMEDIA
16.75,16.624375,0.12562499999999943,5970,1499.9624999999933,Hit Full Target,2025-12-22,SEYAIND
44.6,44.2655,0.33449999999999847,2242,1499.897999999993,Hit Full Target,2025-12-23,ARENTERP
287.05,284.897125,2.1528749999999945,348,1498.4009999999962,Hit Full Target,2025-12-26,PANSARI
2.25,2.2331250000000002,0.01687499999999975,44444,1499.9849999999976,Hit Full Target,2025-12-31,KEEPLEARN
288.0,285.84000000000003,2.159999999999968,347,-749.519999999989,Stopped Out,2026-01-01,INDOTHAI
18.53,18.391025000000003,0.13897499999999852,5396,1499.818199999984,Hit Full Target,2026-01-02,TECILCHEM
12.25,12.158125,0.09187499999999993,8163,1499.9512499999844,Hit Full Target,2026-01-06,VIVIMEDLAB
280.0,277.90000000000003,2.099999999999966,357,1499.399999999996,Hit Full Target,2026-01-07,TEAMGTY
163.6,162.373,1.2270000000000039,611,1499.3939999999873,Hit Full Target,2026-01-09,BHAGYANGR
1700.0,1687.25,12.75,58,-739.5,Stopped Out,2026-01-13,GKWLIMITED
7260.0,7205.55,54.44999999999982,13,-707.8499999999976,Stopped Out,2026-01-16,APOLLOHOSP
180.0,178.65,1.3499999999999943,555,1498.4999999999936,Hit Full Target,2026-01-20,NIRAJISPAT
164.5,163.26625,1.2337499999999864,607,1497.7724999999834,Hit Full Target,2026-01-21,NIRAJISPAT
163.01,161.787425,1.2225749999999778,613,1498.87694999999,Hit Full Target,2026-01-22,NIRAJISPAT
192.22,190.77835000000002,1.4416499999999814,520,1499.3159999999955,Hit Full Target,2026-01-23,UNIVPHOTO
56.98,56.55265,0.427349999999997,1755,-749.9992499999947,Stopped Out,2026-01-27,ADVANIHOTR
35.1,34.83675,0.2632499999999993,2849,1499.998499999996,Hit Full Target,2026-01-29,ABMINTLLTD
3351.7,3326.56225,25.13774999999987,29,1457.9894999999924,Hit Full Target,2026-01-30,M&M
1727.7,1714.7422500000002,12.957749999999805,57,1477.1834999999908,Hit Full Target,2026-02-02,SWANDEF
2551.1,2531.96675,19.13324999999986,39,1492.3934999999892,Hit Full Target,2026-02-04,BALKRISIND
4882.7,4846.07975,36.62024999999994,20,946.0000000000036,EOD Exit,2026-02-05,INDIGO
149.78,148.65665,1.1233499999999879,667,-749.2744499999919,Stopped Out,2026-02-09,KNRCON
71.4,70.8645,0.535499999999999,1400,1499.3999999999971,Hit Full Target,2026-02-11,ADL
1447.7,1436.8422500000001,10.857749999999896,69,1498.3694999999857,Hit Full Target,2026-02-12,LGEINDIA
1324.0,1314.0700000000002,9.929999999999836,75,1489.4999999999925,Hit Full Target,2026-02-13,INFY
145.39,144.299575,1.090424999999982,687,1498.2439499999948,Hit Full Target,2026-02-19,NCC
38.91,38.618175,0.2918249999999958,2570,-749.9902499999891,Stopped Out,2026-02-24,SHRADHA
38.33,38.042525,0.2874750000000006,2608,1499.4695999999844,Hit Full Target,2026-02-25,ARTNIRMAN
140.4,139.347,1.0529999999999973,712,1499.4719999999961,Hit Full Target,2026-02-26,MASKINVEST
154.9,153.73825000000002,1.1617499999999836,645,-749.3287499999894,Stopped Out,2026-03-02,CESC
863.7,857.22225,6.4777500000000146,115,1489.8824999999902,Hit Full Target,2026-03-04,HDFCBANK
500.15,496.398875,3.751125000000002,199,1492.9477499999894,Hit Full Target,2026-03-05,SVLL
501.55,497.78837500000003,3.761624999999981,199,1497.1267499999924,Hit Full Target,2026-03-06,SVLL
3194.1,3170.1442500000003,23.955749999999625,31,1485.2564999999909,Hit Full Target,2026-03-09,MUTHOOTFIN
17.16,17.0313,0.12869999999999848,5827,1499.8697999999822,Hit Full Target,2026-03-10,HYBRIDFIN
23.37,23.194725000000002,0.17527499999999918,4278,1499.652899999993,Hit Full Target,2026-03-11,DHANBANK
3005.5,2982.9587500000002,22.541249999999764,33,-743.8612499999922,Stopped Out,2026-03-13,M&M
522.0,518.085,3.9149999999999636,191,1495.529999999986,Hit Full Target,2026-03-16,SVLL
4.75,4.714375,0.035624999999999574,21052,1499.954999999982,Hit Full Target,2026-03-18,LAKPRE
806.85,800.798625,6.051375000000007,123,-744.3191250000009,Stopped Out,2026-03-19,HDFCBANK
132.0,131.01000000000002,0.9899999999999807,757,1498.8599999999922,Hit Full Target,2026-03-23,MASKINVEST
38.14,37.853950000000005,0.2860499999999959,2621,1499.4740999999972,Hit Full Target,2026-03-24,DIGJAMLMTD
113.67,112.817475,0.852525,879,1498.7389499999874,Hit Full Target,2026-03-25,BAFNAPH
659.5,654.55375,4.946249999999964,151,-746.8837499999945,Stopped Out,2026-03-27,VEDL
5.56,5.5183,0.041699999999999626,17985,1499.9489999999867,Hit Full Target,2026-04-01,LPDC
7239.5,7185.203750000001,54.29624999999942,13,1411.7024999999967,Hit Full Target,2026-04-02,APOLLOHOSP
1346.9,1336.79825,10.101750000000038,74,1495.0589999999888,Hit Full Target,2026-04-06,BETA
72.1,71.55924999999999,0.5407500000000027,1386,1498.9589999999878,Hit Full Target,2026-04-10,SYSTMTXC
289.75,287.57687500000003,2.1731249999999704,345,-749.7281249999899,Stopped Out,2026-04-13,BPCL
46.0,45.655,0.34499999999999886,2173,1499.3699999999951,Hit Full Target,2026-04-15,ICDSLTD
252.4,250.507,1.8930000000000007,396,1499.2559999999894,Hit Full Target,2026-04-16,PANSARI
0.15,0.148875,0.0011249999999999871,666666,1499.9984999999829,Hit Full Target,2026-04-20,DHARAN
160.05,158.84962500000003,1.2003749999999798,624,1498.0679999999925,Hit Full Target,2026-04-23,SHBAJRG
955.0,947.8375000000001,7.162499999999909,104,1489.799999999993,Hit Full Target,2026-04-27,THACKER
511.0,507.1675,3.832499999999982,195,1494.674999999993,Hit Full Target,2026-04-28,SVLL
4300.0,4267.75,32.25,23,0.0,EOD Exit,2026-04-30,INDIGO
427.0,423.7975,3.2024999999999864,234,865.7999999999973,EOD Exit,2026-05-04,PREMCO
5360.0,5319.8,40.19999999999982,18,1447.1999999999935,Hit Full Target,2026-05-05,TECHNVISN
230.32,228.5926,1.7273999999999887,434,1499.3831999999902,Hit Full Target,2026-05-06,HALDER
2712.0,2691.6600000000003,20.33999999999969,36,1464.479999999994,Hit Full Target,2026-05-07,NDGL
1149.4,1140.7795,8.620499999999993,87,1499.9669999999987,Hit Full Target,2026-05-08,MGL
