date,symbol,gap_pct,direction,entry_price,sl_price,target_price,outcome,exit_price,pnl_pct,pnl_rs,exit_time,candle_idx,month,gap_bucket
2023-06-01,ABB,-3.84,LONG,4131.05,4100.07,4193.02,LOSS,4100.07,-0.75,-743.59,2023-06-01 09:15:00+05:30,0,2023-06,3-5%
2024-02-21,ABB,3.2,SHORT,4670.7,4705.73,4600.64,LOSS,4705.73,-0.75,-735.64,2024-02-21 09:15:00+05:30,0,2024-02,3-5%
2024-02-22,ABB,3.83,SHORT,5201.4,5240.41,5123.38,LOSS,5240.41,-0.75,-741.2,2024-02-22 09:15:00+05:30,0,2024-02,3-5%
2024-03-27,ABB,4.14,SHORT,6175.45,6221.77,6082.82,LOSS,6221.77,-0.75,-741.05,2024-03-27 09:15:00+05:30,0,2024-03,3-5%
2024-05-13,ABB,4.2,SHORT,7506.8,7563.1,7394.2,LOSS,7563.1,-0.75,-731.91,2024-05-13 09:15:00+05:30,0,2024-05,3-5%
2024-11-25,ABB,3.76,SHORT,7166.0,7219.75,7058.51,LOSS,7219.75,-0.75,-698.69,2024-11-25 10:15:00+05:30,1,2024-11,3-5%
2025-02-03,ABB,-7.81,LONG,5415.8,5375.18,5497.04,LOSS,5375.18,-0.75,-731.13,2025-02-03 09:15:00+05:30,0,2025-02,5-10%
2025-02-18,ABB,3.27,SHORT,5422.25,5462.92,5340.92,LOSS,5462.92,-0.75,-732.0,2025-02-18 09:15:00+05:30,0,2025-02,3-5%
2025-04-07,ABB,-6.22,LONG,4779.15,4743.31,4850.84,WIN,4850.84,1.5,1433.74,2025-04-07 09:15:00+05:30,0,2025-04,5-10%
2026-02-03,ABB,4.83,SHORT,5732.0,5774.99,5646.02,WIN,5646.02,1.5,1461.66,2026-02-03 09:15:00+05:30,0,2026-02,3-5%
2023-12-04,ACC,3.12,SHORT,1959.55,1974.25,1930.16,LOSS,1974.25,-0.75,-749.53,2023-12-04 09:15:00+05:30,0,2023-12,3-5%
2024-06-03,ACC,4.5,SHORT,2661.05,2681.01,2621.13,WIN,2621.13,1.5,1476.88,2024-06-03 09:15:00+05:30,0,2024-06,3-5%
2024-06-05,ACC,3.03,SHORT,2349.0,2366.62,2313.76,WIN,2313.76,1.5,1479.87,2024-06-05 09:15:00+05:30,0,2024-06,3-5%
2024-11-21,ACC,-8.44,LONG,2001.3,1986.29,2031.32,LOSS,1986.29,-0.75,-735.48,2024-11-21 09:15:00+05:30,0,2024-11,5-10%
2025-01-16,ACC,3.45,SHORT,2037.7,2052.98,2007.13,LOSS,2052.98,-0.75,-748.85,2025-01-16 09:15:00+05:30,0,2025-01,3-5%
2025-04-07,ACC,-4.13,LONG,1885.05,1870.91,1913.33,WIN,1913.33,1.5,1498.61,2025-04-07 09:15:00+05:30,0,2025-04,3-5%
2025-04-07,ALKEM,-4.39,LONG,4622.9,4588.23,4692.24,WIN,4692.24,1.5,1456.21,2025-04-07 09:15:00+05:30,0,2025-04,3-5%
2025-05-30,ALKEM,-3.28,LONG,5121.0,5082.59,5197.81,LOSS,5082.59,-0.75,-729.74,2025-05-30 09:15:00+05:30,0,2025-05,3-5%
2023-08-25,AMBER,3.43,SHORT,2896.95,2918.68,2853.5,WIN,2853.5,1.5,1477.44,2023-08-25 09:15:00+05:30,0,2023-08,3-5%
2023-09-01,AMBER,3.39,SHORT,3005.05,3027.59,2959.97,LOSS,3027.59,-0.75,-743.75,2023-09-01 09:15:00+05:30,0,2023-09,3-5%
2023-09-07,AMBER,3.79,SHORT,3120.0,3143.4,3073.2,LOSS,3143.4,-0.75,-748.8,2023-09-07 09:15:00+05:30,0,2023-09,3-5%
2023-10-23,AMBER,-4.83,LONG,2890.05,2868.37,2933.4,LOSS,2868.37,-0.75,-736.96,2023-10-23 09:15:00+05:30,0,2023-10,3-5%
2023-10-25,AMBER,4.07,SHORT,2888.0,2909.66,2844.68,LOSS,2909.66,-0.75,-736.44,2023-10-25 09:15:00+05:30,0,2023-10,3-5%
2023-11-13,AMBER,3.56,SHORT,3160.15,3183.85,3112.75,WIN,3112.75,1.5,1469.47,2023-11-13 09:15:00+05:30,0,2023-11,3-5%
2024-02-12,AMBER,-9.71,LONG,3690.0,3662.32,3745.35,WIN,3745.35,1.5,1494.45,2024-02-12 09:15:00+05:30,0,2024-02,5-10%
2024-03-18,AMBER,3.54,SHORT,3447.6,3473.46,3395.89,LOSS,3473.46,-0.75,-749.85,2024-03-18 09:15:00+05:30,0,2024-03,3-5%
2024-03-22,AMBER,3.2,SHORT,3478.85,3504.94,3426.67,LOSS,3504.94,-0.75,-730.56,2024-03-22 09:15:00+05:30,0,2024-03,3-5%
2024-06-03,AMBER,4.06,SHORT,3740.0,3768.05,3683.9,FLAT,3722.5,0.47,455.0,2024-06-03 15:15:00+05:30,6,2024-06,3-5%
2024-08-05,AMBER,-3.53,LONG,4235.15,4203.39,4298.68,LOSS,4203.39,-0.75,-730.56,2024-08-05 09:15:00+05:30,0,2024-08,3-5%
2024-10-21,AMBER,3.45,SHORT,5590.05,5631.98,5506.2,LOSS,5631.98,-0.75,-712.73,2024-10-21 09:15:00+05:30,0,2024-10,3-5%
2025-01-24,AMBER,6.03,SHORT,7164.35,7218.08,7056.88,LOSS,7218.08,-0.75,-698.52,2025-01-24 09:15:00+05:30,0,2025-01,5-10%
2025-04-07,AMBER,-13.24,LONG,5746.25,5703.15,5832.44,WIN,5832.44,1.5,1465.29,2025-04-07 09:15:00+05:30,0,2025-04,10%+
2025-04-08,AMBER,4.52,SHORT,6428.2,6476.41,6331.78,LOSS,6476.41,-0.75,-723.17,2025-04-08 09:15:00+05:30,0,2025-04,3-5%
2025-04-15,AMBER,3.85,SHORT,6750.0,6800.62,6648.75,LOSS,6800.62,-0.75,-708.75,2025-04-15 09:15:00+05:30,0,2025-04,3-5%
2025-05-12,AMBER,4.9,SHORT,6110.5,6156.33,6018.84,LOSS,6156.33,-0.75,-733.26,2025-05-12 09:15:00+05:30,0,2025-05,3-5%
2025-08-18,AMBER,5.29,SHORT,7250.0,7304.38,7141.25,LOSS,7304.38,-0.75,-706.88,2025-08-18 09:15:00+05:30,0,2025-08,5-10%
2025-11-07,AMBER,-10.0,LONG,7049.5,6996.63,7155.24,LOSS,6996.63,-0.75,-740.2,2025-11-07 09:15:00+05:30,0,2025-11,5-10%
2026-02-03,AMBER,3.46,SHORT,6206.5,6253.05,6113.4,LOSS,6253.05,-0.75,-744.78,2026-02-03 09:15:00+05:30,0,2026-02,3-5%
2026-02-10,AMBER,3.41,SHORT,7264.5,7318.98,7155.53,LOSS,7318.98,-0.75,-708.29,2026-02-10 09:15:00+05:30,0,2026-02,3-5%
2026-03-02,AMBER,-3.07,LONG,7725.0,7667.06,7840.87,WIN,7840.87,1.5,1390.5,2026-03-02 09:15:00+05:30,0,2026-03,3-5%
2026-03-17,AMBER,3.49,SHORT,6699.0,6749.24,6598.52,LOSS,6749.24,-0.75,-703.4,2026-03-17 09:15:00+05:30,0,2026-03,3-5%
2026-04-08,AMBER,3.82,SHORT,6680.5,6730.6,6580.29,LOSS,6730.6,-0.75,-701.45,2026-04-08 09:15:00+05:30,0,2026-04,3-5%
2023-12-04,AMBUJACEM,4.55,SHORT,460.55,464.0,453.64,LOSS,464.0,-0.75,-749.55,2023-12-04 09:15:00+05:30,0,2023-12,3-5%
2024-06-03,AMBUJACEM,5.96,SHORT,671.85,676.89,661.77,WIN,661.77,1.5,1491.51,2024-06-03 09:15:00+05:30,0,2024-06,5-10%
2024-06-14,AMBUJACEM,3.6,SHORT,688.2,693.36,677.88,WIN,677.88,1.5,1496.84,2024-06-14 09:15:00+05:30,0,2024-06,3-5%
2024-08-23,AMBUJACEM,4.19,SHORT,658.3,663.24,648.43,WIN,648.43,1.5,1491.05,2024-08-23 09:15:00+05:30,0,2024-08,3-5%
2024-11-21,AMBUJACEM,-10.43,LONG,494.6,490.89,502.02,LOSS,490.89,-0.75,-749.32,2024-11-21 09:15:00+05:30,0,2024-11,10%+
2025-02-03,AMBUJACEM,-3.47,LONG,495.0,491.29,502.42,LOSS,491.29,-0.75,-749.92,2025-02-03 09:15:00+05:30,0,2025-02,3-5%
2025-08-18,AMBUJACEM,3.28,SHORT,597.0,601.48,588.04,LOSS,601.48,-0.75,-747.74,2025-08-18 09:15:00+05:30,0,2025-08,3-5%
2025-12-23,AMBUJACEM,3.76,SHORT,560.25,564.45,551.85,WIN,551.85,1.5,1495.87,2025-12-23 09:15:00+05:30,0,2025-12,3-5%
2026-02-03,AMBUJACEM,5.61,SHORT,539.15,543.19,531.06,WIN,531.06,1.5,1496.14,2026-02-03 09:15:00+05:30,0,2026-02,5-10%
2026-04-01,AMBUJACEM,3.15,SHORT,414.0,417.1,407.79,LOSS,417.1,-0.75,-748.31,2026-04-01 09:15:00+05:30,0,2026-04,3-5%
2026-04-08,AMBUJACEM,4.16,SHORT,437.95,441.23,431.38,LOSS,441.23,-0.75,-748.89,2026-04-08 09:15:00+05:30,0,2026-04,3-5%
2024-01-23,APOLLOHOSP,3.36,SHORT,6299.15,6346.39,6204.66,WIN,6204.66,1.5,1417.31,2024-01-23 09:15:00+05:30,0,2024-01,3-5%
2024-11-07,APOLLOHOSP,4.72,SHORT,7298.7,7353.44,7189.22,LOSS,7353.44,-0.75,-711.62,2024-11-07 09:15:00+05:30,0,2024-11,3-5%
2025-04-07,APOLLOHOSP,-3.42,LONG,6500.0,6451.25,6597.5,WIN,6597.5,1.5,1462.5,2025-04-07 09:15:00+05:30,0,2025-04,3-5%
2025-07-01,APOLLOHOSP,3.07,SHORT,7464.0,7519.98,7352.04,LOSS,7519.98,-0.75,-727.74,2025-07-01 09:15:00+05:30,0,2025-07,3-5%
2024-11-11,ASIANPAINT,-7.91,LONG,2550.4,2531.27,2588.66,LOSS,2531.27,-0.75,-745.99,2024-11-11 09:15:00+05:30,0,2024-11,5-10%
2025-02-05,ASIANPAINT,-3.81,LONG,2264.65,2247.67,2298.62,LOSS,2247.67,-0.75,-747.33,2025-02-05 09:15:00+05:30,0,2025-02,3-5%
2025-04-07,ASIANPAINT,-5.44,LONG,2225.1,2208.41,2258.48,WIN,2258.48,1.5,1468.57,2025-04-07 09:15:00+05:30,0,2025-04,5-10%
2026-01-28,ASIANPAINT,-3.55,LONG,2529.8,2510.83,2567.75,LOSS,2510.83,-0.75,-739.97,2026-01-28 09:15:00+05:30,0,2026-01,3-5%
2026-02-03,ASIANPAINT,3.73,SHORT,2491.5,2510.19,2454.13,WIN,2454.13,1.5,1494.9,2026-02-03 09:15:00+05:30,0,2026-02,3-5%
2026-03-02,ASIANPAINT,-3.2,LONG,2300.1,2282.85,2334.6,FLAT,2307.1,0.3,301.0,2026-03-02 15:15:00+05:30,6,2026-03,3-5%
2026-03-09,ASIANPAINT,-3.58,LONG,2195.3,2178.84,2228.23,LOSS,2178.84,-0.75,-740.91,2026-03-09 09:15:00+05:30,0,2026-03,3-5%
2026-04-08,ASIANPAINT,6.32,SHORT,2324.4,2341.83,2289.53,WIN,2289.53,1.5,1499.24,2026-04-08 09:15:00+05:30,0,2026-04,5-10%
2023-09-29,AUROPHARMA,4.17,SHORT,910.0,916.82,896.35,LOSS,916.82,-0.75,-743.93,2023-09-29 09:15:00+05:30,0,2023-09,3-5%
2024-02-12,AUROPHARMA,3.03,SHORT,1035.15,1042.91,1019.62,WIN,1019.62,1.5,1490.62,2024-02-12 09:15:00+05:30,0,2024-02,3-5%
2024-03-04,AUROPHARMA,5.24,SHORT,1080.15,1088.25,1063.95,LOSS,1088.25,-0.75,-745.3,2024-03-04 09:15:00+05:30,0,2024-03,5-10%
2024-05-21,AUROPHARMA,3.16,SHORT,1201.9,1210.91,1183.87,LOSS,1210.91,-0.75,-748.18,2024-05-21 12:15:00+05:30,3,2024-05,3-5%
2024-06-03,AUROPHARMA,3.74,SHORT,1230.0,1239.23,1211.55,WIN,1211.55,1.5,1494.45,2024-06-03 09:15:00+05:30,0,2024-06,3-5%
2025-02-03,AUROPHARMA,-3.84,LONG,1126.9,1118.45,1143.8,LOSS,1118.45,-0.75,-743.75,2025-02-03 09:15:00+05:30,0,2025-02,3-5%
2025-02-19,AUROPHARMA,-5.5,LONG,1098.1,1089.86,1114.57,LOSS,1089.86,-0.75,-749.45,2025-02-19 09:15:00+05:30,0,2025-02,5-10%
2025-04-03,AUROPHARMA,7.49,SHORT,1244.6,1253.93,1225.93,LOSS,1253.93,-0.75,-746.76,2025-04-03 09:15:00+05:30,0,2025-04,5-10%
2025-04-07,AUROPHARMA,-7.74,LONG,1020.2,1012.55,1035.5,WIN,1035.5,1.5,1499.69,2025-04-07 09:15:00+05:30,0,2025-04,5-10%
2025-04-09,AUROPHARMA,-3.5,LONG,1061.0,1053.04,1076.92,LOSS,1053.04,-0.75,-748.0,2025-04-09 09:15:00+05:30,0,2025-04,3-5%
2026-01-30,AUROPHARMA,3.16,SHORT,1186.3,1195.2,1168.51,LOSS,1195.2,-0.75,-747.37,2026-01-30 09:15:00+05:30,0,2026-01,3-5%
2026-02-03,AUROPHARMA,4.97,SHORT,1229.2,1238.42,1210.76,LOSS,1238.42,-0.75,-746.74,2026-02-03 09:15:00+05:30,0,2026-02,3-5%
2026-03-09,AUROPHARMA,-3.09,LONG,1193.8,1184.85,1211.71,WIN,1211.71,1.5,1486.28,2026-03-09 09:15:00+05:30,0,2026-03,3-5%
2023-05-29,BALKRISIND,-5.82,LONG,2325.55,2308.11,2360.43,LOSS,2308.11,-0.75,-749.99,2023-05-29 09:15:00+05:30,0,2023-05,5-10%
2024-01-23,BALKRISIND,5.26,SHORT,2778.95,2799.79,2737.27,WIN,2737.27,1.5,1458.95,2024-01-23 09:15:00+05:30,0,2024-01,5-10%
2024-05-21,BALKRISIND,9.6,SHORT,2900.05,2921.8,2856.55,LOSS,2921.8,-0.75,-739.51,2024-05-21 09:15:00+05:30,0,2024-05,5-10%
2024-08-05,BALKRISIND,-3.38,LONG,3181.05,3157.19,3228.77,WIN,3228.77,1.5,1479.19,2024-08-05 09:15:00+05:30,0,2024-08,3-5%
2024-08-12,BALKRISIND,-3.37,LONG,2955.85,2933.68,3000.19,LOSS,2933.68,-0.75,-731.57,2024-08-12 09:15:00+05:30,0,2024-08,3-5%
2025-01-28,BALKRISIND,3.32,SHORT,2649.8,2669.67,2610.05,WIN,2610.05,1.5,1470.64,2025-01-28 09:15:00+05:30,0,2025-01,3-5%
2025-04-07,BALKRISIND,-9.88,LONG,2152.1,2135.96,2184.38,WIN,2184.38,1.5,1484.95,2025-04-07 09:15:00+05:30,0,2025-04,5-10%
2025-04-11,BALKRISIND,3.92,SHORT,2370.0,2387.78,2334.45,WIN,2334.45,1.5,1493.1,2025-04-11 09:15:00+05:30,0,2025-04,3-5%
2025-05-26,BALKRISIND,-8.81,LONG,2425.8,2407.61,2462.19,LOSS,2407.61,-0.75,-745.93,2025-05-26 09:15:00+05:30,0,2025-05,5-10%
2026-02-03,BALKRISIND,8.46,SHORT,2500.0,2518.75,2462.5,LOSS,2518.75,-0.75,-750.0,2026-02-03 09:15:00+05:30,0,2026-02,5-10%
2026-03-02,BALKRISIND,-3.49,LONG,2294.0,2276.8,2328.41,WIN,2328.41,1.5,1479.63,2026-03-02 09:15:00+05:30,0,2026-03,3-5%
2026-04-01,BALKRISIND,3.88,SHORT,2163.8,2180.03,2131.34,WIN,2131.34,1.5,1493.02,2026-04-01 09:15:00+05:30,0,2026-04,3-5%
2026-04-08,BALKRISIND,4.03,SHORT,2208.6,2225.16,2175.47,LOSS,2225.16,-0.75,-745.4,2026-04-08 09:15:00+05:30,0,2026-04,3-5%
2024-03-01,BERGEPAINT,-5.28,LONG,587.85,583.44,596.67,LOSS,583.44,-0.75,-749.51,2024-03-01 09:15:00+05:30,0,2024-03,5-10%
2025-02-03,BERGEPAINT,4.21,SHORT,494.5,498.21,487.08,WIN,487.08,1.5,1498.34,2025-02-03 09:15:00+05:30,0,2025-02,3-5%
2025-04-07,BERGEPAINT,-3.05,LONG,498.95,495.21,506.43,WIN,506.43,1.5,1496.85,2025-04-07 09:15:00+05:30,0,2025-04,3-5%
2025-06-13,BERGEPAINT,-3.82,LONG,546.85,542.75,555.05,WIN,555.05,1.5,1492.9,2025-06-13 09:15:00+05:30,0,2025-06,3-5%
2026-02-03,BERGEPAINT,3.35,SHORT,478.4,481.99,471.22,WIN,471.22,1.5,1499.78,2026-02-03 09:15:00+05:30,0,2026-02,3-5%
2026-03-02,BERGEPAINT,-5.16,LONG,433.0,429.75,439.49,WIN,439.49,1.5,1493.85,2026-03-02 09:15:00+05:30,0,2026-03,5-10%
2026-03-09,BERGEPAINT,-3.45,LONG,428.6,425.39,435.03,LOSS,425.39,-0.75,-748.98,2026-03-09 09:15:00+05:30,0,2026-03,3-5%
2026-03-24,BERGEPAINT,3.65,SHORT,420.25,423.4,413.95,WIN,413.95,1.5,1493.99,2026-03-24 09:15:00+05:30,0,2026-03,3-5%
2026-04-08,BERGEPAINT,4.06,SHORT,447.3,450.65,440.59,WIN,440.59,1.5,1496.22,2026-04-08 09:15:00+05:30,0,2026-04,3-5%
2024-10-31,BIOCON,-4.52,LONG,306.0,303.71,310.59,WIN,310.59,1.5,1496.34,2024-10-31 09:15:00+05:30,0,2024-10,3-5%
2025-04-07,BIOCON,-7.03,LONG,304.95,302.66,309.52,WIN,309.52,1.5,1495.78,2025-04-07 09:15:00+05:30,0,2025-04,5-10%
2025-04-11,BIOCON,4.1,SHORT,318.85,321.24,314.07,WIN,314.07,1.5,1497.0,2025-04-11 09:15:00+05:30,0,2025-04,3-5%
2026-02-03,BIOCON,4.08,SHORT,385.25,388.14,379.47,WIN,379.47,1.5,1496.7,2026-02-03 09:15:00+05:30,0,2026-02,3-5%
2023-10-31,BLUESTARCO,6.51,SHORT,929.0,935.97,915.06,LOSS,935.97,-0.75,-745.52,2023-10-31 09:15:00+05:30,0,2023-10,5-10%
2025-01-27,BLUESTARCO,-4.01,LONG,1766.15,1752.9,1792.64,LOSS,1752.9,-0.75,-741.78,2025-01-27 09:15:00+05:30,0,2025-01,3-5%
2025-02-03,BLUESTARCO,10.05,SHORT,2000.3,2015.3,1970.3,LOSS,2015.3,-0.75,-735.11,2025-02-03 09:15:00+05:30,0,2025-02,10%+
2025-02-04,BLUESTARCO,3.02,SHORT,2109.8,2125.62,2078.15,WIN,2078.15,1.5,1487.41,2025-02-04 09:15:00+05:30,0,2025-02,3-5%
2025-04-07,BLUESTARCO,-11.58,LONG,1795.0,1781.54,1821.92,LOSS,1781.54,-0.75,-740.44,2025-04-07 09:15:00+05:30,0,2025-04,10%+
2025-04-08,BLUESTARCO,3.69,SHORT,2021.95,2037.11,1991.62,WIN,1991.62,1.5,1486.13,2025-04-08 09:15:00+05:30,0,2025-04,3-5%
2025-08-18,BLUESTARCO,4.75,SHORT,1870.0,1884.02,1841.95,LOSS,1884.02,-0.75,-743.33,2025-08-18 09:15:00+05:30,0,2025-08,3-5%
2025-11-06,BLUESTARCO,3.04,SHORT,1947.5,1962.11,1918.29,LOSS,1962.11,-0.75,-744.92,2025-11-06 09:15:00+05:30,0,2025-11,3-5%
2026-02-03,BLUESTARCO,4.31,SHORT,1917.4,1931.78,1888.64,WIN,1888.64,1.5,1495.57,2026-02-03 09:15:00+05:30,0,2026-02,3-5%
2026-04-01,BLUESTARCO,3.43,SHORT,1666.0,1678.5,1641.01,WIN,1641.01,1.5,1499.4,2026-04-01 09:15:00+05:30,0,2026-04,3-5%
2026-04-08,BLUESTARCO,3.98,SHORT,1600.4,1612.4,1576.39,LOSS,1612.4,-0.75,-744.19,2026-04-08 09:15:00+05:30,0,2026-04,3-5%
2025-04-07,BOSCHLTD,-3.26,LONG,26399.55,26201.55,26795.54,LOSS,26201.55,-0.75,-593.99,2025-04-07 09:15:00+05:30,0,2025-04,3-5%
2023-12-12,BPCL,-4.38,LONG,223.15,221.48,226.5,FLAT,223.85,0.31,313.61,2023-12-12 15:15:00+05:30,6,2023-12,3-5%
2024-03-15,BPCL,-3.1,LONG,294.58,292.37,298.99,LOSS,292.37,-0.75,-748.96,2024-03-15 09:15:00+05:30,0,2024-03,3-5%
2024-05-10,BPCL,4.06,SHORT,308.5,310.81,303.87,LOSS,310.81,-0.75,-749.66,2024-05-10 09:15:00+05:30,0,2024-05,3-5%
2024-06-03,BPCL,5.54,SHORT,331.92,334.41,326.95,LOSS,334.41,-0.75,-749.32,2024-06-03 09:15:00+05:30,0,2024-06,5-10%
2024-10-03,BPCL,-3.78,LONG,353.8,351.15,359.11,WIN,359.11,1.5,1496.57,2024-10-03 09:15:00+05:30,0,2024-10,3-5%
2025-02-03,BPCL,-4.02,LONG,251.0,249.12,254.76,LOSS,249.12,-0.75,-749.23,2025-02-03 09:15:00+05:30,0,2025-02,3-5%
2025-04-07,BPCL,-5.5,LONG,263.65,261.67,267.6,WIN,267.6,1.5,1498.85,2025-04-07 09:15:00+05:30,0,2025-04,5-10%
2025-06-13,BPCL,-4.87,LONG,303.65,301.37,308.2,LOSS,301.37,-0.75,-749.26,2025-06-13 09:15:00+05:30,0,2025-06,3-5%
2025-06-24,BPCL,3.84,SHORT,325.5,327.94,320.62,WIN,320.62,1.5,1498.93,2025-06-24 10:15:00+05:30,1,2025-06,3-5%
2026-03-02,BPCL,-4.04,LONG,369.15,366.38,374.69,WIN,374.69,1.5,1495.06,2026-03-02 09:15:00+05:30,0,2026-03,3-5%
2026-03-09,BPCL,-4.83,LONG,335.9,333.38,340.94,LOSS,333.38,-0.75,-748.22,2026-03-09 09:15:00+05:30,0,2026-03,3-5%
2026-03-19,BPCL,-3.37,LONG,293.75,291.55,298.16,LOSS,291.55,-0.75,-749.06,2026-03-19 09:15:00+05:30,0,2026-03,3-5%
2026-03-23,BPCL,-3.34,LONG,278.85,276.76,283.03,LOSS,276.76,-0.75,-748.71,2026-03-23 09:15:00+05:30,0,2026-03,3-5%
2026-04-08,BPCL,5.53,SHORT,292.8,295.0,288.41,LOSS,295.0,-0.75,-748.84,2026-04-08 09:15:00+05:30,0,2026-04,5-10%
2026-04-13,BPCL,-3.9,LONG,288.3,286.14,292.62,LOSS,286.14,-0.75,-748.14,2026-04-13 09:15:00+05:30,0,2026-04,3-5%
2026-04-15,BPCL,3.4,SHORT,302.9,305.17,298.36,LOSS,305.17,-0.75,-749.68,2026-04-15 09:15:00+05:30,0,2026-04,3-5%
2025-04-07,BRITANNIA,-7.99,LONG,4621.9,4587.24,4691.23,WIN,4691.23,1.5,1455.9,2025-04-07 09:15:00+05:30,0,2025-04,5-10%
2025-08-18,BRITANNIA,3.16,SHORT,5470.0,5511.02,5387.95,LOSS,5511.02,-0.75,-738.45,2025-08-18 09:15:00+05:30,0,2025-08,3-5%
2025-09-04,BRITANNIA,5.11,SHORT,6200.0,6246.5,6107.0,LOSS,6246.5,-0.75,-744.0,2025-09-04 09:15:00+05:30,0,2025-09,5-10%
2025-11-06,BRITANNIA,4.43,SHORT,6174.0,6220.3,6081.39,WIN,6081.39,1.5,1481.76,2025-11-06 09:15:00+05:30,0,2025-11,3-5%
2025-11-11,BRITANNIA,-4.62,LONG,5850.0,5806.12,5937.75,LOSS,5806.12,-0.75,-745.88,2025-11-11 09:15:00+05:30,0,2025-11,3-5%
2026-05-08,BRITANNIA,-4.34,LONG,5625.5,5583.31,5709.88,LOSS,5583.31,-0.75,-717.25,2026-05-08 09:15:00+05:30,0,2026-05,3-5%
2023-12-28,CESC,3.35,SHORT,129.7,130.67,127.75,LOSS,130.67,-0.75,-749.99,2023-12-28 09:15:00+05:30,0,2023-12,3-5%
2024-03-28,CESC,3.06,SHORT,126.3,127.25,124.41,LOSS,127.25,-0.75,-749.27,2024-03-28 09:15:00+05:30,0,2024-03,3-5%
2024-04-15,CESC,-3.82,LONG,136.1,135.08,138.14,LOSS,135.08,-0.75,-749.23,2024-04-15 09:15:00+05:30,0,2024-04,3-5%
2024-06-03,CESC,4.46,SHORT,153.55,154.7,151.25,WIN,151.25,1.5,1499.42,2024-06-03 09:15:00+05:30,0,2024-06,3-5%
2024-06-04,CESC,-3.22,LONG,147.3,146.2,149.51,LOSS,146.2,-0.75,-749.02,2024-06-04 09:15:00+05:30,0,2024-06,3-5%
2024-08-05,CESC,-3.02,LONG,174.32,173.01,176.93,LOSS,173.01,-0.75,-749.14,2024-08-05 09:15:00+05:30,0,2024-08,3-5%
2024-10-03,CESC,-3.18,LONG,194.57,193.11,197.49,WIN,197.49,1.5,1497.22,2024-10-03 09:15:00+05:30,0,2024-10,3-5%
2024-11-25,CESC,3.4,SHORT,178.73,180.07,176.05,LOSS,180.07,-0.75,-749.33,2024-11-25 09:15:00+05:30,0,2024-11,3-5%
2025-02-03,CESC,-5.56,LONG,135.0,133.99,137.02,LOSS,133.99,-0.75,-749.25,2025-02-03 09:15:00+05:30,0,2025-02,5-10%
2025-04-07,CESC,-7.73,LONG,140.25,139.2,142.35,WIN,142.35,1.5,1499.97,2025-04-07 09:15:00+05:30,0,2025-04,5-10%
2026-03-02,CESC,-5.09,LONG,150.0,148.88,152.25,WIN,152.25,1.5,1498.5,2026-03-02 09:15:00+05:30,0,2026-03,5-10%
2026-03-13,CESC,3.12,SHORT,164.17,165.4,161.71,WIN,161.71,1.5,1499.69,2026-03-13 09:15:00+05:30,0,2026-03,3-5%
2023-07-27,CIPLA,3.54,SHORT,1117.15,1125.53,1100.39,LOSS,1125.53,-0.75,-745.7,2023-07-27 09:15:00+05:30,0,2023-07,3-5%
2024-01-23,CIPLA,4.37,SHORT,1385.0,1395.39,1364.22,LOSS,1395.39,-0.75,-747.9,2024-01-23 09:15:00+05:30,0,2024-01,3-5%
2024-05-15,CIPLA,3.08,SHORT,1400.0,1410.5,1379.0,LOSS,1410.5,-0.75,-745.5,2024-05-15 09:15:00+05:30,0,2024-05,3-5%
2024-10-31,CIPLA,8.6,SHORT,1540.0,1551.55,1516.9,LOSS,1551.55,-0.75,-739.2,2024-10-31 10:15:00+05:30,1,2024-10,5-10%
2025-02-03,CIPLA,-3.16,LONG,1433.3,1422.55,1454.8,LOSS,1422.55,-0.75,-741.73,2025-02-03 09:15:00+05:30,0,2025-02,3-5%
2025-04-07,CIPLA,-5.39,LONG,1340.3,1330.25,1360.4,WIN,1360.4,1.5,1487.73,2025-04-07 09:15:00+05:30,0,2025-04,5-10%
2025-04-11,CIPLA,3.5,SHORT,1465.0,1475.99,1443.02,LOSS,1475.99,-0.75,-747.15,2025-04-11 09:15:00+05:30,0,2025-04,3-5%
2026-01-16,CIPLA,-3.8,LONG,1379.0,1368.66,1399.68,LOSS,1368.66,-0.75,-744.66,2026-01-16 09:15:00+05:30,0,2026-01,3-5%
2026-02-03,CIPLA,5.31,SHORT,1381.2,1391.56,1360.48,WIN,1360.48,1.5,1491.7,2026-02-03 09:15:00+05:30,0,2026-02,5-10%
2023-06-01,COALINDIA,-4.5,LONG,230.4,228.67,233.86,FLAT,230.0,-0.17,-173.6,2023-06-01 15:15:00+05:30,6,2023-06,3-5%
2023-11-21,COALINDIA,-4.01,LONG,334.3,331.79,339.31,LOSS,331.79,-0.75,-749.67,2023-11-21 10:15:00+05:30,1,2023-11,3-5%
2024-01-23,COALINDIA,5.02,SHORT,402.5,405.52,396.46,WIN,396.46,1.5,1497.3,2024-01-23 09:15:00+05:30,0,2024-01,5-10%
2024-06-03,COALINDIA,5.06,SHORT,516.05,519.92,508.31,LOSS,519.92,-0.75,-746.98,2024-06-03 09:15:00+05:30,0,2024-06,5-10%
2024-11-05,COALINDIA,-3.18,LONG,429.1,425.88,435.54,WIN,435.54,1.5,1499.7,2024-11-05 14:15:00+05:30,5,2024-11,3-5%
2025-02-03,COALINDIA,-4.71,LONG,378.0,375.16,383.67,LOSS,375.16,-0.75,-748.44,2025-02-03 09:15:00+05:30,0,2025-02,3-5%
2025-04-07,COALINDIA,-6.91,LONG,358.85,356.16,364.23,WIN,364.23,1.5,1496.4,2025-04-07 09:15:00+05:30,0,2025-04,5-10%
2025-04-07,COLPAL,-3.93,LONG,2328.05,2310.59,2362.97,WIN,2362.97,1.5,1466.67,2025-04-07 09:15:00+05:30,0,2025-04,3-5%
2025-05-22,COLPAL,-3.22,LONG,2574.4,2555.09,2613.02,LOSS,2555.09,-0.75,-733.7,2025-05-22 09:15:00+05:30,0,2025-05,3-5%
2025-09-04,COLPAL,3.32,SHORT,2461.0,2479.46,2424.08,LOSS,2479.46,-0.75,-738.3,2025-09-04 09:15:00+05:30,0,2025-09,3-5%
2024-06-13,DABUR,-3.76,LONG,596.95,592.47,605.9,LOSS,592.47,-0.75,-747.68,2024-06-13 09:15:00+05:30,0,2024-06,3-5%
2024-10-03,DABUR,-5.49,LONG,584.8,580.41,593.57,LOSS,580.41,-0.75,-745.62,2024-10-03 09:15:00+05:30,0,2024-10,5-10%
2025-04-03,DABUR,-4.25,LONG,474.7,471.14,481.82,LOSS,471.14,-0.75,-747.65,2025-04-03 09:15:00+05:30,0,2025-04,3-5%
2025-04-07,DABUR,-5.95,LONG,434.5,431.24,441.02,WIN,441.02,1.5,1499.02,2025-04-07 09:15:00+05:30,0,2025-04,5-10%
2025-09-04,DABUR,3.71,SHORT,563.65,567.88,555.2,LOSS,567.88,-0.75,-748.25,2025-09-04 09:15:00+05:30,0,2025-09,3-5%
2026-05-08,DABUR,3.5,SHORT,485.0,488.64,477.72,WIN,477.72,1.5,1498.65,2026-05-08 09:15:00+05:30,0,2026-05,3-5%
2024-05-27,DIVISLAB,3.64,SHORT,4272.3,4304.34,4208.22,LOSS,4304.34,-0.75,-736.97,2024-05-27 09:15:00+05:30,0,2024-05,3-5%
2024-12-05,DIVISLAB,-3.02,LONG,6069.85,6024.33,6160.9,LOSS,6024.33,-0.75,-728.38,2024-12-05 09:15:00+05:30,0,2024-12,3-5%
2025-04-03,DIVISLAB,3.87,SHORT,5885.15,5929.29,5796.87,LOSS,5929.29,-0.75,-706.22,2025-04-03 09:15:00+05:30,0,2025-04,3-5%
2025-04-07,DIVISLAB,-8.8,LONG,5000.15,4962.65,5075.15,WIN,5075.15,1.5,1425.04,2025-04-07 09:15:00+05:30,0,2025-04,5-10%
2025-04-21,DIVISLAB,4.2,SHORT,5877.0,5921.08,5788.84,FLAT,5910.0,-0.56,-561.0,2025-04-21 15:15:00+05:30,6,2025-04,3-5%
2025-07-14,DIVISLAB,-3.09,LONG,6619.0,6569.36,6718.28,LOSS,6569.36,-0.75,-744.64,2025-07-14 09:15:00+05:30,0,2025-07,3-5%
2026-02-03,DIVISLAB,4.19,SHORT,6202.0,6248.52,6108.97,LOSS,6248.52,-0.75,-744.24,2026-02-03 10:15:00+05:30,1,2026-02,3-5%
2024-01-25,DLF,3.52,SHORT,771.85,777.64,760.27,WIN,760.27,1.5,1493.53,2024-01-25 09:15:00+05:30,0,2024-01,3-5%
2024-06-03,DLF,3.97,SHORT,848.0,854.36,835.28,WIN,835.28,1.5,1488.24,2024-06-03 09:15:00+05:30,0,2024-06,3-5%
2024-08-07,DLF,3.38,SHORT,848.45,854.81,835.72,WIN,835.72,1.5,1489.03,2024-08-07 09:15:00+05:30,0,2024-08,3-5%
2025-02-06,DLF,3.26,SHORT,786.7,792.6,774.9,WIN,774.9,1.5,1498.66,2025-02-06 09:15:00+05:30,0,2025-02,3-5%
2025-04-07,DLF,-5.76,LONG,616.15,611.53,625.39,LOSS,611.53,-0.75,-748.62,2025-04-07 09:15:00+05:30,0,2025-04,5-10%
2025-04-08,DLF,3.1,SHORT,626.85,631.55,617.45,LOSS,631.55,-0.75,-747.52,2025-04-08 09:15:00+05:30,0,2025-04,3-5%
2025-05-12,DLF,4.27,SHORT,658.65,663.59,648.77,LOSS,663.59,-0.75,-745.92,2025-05-12 09:15:00+05:30,0,2025-05,3-5%
2025-05-20,DLF,3.55,SHORT,763.8,769.53,752.34,LOSS,769.53,-0.75,-744.7,2025-05-20 09:15:00+05:30,0,2025-05,3-5%
2026-02-03,DLF,6.99,SHORT,670.1,675.13,660.05,WIN,660.05,1.5,1497.67,2026-02-03 09:15:00+05:30,0,2026-02,5-10%
2026-03-09,DLF,-3.05,LONG,559.95,555.75,568.35,LOSS,555.75,-0.75,-747.53,2026-03-09 09:15:00+05:30,0,2026-03,3-5%
2026-04-01,DLF,3.15,SHORT,519.6,523.5,511.81,LOSS,523.5,-0.75,-748.22,2026-04-01 09:15:00+05:30,0,2026-04,3-5%
2026-04-08,DLF,5.02,SHORT,560.9,565.11,552.49,LOSS,565.11,-0.75,-748.8,2026-04-08 09:15:00+05:30,0,2026-04,5-10%
2023-12-11,DRREDDY,-4.97,LONG,1095.53,1087.31,1111.96,LOSS,1087.31,-0.75,-747.7,2023-12-11 09:15:00+05:30,0,2023-12,3-5%
2024-11-21,DRREDDY,-3.09,LONG,1175.95,1167.13,1193.59,WIN,1193.59,1.5,1499.34,2024-11-21 09:15:00+05:30,0,2024-11,3-5%
2025-01-24,DRREDDY,-3.66,LONG,1242.25,1232.93,1260.88,LOSS,1232.93,-0.75,-745.35,2025-01-24 09:15:00+05:30,0,2025-01,3-5%
2025-04-03,DRREDDY,5.08,SHORT,1208.4,1217.46,1190.27,LOSS,1217.46,-0.75,-743.17,2025-04-03 09:15:00+05:30,0,2025-04,5-10%
2025-04-07,DRREDDY,-5.52,LONG,1053.4,1045.5,1069.2,WIN,1069.2,1.5,1485.29,2025-04-07 09:15:00+05:30,0,2025-04,5-10%
2025-04-11,DRREDDY,3.67,SHORT,1134.2,1142.71,1117.19,WIN,1117.19,1.5,1497.14,2025-04-11 09:15:00+05:30,0,2025-04,3-5%
2025-10-30,DRREDDY,-4.91,LONG,1189.5,1180.58,1207.34,FLAT,1203.5,1.18,1176.0,2025-10-30 15:15:00+05:30,6,2025-10,3-5%
2026-01-22,DRREDDY,3.11,SHORT,1192.0,1200.94,1174.12,LOSS,1200.94,-0.75,-742.02,2026-01-22 09:15:00+05:30,0,2026-01,3-5%
2026-02-03,DRREDDY,3.85,SHORT,1265.0,1274.49,1246.03,WIN,1246.03,1.5,1499.02,2026-02-03 09:15:00+05:30,0,2026-02,3-5%
2024-06-03,Dixon,3.01,SHORT,9675.75,9748.32,9530.61,LOSS,9748.32,-0.75,-725.68,2024-06-03 09:15:00+05:30,0,2024-06,3-5%
2024-08-05,Dixon,-4.65,LONG,11112.95,11029.6,11279.64,WIN,11279.64,1.5,1333.55,2024-08-05 09:15:00+05:30,0,2024-08,3-5%
2024-08-06,Dixon,3.25,SHORT,11461.1,11547.06,11289.18,LOSS,11547.06,-0.75,-687.67,2024-08-06 09:15:00+05:30,0,2024-08,3-5%
2024-10-25,Dixon,4.88,SHORT,15790.05,15908.48,15553.2,WIN,15553.2,1.5,1421.1,2024-10-25 09:15:00+05:30,0,2024-10,3-5%
2025-02-03,Dixon,-4.71,LONG,14311.55,14204.21,14526.22,WIN,14526.22,1.5,1288.04,2025-02-03 09:15:00+05:30,0,2025-02,3-5%
2025-04-07,Dixon,-5.12,LONG,12480.0,12386.4,12667.2,LOSS,12386.4,-0.75,-748.8,2025-04-07 09:15:00+05:30,0,2025-04,5-10%
2025-04-11,Dixon,4.13,SHORT,13813.15,13916.75,13605.95,LOSS,13916.75,-0.75,-725.19,2025-04-11 09:15:00+05:30,0,2025-04,3-5%
2025-04-15,Dixon,3.55,SHORT,14766.0,14876.74,14544.51,WIN,14544.51,1.5,1328.94,2025-04-15 09:15:00+05:30,0,2025-04,3-5%
2025-05-12,Dixon,4.54,SHORT,15879.0,15998.09,15640.82,LOSS,15998.09,-0.75,-714.56,2025-05-12 09:15:00+05:30,0,2025-05,3-5%
2025-06-23,Dixon,-4.24,LONG,13451.0,13350.12,13652.76,WIN,13652.76,1.5,1412.35,2025-06-23 09:15:00+05:30,0,2025-06,3-5%
2025-07-16,Dixon,3.55,SHORT,16368.0,16490.76,16122.48,WIN,16122.48,1.5,1473.12,2025-07-16 10:15:00+05:30,1,2025-07,3-5%
2026-02-03,Dixon,7.47,SHORT,11111.0,11194.33,10944.34,WIN,10944.34,1.5,1499.99,2026-02-03 09:15:00+05:30,0,2026-02,5-10%
2026-03-10,Dixon,6.33,SHORT,10431.0,10509.23,10274.54,WIN,10274.54,1.5,1408.19,2026-03-10 09:15:00+05:30,0,2026-03,5-10%
2026-04-01,Dixon,4.78,SHORT,10099.0,10174.74,9947.52,WIN,9947.52,1.5,1363.37,2026-04-01 09:15:00+05:30,0,2026-04,3-5%
2026-04-08,Dixon,4.14,SHORT,10528.0,10606.96,10370.08,LOSS,10606.96,-0.75,-710.64,2026-04-08 09:15:00+05:30,0,2026-04,3-5%
2024-06-03,EXIDEIND,4.76,SHORT,512.7,516.55,505.01,WIN,505.01,1.5,1499.65,2024-06-03 09:15:00+05:30,0,2024-06,3-5%
2025-04-07,EXIDEIND,-8.25,LONG,334.9,332.39,339.92,LOSS,332.39,-0.75,-748.5,2025-04-07 09:15:00+05:30,0,2025-04,5-10%
2025-05-12,EXIDEIND,3.48,SHORT,373.5,376.3,367.9,LOSS,376.3,-0.75,-747.93,2025-05-12 09:15:00+05:30,0,2025-05,3-5%
2026-02-03,EXIDEIND,3.28,SHORT,332.15,334.64,327.17,WIN,327.17,1.5,1499.66,2026-02-03 09:15:00+05:30,0,2026-02,3-5%
2026-03-02,EXIDEIND,-3.61,LONG,321.45,319.04,326.27,WIN,326.27,1.5,1499.56,2026-03-02 09:15:00+05:30,0,2026-03,3-5%
2024-08-07,FORTIS,3.93,SHORT,516.45,520.32,508.7,WIN,508.7,1.5,1495.12,2024-08-07 09:15:00+05:30,0,2024-08,3-5%
2025-04-07,FORTIS,-6.44,LONG,607.05,602.5,616.16,LOSS,602.5,-0.75,-746.67,2025-04-07 09:15:00+05:30,0,2025-04,5-10%
2025-08-07,FORTIS,3.5,SHORT,881.95,888.56,868.72,LOSS,888.56,-0.75,-747.45,2025-08-07 09:15:00+05:30,0,2025-08,3-5%
2023-07-31,GLAND,3.45,SHORT,1343.8,1353.88,1323.64,LOSS,1353.88,-0.75,-745.81,2023-07-31 09:15:00+05:30,0,2023-07,3-5%
2023-08-08,GLAND,11.44,SHORT,1500.0,1511.25,1477.5,LOSS,1511.25,-0.75,-742.5,2023-08-08 09:15:00+05:30,0,2023-08,10%+
2023-11-07,GLAND,3.46,SHORT,1633.55,1645.8,1609.05,LOSS,1645.8,-0.75,-747.35,2023-11-07 09:15:00+05:30,0,2023-11,3-5%
2024-04-09,GLAND,-5.83,LONG,1751.15,1738.02,1777.42,WIN,1777.42,1.5,1497.23,2024-04-09 09:15:00+05:30,0,2024-04,5-10%
2024-05-23,GLAND,9.97,SHORT,1970.95,1985.73,1941.39,WIN,1941.39,1.5,1478.21,2024-05-23 09:15:00+05:30,0,2024-05,5-10%
2024-06-06,GLAND,4.86,SHORT,1875.95,1890.02,1847.81,WIN,1847.81,1.5,1491.38,2024-06-06 09:15:00+05:30,0,2024-06,3-5%
2024-08-05,GLAND,-4.86,LONG,2020.0,2004.85,2050.3,WIN,2050.3,1.5,1484.7,2024-08-05 09:15:00+05:30,0,2024-08,3-5%
2024-12-12,GLAND,3.46,SHORT,1836.75,1850.53,1809.2,LOSS,1850.53,-0.75,-743.88,2024-12-12 09:15:00+05:30,0,2024-12,3-5%
2025-01-13,GLAND,-3.2,LONG,1725.0,1712.06,1750.87,LOSS,1712.06,-0.75,-737.44,2025-01-13 09:15:00+05:30,0,2025-01,3-5%
2025-02-28,GLAND,-3.01,LONG,1569.05,1557.28,1592.59,WIN,1592.59,1.5,1482.75,2025-02-28 09:15:00+05:30,0,2025-02,3-5%
2025-03-24,GLAND,4.42,SHORT,1655.45,1667.87,1630.62,WIN,1630.62,1.5,1489.9,2025-03-24 09:15:00+05:30,0,2025-03,3-5%
2025-04-03,GLAND,11.4,SHORT,1710.05,1722.88,1684.4,WIN,1684.4,1.5,1487.74,2025-04-03 09:15:00+05:30,0,2025-04,10%+
2025-04-07,GLAND,-11.81,LONG,1300.0,1290.25,1319.5,WIN,1319.5,1.5,1482.0,2025-04-07 09:15:00+05:30,0,2025-04,10%+
2025-04-09,GLAND,-3.14,LONG,1380.2,1369.85,1400.9,LOSS,1369.85,-0.75,-745.31,2025-04-09 09:15:00+05:30,0,2025-04,3-5%
2025-04-11,GLAND,4.99,SHORT,1465.15,1476.14,1443.17,WIN,1443.17,1.5,1494.45,2025-04-11 09:15:00+05:30,0,2025-04,3-5%
2025-08-06,GLAND,3.33,SHORT,2030.2,2045.43,1999.75,LOSS,2045.43,-0.75,-746.1,2025-08-06 09:15:00+05:30,0,2025-08,3-5%
2025-09-26,GLAND,-3.52,LONG,1901.6,1887.34,1930.12,LOSS,1887.34,-0.75,-741.62,2025-09-26 09:15:00+05:30,0,2025-09,3-5%
2026-01-29,GLAND,6.95,SHORT,1814.7,1828.31,1787.48,LOSS,1828.31,-0.75,-748.56,2026-01-29 09:15:00+05:30,0,2026-01,5-10%
2026-02-03,GLAND,7.45,SHORT,1975.0,1989.81,1945.38,WIN,1945.38,1.5,1481.25,2026-02-03 09:15:00+05:30,0,2026-02,5-10%
2023-06-30,GODREJCP,3.34,SHORT,1071.95,1079.99,1055.87,LOSS,1079.99,-0.75,-747.69,2023-06-30 09:15:00+05:30,0,2023-06,3-5%
2024-01-08,GODREJCP,-3.69,LONG,1169.0,1160.23,1186.53,LOSS,1160.23,-0.75,-745.24,2024-01-08 09:15:00+05:30,0,2024-01,3-5%
2024-02-01,GODREJCP,4.72,SHORT,1216.8,1225.93,1198.55,LOSS,1225.93,-0.75,-748.33,2024-02-01 09:15:00+05:30,0,2024-02,3-5%
2024-05-07,GODREJCP,3.66,SHORT,1275.05,1284.61,1255.92,LOSS,1284.61,-0.75,-745.9,2024-05-07 09:15:00+05:30,0,2024-05,3-5%
2024-12-09,GODREJCP,-5.73,LONG,1164.65,1155.92,1182.12,LOSS,1155.92,-0.75,-742.46,2024-12-09 09:15:00+05:30,0,2024-12,5-10%
2025-02-03,GODREJCP,5.07,SHORT,1175.0,1183.81,1157.38,LOSS,1183.81,-0.75,-749.06,2025-02-03 09:15:00+05:30,0,2025-02,5-10%
2025-06-02,GODREJCP,3.3,SHORT,1272.6,1282.14,1253.51,LOSS,1282.14,-0.75,-744.47,2025-06-02 09:15:00+05:30,0,2025-06,3-5%
2025-07-07,GODREJCP,3.53,SHORT,1235.0,1244.26,1216.47,LOSS,1244.26,-0.75,-741.0,2025-07-07 09:15:00+05:30,0,2025-07,3-5%
2025-11-03,GODREJCP,3.99,SHORT,1163.2,1171.92,1145.75,LOSS,1171.92,-0.75,-741.54,2025-11-03 09:15:00+05:30,0,2025-11,3-5%
2026-04-08,GODREJCP,4.48,SHORT,1071.0,1079.03,1054.94,LOSS,1079.03,-0.75,-747.02,2026-04-08 09:15:00+05:30,0,2026-04,3-5%
2026-05-07,GODREJCP,-3.7,LONG,1053.6,1045.7,1069.4,LOSS,1045.7,-0.75,-742.79,2026-05-07 09:15:00+05:30,0,2026-05,3-5%
2024-05-06,GODREJPROP,4.22,SHORT,2668.0,2688.01,2627.98,LOSS,2688.01,-0.75,-740.37,2024-05-06 09:15:00+05:30,0,2024-05,3-5%
2024-05-24,GODREJPROP,-3.09,LONG,2719.6,2699.2,2760.39,WIN,2760.39,1.5,1468.58,2024-05-24 09:15:00+05:30,0,2024-05,3-5%
2024-06-03,GODREJPROP,3.04,SHORT,2863.55,2885.03,2820.6,LOSS,2885.03,-0.75,-730.21,2024-06-03 09:15:00+05:30,0,2024-06,3-5%
2025-02-05,GODREJPROP,3.18,SHORT,2465.95,2484.44,2428.96,LOSS,2484.44,-0.75,-739.78,2025-02-05 09:15:00+05:30,0,2025-02,3-5%
2025-04-07,GODREJPROP,-5.16,LONG,1961.15,1946.44,1990.57,LOSS,1946.44,-0.75,-735.43,2025-04-07 09:15:00+05:30,0,2025-04,5-10%
2025-04-08,GODREJPROP,5.63,SHORT,2031.95,2047.19,2001.47,LOSS,2047.19,-0.75,-746.74,2025-04-08 09:15:00+05:30,0,2025-04,5-10%
2025-05-12,GODREJPROP,3.82,SHORT,2083.6,2099.23,2052.35,LOSS,2099.23,-0.75,-734.47,2025-05-12 09:15:00+05:30,0,2025-05,3-5%
2025-06-13,GODREJPROP,-3.29,LONG,2310.0,2292.68,2344.65,WIN,2344.65,1.5,1489.95,2025-06-13 09:15:00+05:30,0,2025-06,3-5%
2026-02-03,GODREJPROP,4.8,SHORT,1652.5,1664.89,1627.71,LOSS,1664.89,-0.75,-743.63,2026-02-03 09:15:00+05:30,0,2026-02,3-5%
2026-03-09,GODREJPROP,-4.67,LONG,1592.0,1580.06,1615.88,WIN,1615.88,1.5,1480.56,2026-03-09 09:15:00+05:30,0,2026-03,3-5%
2026-04-01,GODREJPROP,3.63,SHORT,1521.3,1532.71,1498.48,LOSS,1532.71,-0.75,-741.63,2026-04-01 09:15:00+05:30,0,2026-04,3-5%
2026-04-08,GODREJPROP,6.22,SHORT,1700.0,1712.75,1674.5,LOSS,1712.75,-0.75,-739.5,2026-04-08 09:15:00+05:30,0,2026-04,5-10%
2023-06-01,GUJGASLTD,-4.53,LONG,485.0,481.36,492.28,WIN,492.28,1.5,1498.65,2023-06-01 09:15:00+05:30,0,2023-06,3-5%
2023-07-03,GUJGASLTD,4.2,SHORT,485.05,488.69,477.77,LOSS,488.69,-0.75,-749.4,2023-07-03 09:15:00+05:30,0,2023-07,3-5%
2023-08-03,GUJGASLTD,-3.56,LONG,455.0,451.59,461.82,LOSS,451.59,-0.75,-747.34,2023-08-03 09:15:00+05:30,0,2023-08,3-5%
2024-02-14,GUJGASLTD,-5.84,LONG,527.7,523.74,535.62,LOSS,523.74,-0.75,-748.01,2024-02-14 09:15:00+05:30,0,2024-02,5-10%
2024-02-16,GUJGASLTD,-3.26,LONG,564.0,559.77,572.46,LOSS,559.77,-0.75,-748.71,2024-02-16 09:15:00+05:30,0,2024-02,3-5%
2024-09-02,GUJGASLTD,5.25,SHORT,636.75,641.53,627.2,LOSS,641.53,-0.75,-749.77,2024-09-02 09:15:00+05:30,0,2024-09,5-10%
2025-02-03,GUJGASLTD,-7.14,LONG,451.3,447.92,458.07,WIN,458.07,1.5,1496.06,2025-02-03 09:15:00+05:30,0,2025-02,5-10%
2025-04-07,GUJGASLTD,-6.33,LONG,371.95,369.16,377.53,WIN,377.53,1.5,1495.24,2025-04-07 09:15:00+05:30,0,2025-04,5-10%
2025-05-20,GUJGASLTD,4.18,SHORT,486.0,489.65,478.71,LOSS,489.65,-0.75,-747.23,2025-05-20 09:15:00+05:30,0,2025-05,3-5%
2026-03-04,GUJGASLTD,-3.93,LONG,381.0,378.14,386.72,WIN,386.72,1.5,1497.33,2026-03-04 09:15:00+05:30,0,2026-03,3-5%
2026-04-08,GUJGASLTD,4.01,SHORT,325.45,327.89,320.57,LOSS,327.89,-0.75,-749.35,2026-04-08 09:15:00+05:30,0,2026-04,3-5%
2024-01-23,HAVELLS,-3.14,LONG,1342.5,1332.43,1362.64,WIN,1362.64,1.5,1490.17,2024-01-23 09:15:00+05:30,0,2024-01,3-5%
2024-03-04,HAVELLS,4.06,SHORT,1580.7,1592.56,1556.99,WIN,1556.99,1.5,1493.76,2024-03-04 09:15:00+05:30,0,2024-03,3-5%
2024-06-03,HAVELLS,3.55,SHORT,1975.05,1989.86,1945.42,WIN,1945.42,1.5,1481.29,2024-06-03 09:15:00+05:30,0,2024-06,3-5%
2025-02-03,HAVELLS,4.91,SHORT,1643.15,1655.47,1618.5,LOSS,1655.47,-0.75,-739.42,2025-02-03 09:15:00+05:30,0,2025-02,3-5%
2025-02-27,HAVELLS,-5.06,LONG,1462.0,1451.04,1483.93,LOSS,1451.04,-0.75,-745.62,2025-02-27 09:15:00+05:30,0,2025-02,5-10%
2025-03-20,HAVELLS,-3.06,LONG,1510.3,1498.97,1532.95,LOSS,1498.97,-0.75,-747.6,2025-03-20 09:15:00+05:30,0,2025-03,3-5%
2025-04-07,HAVELLS,-5.27,LONG,1389.75,1379.33,1410.6,WIN,1410.6,1.5,1480.08,2025-04-07 09:15:00+05:30,0,2025-04,5-10%
2025-06-13,HAVELLS,-4.5,LONG,1486.8,1475.65,1509.1,WIN,1509.1,1.5,1494.23,2025-06-13 09:15:00+05:30,0,2025-06,3-5%
2025-08-18,HAVELLS,5.49,SHORT,1555.1,1566.76,1531.77,LOSS,1566.76,-0.75,-746.45,2025-08-18 09:15:00+05:30,0,2025-08,5-10%
2023-07-21,HCLTECH,-5.01,LONG,1097.95,1089.72,1114.42,WIN,1114.42,1.5,1498.7,2023-07-21 09:15:00+05:30,0,2023-07,5-10%
2024-01-15,HCLTECH,3.51,SHORT,1608.4,1620.46,1584.27,WIN,1584.27,1.5,1495.81,2024-01-15 09:15:00+05:30,0,2024-01,3-5%
2024-03-22,HCLTECH,-3.24,LONG,1544.1,1532.52,1567.26,LOSS,1532.52,-0.75,-741.17,2024-03-22 09:15:00+05:30,0,2024-03,3-5%
2024-04-29,HCLTECH,-3.54,LONG,1421.65,1410.99,1442.97,LOSS,1410.99,-0.75,-746.37,2024-04-29 09:15:00+05:30,0,2024-04,3-5%
2025-04-07,HCLTECH,-6.8,LONG,1330.0,1320.02,1349.95,LOSS,1320.02,-0.75,-748.12,2025-04-07 09:15:00+05:30,0,2025-04,5-10%
2025-04-23,HCLTECH,6.09,SHORT,1565.1,1576.84,1541.62,LOSS,1576.84,-0.75,-739.51,2025-04-23 09:15:00+05:30,0,2025-04,5-10%
2026-02-03,HCLTECH,4.55,SHORT,1768.3,1781.56,1741.78,WIN,1741.78,1.5,1485.37,2026-02-03 09:15:00+05:30,0,2026-02,3-5%
2026-02-04,HCLTECH,-4.42,LONG,1617.4,1605.27,1641.66,LOSS,1605.27,-0.75,-739.96,2026-02-04 09:15:00+05:30,0,2026-02,3-5%
2026-04-01,HCLTECH,3.74,SHORT,1391.8,1402.24,1370.92,WIN,1370.92,1.5,1482.27,2026-04-01 09:15:00+05:30,0,2026-04,3-5%
2026-04-22,HCLTECH,-7.26,LONG,1336.6,1326.58,1356.65,LOSS,1326.58,-0.75,-741.81,2026-04-22 09:15:00+05:30,0,2026-04,5-10%
2024-06-03,HDFCLIFE,3.41,SHORT,568.6,572.86,560.07,WIN,560.07,1.5,1492.57,2024-06-03 09:15:00+05:30,0,2024-06,3-5%
2024-08-16,HDFCLIFE,-3.02,LONG,665.0,660.01,674.97,WIN,674.97,1.5,1496.25,2024-08-16 09:15:00+05:30,0,2024-08,3-5%
2025-01-16,HDFCLIFE,6.97,SHORT,635.0,639.76,625.48,LOSS,639.76,-0.75,-747.71,2025-01-16 09:15:00+05:30,0,2025-01,5-10%
2025-02-03,HDFCLIFE,-3.48,LONG,617.3,612.67,626.56,LOSS,612.67,-0.75,-745.39,2025-02-03 09:15:00+05:30,0,2025-02,3-5%
2025-04-07,HDFCLIFE,-3.67,LONG,663.75,658.77,673.71,WIN,673.71,1.5,1493.44,2025-04-07 09:15:00+05:30,0,2025-04,3-5%
2026-03-09,HDFCLIFE,-3.24,LONG,647.4,642.54,657.11,WIN,657.11,1.5,1495.49,2026-03-09 09:15:00+05:30,0,2026-03,3-5%
2024-01-23,HINDUNILVR,-4.33,LONG,2454.25,2435.84,2491.06,LOSS,2435.84,-0.75,-736.27,2024-01-23 09:15:00+05:30,0,2024-01,3-5%
2025-04-07,HINDUNILVR,-3.0,LONG,2177.15,2160.82,2209.81,WIN,2209.81,1.5,1469.58,2025-04-07 09:15:00+05:30,0,2025-04,2-3%
2023-05-29,ICICIGI,10.0,SHORT,1209.9,1218.97,1191.75,LOSS,1218.97,-0.75,-744.09,2023-05-29 09:15:00+05:30,0,2023-05,5-10%
2024-01-17,ICICIGI,3.06,SHORT,1416.3,1426.92,1395.06,LOSS,1426.92,-0.75,-743.56,2024-01-17 09:15:00+05:30,0,2024-01,3-5%
2025-04-07,ICICIGI,-4.04,LONG,1754.6,1741.44,1780.92,WIN,1780.92,1.5,1473.86,2025-04-07 09:15:00+05:30,0,2025-04,3-5%
2025-10-15,ICICIGI,3.17,SHORT,1924.2,1938.63,1895.34,LOSS,1938.63,-0.75,-736.01,2025-10-15 09:15:00+05:30,0,2025-10,3-5%
2026-02-03,ICICIGI,3.02,SHORT,1874.9,1888.96,1846.78,LOSS,1888.96,-0.75,-745.27,2026-02-03 09:15:00+05:30,0,2026-02,3-5%
2024-03-07,IGL,-3.45,LONG,207.75,206.19,210.87,LOSS,206.19,-0.75,-749.46,2024-03-07 09:15:00+05:30,0,2024-03,3-5%
2024-07-25,IGL,-3.28,LONG,265.0,263.01,268.97,WIN,268.97,1.5,1498.57,2024-07-25 09:15:00+05:30,0,2024-07,3-5%
2024-09-17,IGL,3.16,SHORT,273.9,275.95,269.79,LOSS,275.95,-0.75,-749.8,2024-09-17 09:15:00+05:30,0,2024-09,3-5%
2024-10-18,IGL,-3.7,LONG,242.18,240.36,245.81,LOSS,240.36,-0.75,-748.32,2024-10-18 09:15:00+05:30,0,2024-10,3-5%
2024-11-18,IGL,-10.28,LONG,182.62,181.26,185.36,LOSS,181.26,-0.75,-749.22,2024-11-18 09:15:00+05:30,0,2024-11,10%+
2024-12-05,IGL,3.26,SHORT,185.98,187.37,183.19,WIN,183.19,1.5,1498.03,2024-12-05 09:15:00+05:30,0,2024-12,3-5%
2024-12-19,IGL,-3.06,LONG,194.6,193.14,197.52,LOSS,193.14,-0.75,-748.72,2024-12-19 09:15:00+05:30,0,2024-12,3-5%
2025-01-29,IGL,5.66,SHORT,201.75,203.26,198.72,WIN,198.72,1.5,1497.99,2025-01-29 09:15:00+05:30,0,2025-01,5-10%
2025-02-03,IGL,-3.07,LONG,195.8,194.33,198.74,LOSS,194.33,-0.75,-748.94,2025-02-03 09:15:00+05:30,0,2025-02,3-5%
2025-04-07,IGL,-7.23,LONG,184.1,182.72,186.86,WIN,186.86,1.5,1499.49,2025-04-07 09:15:00+05:30,0,2025-04,5-10%
2025-05-12,IGL,3.1,SHORT,204.97,206.51,201.9,LOSS,206.51,-0.75,-748.65,2025-05-12 09:15:00+05:30,0,2025-05,3-5%
2026-03-24,IGL,3.33,SHORT,152.51,153.65,150.22,WIN,150.22,1.5,1498.41,2026-03-24 09:15:00+05:30,0,2026-03,3-5%
2026-04-08,IGL,4.11,SHORT,154.06,155.22,151.75,FLAT,154.35,-0.19,-188.22,2026-04-08 15:15:00+05:30,6,2026-04,3-5%
2023-07-21,INFY,-8.38,LONG,1321.85,1311.94,1341.68,WIN,1341.68,1.5,1487.08,2023-07-21 09:15:00+05:30,0,2023-07,5-10%
2024-04-19,INFY,-3.22,LONG,1383.9,1373.52,1404.66,WIN,1404.66,1.5,1494.61,2024-04-19 10:15:00+05:30,1,2024-04,3-5%
2024-07-19,INFY,3.4,SHORT,1825.0,1838.69,1797.62,WIN,1797.62,1.5,1478.25,2024-07-19 09:15:00+05:30,0,2024-07,3-5%
2024-10-18,INFY,-4.1,LONG,1894.0,1879.8,1922.41,WIN,1922.41,1.5,1477.32,2024-10-18 09:15:00+05:30,0,2024-10,3-5%
2025-01-17,INFY,-3.36,LONG,1855.6,1841.68,1883.43,LOSS,1841.68,-0.75,-737.6,2025-01-17 09:15:00+05:30,0,2025-01,3-5%
2025-04-07,INFY,-5.53,LONG,1375.6,1365.28,1396.23,LOSS,1365.28,-0.75,-742.82,2025-04-07 09:15:00+05:30,0,2025-04,5-10%
2025-09-22,INFY,-3.32,LONG,1492.7,1481.5,1515.09,FLAT,1500.9,0.55,541.2,2025-09-22 15:15:00+05:30,6,2025-09,3-5%
2026-01-16,INFY,3.52,SHORT,1663.5,1675.98,1638.55,LOSS,1675.98,-0.75,-748.58,2026-01-16 09:15:00+05:30,0,2026-01,3-5%
2026-02-03,INFY,5.0,SHORT,1710.8,1723.63,1685.14,WIN,1685.14,1.5,1488.4,2026-02-03 09:15:00+05:30,0,2026-02,3-5%
2026-02-04,INFY,-5.27,LONG,1568.7,1556.93,1592.23,LOSS,1556.93,-0.75,-741.21,2026-02-04 09:15:00+05:30,0,2026-02,5-10%
2026-02-13,INFY,-6.71,LONG,1291.1,1281.42,1310.47,WIN,1310.47,1.5,1491.22,2026-02-13 09:15:00+05:30,0,2026-02,5-10%
2026-04-01,INFY,3.08,SHORT,1288.8,1298.47,1269.47,LOSS,1298.47,-0.75,-744.28,2026-04-01 09:15:00+05:30,0,2026-04,3-5%
2023-06-26,IPCALAB,-3.46,LONG,702.05,696.78,712.58,LOSS,696.78,-0.75,-747.68,2023-06-26 09:15:00+05:30,0,2023-06,3-5%
2023-10-23,IPCALAB,3.27,SHORT,965.55,972.79,951.07,LOSS,972.79,-0.75,-745.89,2023-10-23 09:15:00+05:30,0,2023-10,3-5%
2025-03-28,IPCALAB,3.14,SHORT,1469.95,1480.97,1447.9,WIN,1447.9,1.5,1499.35,2025-03-28 09:15:00+05:30,0,2025-03,3-5%
2025-04-07,IPCALAB,-6.07,LONG,1322.0,1312.08,1341.83,LOSS,1312.08,-0.75,-743.62,2025-04-07 09:15:00+05:30,0,2025-04,5-10%
2024-03-13,ITC,7.97,SHORT,434.05,437.31,427.54,WIN,427.54,1.5,1497.47,2024-03-13 09:15:00+05:30,0,2024-03,5-10%
2025-01-06,ITC,-5.85,LONG,455.6,452.18,462.43,LOSS,452.18,-0.75,-748.32,2025-01-06 10:15:00+05:30,1,2025-01,5-10%
2025-02-03,ITC,3.48,SHORT,463.4,466.88,456.45,WIN,456.45,1.5,1494.46,2025-02-03 10:15:00+05:30,1,2025-02,3-5%
2025-04-07,ITC,-3.6,LONG,394.95,391.99,400.87,WIN,400.87,1.5,1498.84,2025-04-07 09:15:00+05:30,0,2025-04,3-5%
2025-05-28,ITC,-4.44,LONG,414.65,411.54,420.87,WIN,420.87,1.5,1498.96,2025-05-28 09:15:00+05:30,0,2025-05,3-5%
2024-01-10,LALPATHLAB,3.14,SHORT,1282.45,1292.07,1263.21,WIN,1263.21,1.5,1481.23,2024-01-10 09:15:00+05:30,0,2024-01,3-5%
2024-05-13,LALPATHLAB,3.48,SHORT,1215.85,1224.97,1197.61,LOSS,1224.97,-0.75,-747.75,2024-05-13 09:15:00+05:30,0,2024-05,3-5%
2025-04-07,LALPATHLAB,-5.93,LONG,1182.9,1174.03,1200.64,WIN,1200.64,1.5,1490.45,2025-04-07 09:15:00+05:30,0,2025-04,5-10%
2024-02-08,LUPIN,4.97,SHORT,1683.7,1696.33,1658.44,WIN,1658.44,1.5,1490.07,2024-02-08 09:15:00+05:30,0,2024-02,3-5%
2024-08-07,LUPIN,3.15,SHORT,1970.5,1985.28,1940.94,LOSS,1985.28,-0.75,-738.94,2024-08-07 09:15:00+05:30,0,2024-08,3-5%
2025-02-19,LUPIN,-4.66,LONG,1921.1,1906.69,1949.92,LOSS,1906.69,-0.75,-749.23,2025-02-19 09:15:00+05:30,0,2025-02,3-5%
2025-04-03,LUPIN,5.25,SHORT,2115.2,2131.06,2083.47,LOSS,2131.06,-0.75,-745.61,2025-04-03 09:15:00+05:30,0,2025-04,5-10%
2025-04-07,LUPIN,-7.79,LONG,1817.5,1803.87,1844.76,WIN,1844.76,1.5,1499.44,2025-04-07 09:15:00+05:30,0,2025-04,5-10%
2025-04-11,LUPIN,4.53,SHORT,2006.7,2021.75,1976.6,WIN,1976.6,1.5,1474.92,2025-04-11 09:15:00+05:30,0,2025-04,3-5%
2024-05-07,MARICO,5.81,SHORT,562.75,566.97,554.31,LOSS,566.97,-0.75,-747.05,2024-05-07 09:15:00+05:30,0,2024-05,5-10%
2024-07-08,MARICO,3.07,SHORT,633.9,638.65,624.39,LOSS,638.65,-0.75,-746.42,2024-07-08 09:15:00+05:30,0,2024-07,3-5%
2024-10-30,MARICO,6.68,SHORT,667.85,672.86,657.83,LOSS,672.86,-0.75,-746.32,2024-10-30 09:15:00+05:30,0,2024-10,5-10%
2025-04-07,MARICO,-3.86,LONG,651.15,646.27,660.92,WIN,660.92,1.5,1494.39,2025-04-07 09:15:00+05:30,0,2025-04,3-5%
2025-07-04,MARICO,3.65,SHORT,739.75,745.3,728.65,WIN,728.65,1.5,1497.99,2025-07-04 09:15:00+05:30,0,2025-07,3-5%
2024-01-23,MAXHEALTH,3.67,SHORT,758.0,763.68,746.63,LOSS,763.68,-0.75,-744.74,2024-01-23 09:15:00+05:30,0,2024-01,3-5%
2024-01-29,MAXHEALTH,-4.2,LONG,700.35,695.1,710.86,WIN,710.86,1.5,1491.75,2024-01-29 09:15:00+05:30,0,2024-01,3-5%
2024-03-04,MAXHEALTH,4.14,SHORT,767.95,773.71,756.43,WIN,756.43,1.5,1497.5,2024-03-04 09:15:00+05:30,0,2024-03,3-5%
2024-03-11,MAXHEALTH,3.57,SHORT,772.85,778.65,761.26,LOSS,778.65,-0.75,-747.73,2024-03-11 09:15:00+05:30,0,2024-03,3-5%
2024-04-29,MAXHEALTH,-3.48,LONG,772.15,766.36,783.73,WIN,783.73,1.5,1494.11,2024-04-29 10:15:00+05:30,1,2024-04,3-5%
2024-06-13,MAXHEALTH,4.25,SHORT,908.05,914.86,894.43,WIN,894.43,1.5,1498.28,2024-06-13 09:15:00+05:30,0,2024-06,3-5%
2024-09-30,MAXHEALTH,-4.05,LONG,953.7,946.55,968.01,WIN,968.01,1.5,1487.77,2024-09-30 09:15:00+05:30,0,2024-09,3-5%
2024-11-18,MAXHEALTH,4.47,SHORT,1055.15,1063.06,1039.32,WIN,1039.32,1.5,1487.76,2024-11-18 09:15:00+05:30,0,2024-11,3-5%
2024-11-22,MAXHEALTH,-3.64,LONG,954.15,946.99,968.46,LOSS,946.99,-0.75,-744.24,2024-11-22 09:15:00+05:30,0,2024-11,3-5%
2025-02-03,MAXHEALTH,5.41,SHORT,1124.75,1133.19,1107.88,LOSS,1133.19,-0.75,-742.34,2025-02-03 09:15:00+05:30,0,2025-02,5-10%
2025-04-07,MAXHEALTH,-3.66,LONG,1088.6,1080.44,1104.93,LOSS,1080.44,-0.75,-742.97,2025-04-07 09:15:00+05:30,0,2025-04,3-5%
2026-02-03,MAXHEALTH,3.9,SHORT,994.55,1002.01,979.63,WIN,979.63,1.5,1491.82,2026-02-03 09:15:00+05:30,0,2026-02,3-5%
2026-04-30,MAXHEALTH,-3.18,LONG,972.05,964.76,986.63,WIN,986.63,1.5,1487.24,2026-04-30 09:15:00+05:30,0,2026-04,3-5%
2024-04-12,METROPOLIS,4.81,SHORT,470.12,473.65,463.07,LOSS,473.65,-0.75,-747.5,2024-04-12 09:15:00+05:30,0,2024-04,3-5%
2024-04-30,METROPOLIS,3.11,SHORT,462.48,465.94,455.54,WIN,455.54,1.5,1498.42,2024-04-30 09:15:00+05:30,0,2024-04,3-5%
2024-06-03,METROPOLIS,3.32,SHORT,487.14,490.79,479.83,WIN,479.83,1.5,1497.95,2024-06-03 09:15:00+05:30,0,2024-06,3-5%
2025-04-07,METROPOLIS,-7.04,LONG,357.08,354.4,362.43,LOSS,354.4,-0.75,-749.86,2025-04-07 09:15:00+05:30,0,2025-04,5-10%
2025-11-06,METROPOLIS,3.74,SHORT,526.62,530.57,518.73,WIN,518.73,1.5,1492.98,2025-11-06 09:15:00+05:30,0,2025-11,3-5%
2026-03-20,METROPOLIS,3.12,SHORT,470.0,473.52,462.95,WIN,462.95,1.5,1494.6,2026-03-20 09:15:00+05:30,0,2026-03,3-5%
2023-08-10,MFSL,5.06,SHORT,830.0,836.22,817.55,LOSS,836.22,-0.75,-747.0,2023-08-10 09:15:00+05:30,0,2023-08,5-10%
2023-08-24,MFSL,3.99,SHORT,917.8,924.68,904.03,LOSS,924.68,-0.75,-743.42,2023-08-24 09:15:00+05:30,0,2023-08,3-5%
2024-02-07,MFSL,3.17,SHORT,944.0,951.08,929.84,LOSS,951.08,-0.75,-743.4,2024-02-07 09:15:00+05:30,0,2024-02,3-5%
2024-03-26,MFSL,5.34,SHORT,994.45,1001.91,979.53,LOSS,1001.91,-0.75,-745.84,2024-03-26 09:15:00+05:30,0,2024-03,5-10%
2024-08-05,MFSL,-4.14,LONG,1059.35,1051.4,1075.24,WIN,1075.24,1.5,1493.68,2024-08-05 09:15:00+05:30,0,2024-08,3-5%
2024-10-23,MFSL,4.38,SHORT,1225.45,1234.64,1207.07,LOSS,1234.64,-0.75,-744.46,2024-10-23 09:15:00+05:30,0,2024-10,3-5%
2025-02-05,MFSL,4.37,SHORT,1143.95,1152.53,1126.79,LOSS,1152.53,-0.75,-746.43,2025-02-05 09:15:00+05:30,0,2025-02,3-5%
2025-04-07,MFSL,-6.69,LONG,1085.05,1076.91,1101.33,WIN,1101.33,1.5,1497.37,2025-04-07 09:15:00+05:30,0,2025-04,5-10%
2025-05-14,MFSL,3.56,SHORT,1336.0,1346.02,1315.96,LOSS,1346.02,-0.75,-741.48,2025-05-14 09:15:00+05:30,0,2025-05,3-5%
2023-10-30,MGL,3.42,SHORT,1026.75,1034.45,1011.35,LOSS,1034.45,-0.75,-746.96,2023-10-30 09:15:00+05:30,0,2023-10,3-5%
2024-03-06,MGL,-5.68,LONG,1475.15,1464.09,1497.28,LOSS,1464.09,-0.75,-741.26,2024-03-06 09:15:00+05:30,0,2024-03,5-10%
2024-06-03,MGL,3.93,SHORT,1350.0,1360.12,1329.75,LOSS,1360.12,-0.75,-749.25,2024-06-03 09:15:00+05:30,0,2024-06,3-5%
2024-06-10,MGL,3.9,SHORT,1434.85,1445.61,1413.33,LOSS,1445.61,-0.75,-742.53,2024-06-10 09:15:00+05:30,0,2024-06,3-5%
2024-07-09,MGL,3.33,SHORT,1724.5,1737.43,1698.63,WIN,1698.63,1.5,1474.45,2024-07-09 09:15:00+05:30,0,2024-07,3-5%
2024-10-18,MGL,-6.02,LONG,1656.85,1644.42,1681.7,LOSS,1644.42,-0.75,-745.58,2024-10-18 09:15:00+05:30,0,2024-10,5-10%
2024-11-18,MGL,-7.85,LONG,1209.6,1200.53,1227.74,LOSS,1200.53,-0.75,-743.9,2024-11-18 09:15:00+05:30,0,2024-11,5-10%
2025-01-14,MGL,3.11,SHORT,1265.8,1275.29,1246.81,LOSS,1275.29,-0.75,-749.99,2025-01-14 09:15:00+05:30,0,2025-01,3-5%
2025-02-03,MGL,-4.27,LONG,1320.0,1310.1,1339.8,LOSS,1310.1,-0.75,-742.5,2025-02-03 09:15:00+05:30,0,2025-02,3-5%
2025-04-07,MGL,-4.65,LONG,1272.95,1263.4,1292.04,LOSS,1263.4,-0.75,-744.68,2025-04-07 09:15:00+05:30,0,2025-04,3-5%
2025-04-16,MGL,-4.02,LONG,1262.1,1252.63,1281.03,LOSS,1252.63,-0.75,-747.79,2025-04-16 09:15:00+05:30,0,2025-04,3-5%
2026-03-02,MGL,-3.03,LONG,1185.0,1176.11,1202.77,WIN,1202.77,1.5,1493.1,2026-03-02 09:15:00+05:30,0,2026-03,3-5%
2026-04-08,MGL,3.77,SHORT,990.0,997.42,975.15,LOSS,997.42,-0.75,-749.93,2026-04-08 09:15:00+05:30,0,2026-04,3-5%
2026-05-08,MGL,-3.91,LONG,1138.7,1130.16,1155.78,WIN,1155.78,1.5,1486.0,2026-05-08 09:15:00+05:30,0,2026-05,3-5%
2023-07-05,MOTHERSON,5.87,SHORT,60.17,60.62,59.26,LOSS,60.62,-0.75,-749.98,2023-07-05 09:15:00+05:30,0,2023-07,5-10%
2023-07-13,MOTHERSON,3.07,SHORT,63.87,64.35,62.91,LOSS,64.35,-0.75,-749.64,2023-07-13 09:15:00+05:30,0,2023-07,3-5%
2024-06-03,MOTHERSON,4.55,SHORT,104.9,105.69,103.33,WIN,103.33,1.5,1499.55,2024-06-03 09:15:00+05:30,0,2024-06,3-5%
2024-08-05,MOTHERSON,-3.33,LONG,124.55,123.61,126.41,LOSS,123.61,-0.75,-749.15,2024-08-05 09:15:00+05:30,0,2024-08,3-5%
2024-08-06,MOTHERSON,4.05,SHORT,122.67,123.59,120.83,LOSS,123.59,-0.75,-749.84,2024-08-06 09:15:00+05:30,0,2024-08,3-5%
2024-08-07,MOTHERSON,3.24,SHORT,120.98,121.89,119.17,WIN,119.17,1.5,1498.94,2024-08-07 09:15:00+05:30,0,2024-08,3-5%
2024-08-14,MOTHERSON,3.11,SHORT,125.45,126.39,123.56,WIN,123.56,1.5,1499.71,2024-08-14 09:15:00+05:30,0,2024-08,3-5%
2024-10-03,MOTHERSON,-3.61,LONG,135.32,134.31,137.35,WIN,137.35,1.5,1497.99,2024-10-03 09:15:00+05:30,0,2024-10,3-5%
2025-02-04,MOTHERSON,6.96,SHORT,93.05,93.75,91.66,LOSS,93.75,-0.75,-749.54,2025-02-04 09:15:00+05:30,0,2025-02,5-10%
2025-02-28,MOTHERSON,-3.54,LONG,79.1,78.51,80.29,WIN,80.29,1.5,1499.74,2025-02-28 09:15:00+05:30,0,2025-02,3-5%
2025-03-06,MOTHERSON,3.36,SHORT,85.2,85.84,83.92,LOSS,85.84,-0.75,-749.55,2025-03-06 09:15:00+05:30,0,2025-03,3-5%
2025-03-27,MOTHERSON,-4.48,LONG,85.94,85.3,87.23,LOSS,85.3,-0.75,-749.61,2025-03-27 09:15:00+05:30,0,2025-03,3-5%
2025-04-07,MOTHERSON,-8.14,LONG,73.33,72.78,74.43,LOSS,72.78,-0.75,-749.65,2025-04-07 09:15:00+05:30,0,2025-04,5-10%
2025-04-08,MOTHERSON,4.66,SHORT,79.71,80.3,78.51,WIN,78.51,1.5,1499.28,2025-04-08 09:15:00+05:30,0,2025-04,3-5%
2025-04-11,MOTHERSON,4.5,SHORT,78.86,79.45,77.68,WIN,77.68,1.5,1499.92,2025-04-11 09:15:00+05:30,0,2025-04,3-5%
2025-04-15,MOTHERSON,10.03,SHORT,86.7,87.35,85.4,WIN,85.4,1.5,1499.48,2025-04-15 09:15:00+05:30,0,2025-04,10%+
2025-05-12,MOTHERSON,3.54,SHORT,95.59,96.3,94.15,WIN,94.15,1.5,1499.75,2025-05-12 09:15:00+05:30,0,2025-05,3-5%
2026-02-03,MOTHERSON,10.07,SHORT,123.81,124.74,121.95,WIN,121.95,1.5,1498.72,2026-02-03 09:15:00+05:30,0,2026-02,10%+
2026-03-02,MOTHERSON,-3.83,LONG,128.23,127.27,130.15,WIN,130.15,1.5,1498.37,2026-03-02 09:15:00+05:30,0,2026-03,3-5%
2026-03-09,MOTHERSON,-3.29,LONG,118.8,117.91,120.58,LOSS,117.91,-0.75,-749.33,2026-03-09 09:15:00+05:30,0,2026-03,3-5%
2026-03-24,MOTHERSON,3.14,SHORT,109.75,110.57,108.1,LOSS,110.57,-0.75,-749.87,2026-03-24 09:15:00+05:30,0,2026-03,3-5%
2026-04-08,MOTHERSON,5.91,SHORT,114.85,115.71,113.13,LOSS,115.71,-0.75,-749.4,2026-04-08 09:15:00+05:30,0,2026-04,5-10%
2025-04-07,NESTLEIND,-3.19,LONG,1095.0,1086.79,1111.42,WIN,1111.42,1.5,1494.67,2025-04-07 09:15:00+05:30,0,2025-04,3-5%
2025-08-18,NESTLEIND,3.45,SHORT,1127.0,1135.45,1110.1,LOSS,1135.45,-0.75,-743.82,2025-08-18 09:15:00+05:30,0,2025-08,3-5%
2024-01-18,NHPC,-5.53,LONG,69.25,68.73,70.29,WIN,70.29,1.5,1499.95,2024-01-18 10:15:00+05:30,1,2024-01,5-10%
2024-01-23,NHPC,12.87,SHORT,83.3,83.92,82.05,WIN,82.05,1.5,1499.4,2024-01-23 09:15:00+05:30,0,2024-01,10%+
2024-01-30,NHPC,4.14,SHORT,90.6,91.28,89.24,LOSS,91.28,-0.75,-749.49,2024-01-30 09:15:00+05:30,0,2024-01,3-5%
2024-02-05,NHPC,6.48,SHORT,107.65,108.46,106.04,LOSS,108.46,-0.75,-749.24,2024-02-05 09:15:00+05:30,0,2024-02,5-10%
2024-02-12,NHPC,-3.46,LONG,93.5,92.8,94.9,LOSS,92.8,-0.75,-749.64,2024-02-12 09:15:00+05:30,0,2024-02,3-5%
2024-04-15,NHPC,-3.85,LONG,88.6,87.94,89.93,LOSS,87.94,-0.75,-749.56,2024-04-15 09:15:00+05:30,0,2024-04,3-5%
2024-06-03,NHPC,8.31,SHORT,117.35,118.23,115.59,WIN,115.59,1.5,1499.73,2024-06-03 09:15:00+05:30,0,2024-06,5-10%
2024-08-05,NHPC,-3.48,LONG,99.71,98.96,101.21,LOSS,98.96,-0.75,-749.32,2024-08-05 09:15:00+05:30,0,2024-08,3-5%
2024-11-08,NHPC,-3.18,LONG,81.81,81.2,83.04,LOSS,81.2,-0.75,-749.79,2024-11-08 09:15:00+05:30,0,2024-11,3-5%
2025-02-03,NHPC,-4.9,LONG,77.13,76.55,78.29,LOSS,76.55,-0.75,-749.7,2025-02-03 09:15:00+05:30,0,2025-02,3-5%
2025-04-07,NHPC,-7.72,LONG,76.9,76.32,78.05,WIN,78.05,1.5,1499.55,2025-04-07 09:15:00+05:30,0,2025-04,5-10%
2025-05-12,NHPC,4.69,SHORT,81.63,82.24,80.41,LOSS,82.24,-0.75,-749.98,2025-05-12 09:15:00+05:30,0,2025-05,3-5%
2026-04-01,NHPC,3.36,SHORT,75.95,76.52,74.81,FLAT,75.4,0.72,723.79,2026-04-01 15:15:00+05:30,6,2026-04,3-5%
2023-12-04,NTPC,3.44,SHORT,278.2,280.29,274.03,WIN,274.03,1.5,1498.11,2023-12-04 09:15:00+05:30,0,2023-12,3-5%
2024-06-03,NTPC,5.45,SHORT,379.25,382.09,373.56,LOSS,382.09,-0.75,-748.07,2024-06-03 09:15:00+05:30,0,2024-06,5-10%
2025-02-03,NTPC,-3.64,LONG,313.3,310.95,318.0,LOSS,310.95,-0.75,-749.57,2025-02-03 09:15:00+05:30,0,2025-02,3-5%
2025-04-07,NTPC,-6.32,LONG,328.5,326.04,333.43,LOSS,326.04,-0.75,-748.98,2025-04-07 09:15:00+05:30,0,2025-04,5-10%
2026-03-02,NTPC,-3.11,LONG,370.15,367.37,375.7,WIN,375.7,1.5,1499.11,2026-03-02 09:15:00+05:30,0,2026-03,3-5%
2023-07-21,OBEROIRLTY,-3.44,LONG,1038.55,1030.76,1054.13,LOSS,1030.76,-0.75,-747.76,2023-07-21 09:15:00+05:30,0,2023-07,3-5%
2024-01-23,OBEROIRLTY,-4.96,LONG,1442.05,1431.23,1463.68,LOSS,1431.23,-0.75,-746.26,2024-01-23 09:15:00+05:30,0,2024-01,3-5%
2024-06-03,OBEROIRLTY,5.72,SHORT,1924.45,1938.88,1895.58,WIN,1895.58,1.5,1472.2,2024-06-03 09:15:00+05:30,0,2024-06,5-10%
2024-11-25,OBEROIRLTY,3.73,SHORT,2004.2,2019.23,1974.14,LOSS,2019.23,-0.75,-736.54,2024-11-25 09:15:00+05:30,0,2024-11,3-5%
2025-04-07,OBEROIRLTY,-5.86,LONG,1459.7,1448.75,1481.6,WIN,1481.6,1.5,1488.89,2025-04-07 09:15:00+05:30,0,2025-04,5-10%
2025-07-23,OBEROIRLTY,-3.41,LONG,1761.8,1748.59,1788.23,FLAT,1784.0,1.26,1243.2,2025-07-23 15:15:00+05:30,6,2025-07,3-5%
2025-10-16,OBEROIRLTY,5.15,SHORT,1683.8,1696.43,1658.54,WIN,1658.54,1.5,1490.16,2025-10-16 09:15:00+05:30,0,2025-10,5-10%
2026-01-20,OBEROIRLTY,-3.74,LONG,1593.0,1581.05,1616.89,LOSS,1581.05,-0.75,-740.74,2026-01-20 09:15:00+05:30,0,2026-01,3-5%
2026-02-03,OBEROIRLTY,3.11,SHORT,1519.9,1531.3,1497.1,LOSS,1531.3,-0.75,-740.95,2026-02-03 09:15:00+05:30,0,2026-02,3-5%
2026-03-04,OBEROIRLTY,-3.13,LONG,1462.5,1451.53,1484.44,LOSS,1451.53,-0.75,-745.88,2026-03-04 09:15:00+05:30,0,2026-03,3-5%
2026-04-08,OBEROIRLTY,3.12,SHORT,1608.6,1620.66,1584.47,LOSS,1620.66,-0.75,-748.0,2026-04-08 09:15:00+05:30,0,2026-04,3-5%
2024-06-03,ONGC,4.09,SHORT,276.4,278.47,272.25,LOSS,278.47,-0.75,-748.35,2024-06-03 09:15:00+05:30,0,2024-06,3-5%
2024-06-11,ONGC,3.17,SHORT,267.2,269.2,263.19,LOSS,269.2,-0.75,-749.5,2024-06-11 09:15:00+05:30,0,2024-06,3-5%
2025-03-04,ONGC,-3.03,LONG,218.3,216.66,221.57,WIN,221.57,1.5,1499.72,2025-03-04 09:15:00+05:30,0,2025-03,3-5%
2025-04-07,ONGC,-8.81,LONG,206.19,204.64,209.28,WIN,209.28,1.5,1496.94,2025-04-07 09:15:00+05:30,0,2025-04,5-10%
2026-03-02,ONGC,3.37,SHORT,288.7,290.87,284.37,LOSS,290.87,-0.75,-749.18,2026-03-02 09:15:00+05:30,0,2026-03,3-5%
2026-03-09,ONGC,3.07,SHORT,288.5,290.66,284.17,WIN,284.17,1.5,1497.31,2026-03-09 09:15:00+05:30,0,2026-03,3-5%
2023-08-09,PHOENIXLTD,4.48,SHORT,882.9,889.52,869.66,WIN,869.66,1.5,1496.52,2023-08-09 09:15:00+05:30,0,2023-08,3-5%
2024-01-17,PHOENIXLTD,-3.26,LONG,1180.07,1171.22,1197.78,LOSS,1171.22,-0.75,-743.45,2024-01-17 09:15:00+05:30,0,2024-01,3-5%
2024-05-21,PHOENIXLTD,3.03,SHORT,1566.15,1577.9,1542.66,WIN,1542.66,1.5,1480.01,2024-05-21 09:15:00+05:30,0,2024-05,3-5%
2024-06-06,PHOENIXLTD,3.37,SHORT,1645.22,1657.56,1620.55,LOSS,1657.56,-0.75,-740.35,2024-06-06 09:15:00+05:30,0,2024-06,3-5%
2024-07-29,PHOENIXLTD,3.28,SHORT,1824.4,1838.08,1797.03,WIN,1797.03,1.5,1477.76,2024-07-29 09:15:00+05:30,0,2024-07,3-5%
2024-08-05,PHOENIXLTD,-4.99,LONG,1649.5,1637.13,1674.24,LOSS,1637.13,-0.75,-742.27,2024-08-05 09:15:00+05:30,0,2024-08,3-5%
2024-09-20,PHOENIXLTD,4.71,SHORT,1827.8,1841.51,1800.38,LOSS,1841.51,-0.75,-740.26,2024-09-20 09:15:00+05:30,0,2024-09,3-5%
2024-09-30,PHOENIXLTD,-5.83,LONG,1814.0,1800.4,1841.21,LOSS,1800.4,-0.75,-748.28,2024-09-30 09:15:00+05:30,0,2024-09,5-10%
2024-10-03,PHOENIXLTD,-3.09,LONG,1695.0,1682.29,1720.42,LOSS,1682.29,-0.75,-737.32,2024-10-03 09:15:00+05:30,0,2024-10,3-5%
2024-10-28,PHOENIXLTD,-3.09,LONG,1435.3,1424.54,1456.83,LOSS,1424.54,-0.75,-742.77,2024-10-28 09:15:00+05:30,0,2024-10,3-5%
2025-01-08,PHOENIXLTD,3.13,SHORT,1620.3,1632.45,1596.0,WIN,1596.0,1.5,1482.57,2025-01-08 09:15:00+05:30,0,2025-01,3-5%
2025-02-03,PHOENIXLTD,6.71,SHORT,1744.65,1757.73,1718.48,LOSS,1757.73,-0.75,-745.84,2025-02-03 09:15:00+05:30,0,2025-02,5-10%
2025-04-07,PHOENIXLTD,-4.99,LONG,1501.4,1490.14,1523.92,WIN,1523.92,1.5,1486.39,2025-04-07 09:15:00+05:30,0,2025-04,3-5%
2025-09-02,PHOENIXLTD,3.67,SHORT,1572.8,1584.6,1549.21,LOSS,1584.6,-0.75,-743.15,2025-09-02 09:15:00+05:30,0,2025-09,3-5%
2026-03-09,PHOENIXLTD,-3.17,LONG,1562.0,1550.28,1585.43,WIN,1585.43,1.5,1499.52,2026-03-09 11:15:00+05:30,2,2026-03,3-5%
2026-04-08,PHOENIXLTD,3.46,SHORT,1652.2,1664.59,1627.42,LOSS,1664.59,-0.75,-743.49,2026-04-08 09:15:00+05:30,0,2026-04,3-5%
2024-01-18,POWERGRID,-3.41,LONG,231.05,229.32,234.52,LOSS,229.32,-0.75,-748.6,2024-01-18 09:15:00+05:30,0,2024-01,3-5%
2024-04-18,POWERGRID,3.45,SHORT,283.75,285.88,279.49,WIN,279.49,1.5,1498.2,2024-04-18 09:15:00+05:30,0,2024-04,3-5%
2024-06-03,POWERGRID,6.71,SHORT,330.8,333.28,325.84,LOSS,333.28,-0.75,-749.26,2024-06-03 09:15:00+05:30,0,2024-06,5-10%
2024-06-04,POWERGRID,-4.14,LONG,323.8,321.37,328.66,LOSS,321.37,-0.75,-747.98,2024-06-04 09:15:00+05:30,0,2024-06,3-5%
2025-02-03,POWERGRID,-4.28,LONG,288.75,286.58,293.08,LOSS,286.58,-0.75,-749.31,2025-02-03 09:15:00+05:30,0,2025-02,3-5%
2025-02-07,POWERGRID,-3.03,LONG,273.4,271.35,277.5,LOSS,271.35,-0.75,-748.43,2025-02-07 09:15:00+05:30,0,2025-02,3-5%
2025-04-07,POWERGRID,-3.69,LONG,283.45,281.32,287.7,WIN,287.7,1.5,1496.62,2025-04-07 09:15:00+05:30,0,2025-04,3-5%
2026-02-03,POWERGRID,8.76,SHORT,277.4,279.48,273.24,LOSS,279.48,-0.75,-748.98,2026-02-03 09:15:00+05:30,0,2026-02,5-10%
2026-03-09,POWERGRID,-3.23,LONG,289.5,287.33,293.84,WIN,293.84,1.5,1498.16,2026-03-09 11:15:00+05:30,2,2026-03,3-5%
2023-11-08,PRESTIGE,5.36,SHORT,832.2,838.44,819.72,LOSS,838.44,-0.75,-748.98,2023-11-08 09:15:00+05:30,0,2023-11,5-10%
2023-12-21,PRESTIGE,-3.08,LONG,1070.0,1061.98,1086.05,LOSS,1061.98,-0.75,-746.32,2023-12-21 09:15:00+05:30,0,2023-12,3-5%
2024-02-14,PRESTIGE,-7.18,LONG,1059.95,1052.0,1075.85,WIN,1075.85,1.5,1494.53,2024-02-14 09:15:00+05:30,0,2024-02,5-10%
2024-02-19,PRESTIGE,3.08,SHORT,1224.6,1233.78,1206.23,WIN,1206.23,1.5,1487.89,2024-02-19 09:15:00+05:30,0,2024-02,3-5%
2024-03-04,PRESTIGE,4.05,SHORT,1212.75,1221.85,1194.56,WIN,1194.56,1.5,1491.68,2024-03-04 09:15:00+05:30,0,2024-03,3-5%
2024-03-22,PRESTIGE,3.26,SHORT,1076.0,1084.07,1059.86,LOSS,1084.07,-0.75,-742.44,2024-03-22 09:15:00+05:30,0,2024-03,3-5%
2024-06-03,PRESTIGE,5.27,SHORT,1677.25,1689.83,1652.09,LOSS,1689.83,-0.75,-742.18,2024-06-03 09:15:00+05:30,0,2024-06,5-10%
2025-01-31,PRESTIGE,-5.23,LONG,1272.1,1262.56,1291.18,LOSS,1262.56,-0.75,-744.18,2025-01-31 09:15:00+05:30,0,2025-01,5-10%
2025-02-03,PRESTIGE,3.23,SHORT,1425.0,1435.69,1403.62,LOSS,1435.69,-0.75,-748.12,2025-02-03 09:15:00+05:30,0,2025-02,3-5%
2025-04-07,PRESTIGE,-6.53,LONG,1053.05,1045.15,1068.85,WIN,1068.85,1.5,1484.8,2025-04-07 09:15:00+05:30,0,2025-04,5-10%
2025-04-11,PRESTIGE,3.33,SHORT,1115.4,1123.77,1098.67,WIN,1098.67,1.5,1489.06,2025-04-11 09:15:00+05:30,0,2025-04,3-5%
2025-05-12,PRESTIGE,5.2,SHORT,1348.3,1358.41,1328.08,LOSS,1358.41,-0.75,-748.31,2025-05-12 09:15:00+05:30,0,2025-05,5-10%
2025-10-09,PRESTIGE,4.78,SHORT,1579.1,1590.94,1555.41,LOSS,1590.94,-0.75,-746.12,2025-10-09 09:15:00+05:30,0,2025-10,3-5%
2026-02-03,PRESTIGE,8.22,SHORT,1581.6,1593.46,1557.88,WIN,1557.88,1.5,1494.61,2026-02-03 09:15:00+05:30,0,2026-02,5-10%
2026-03-02,PRESTIGE,-4.37,LONG,1332.1,1322.11,1352.08,WIN,1352.08,1.5,1498.61,2026-03-02 09:15:00+05:30,0,2026-03,3-5%
2026-03-24,PRESTIGE,3.16,SHORT,1213.9,1223.0,1195.69,WIN,1195.69,1.5,1493.1,2026-03-24 09:15:00+05:30,0,2026-03,3-5%
2026-04-08,PRESTIGE,7.58,SHORT,1311.4,1321.24,1291.73,LOSS,1321.24,-0.75,-747.5,2026-04-08 09:15:00+05:30,0,2026-04,5-10%
2023-07-31,RAMCOCEM,3.77,SHORT,913.75,920.6,900.04,WIN,900.04,1.5,1493.98,2023-07-31 09:15:00+05:30,0,2023-07,3-5%
2024-02-09,RAMCOCEM,-3.99,LONG,935.35,928.33,949.38,LOSS,928.33,-0.75,-743.6,2024-02-09 09:15:00+05:30,0,2024-02,3-5%
2024-06-03,RAMCOCEM,4.52,SHORT,775.4,781.22,763.77,WIN,763.77,1.5,1488.77,2024-06-03 09:15:00+05:30,0,2024-06,3-5%
2025-04-07,RAMCOCEM,-4.56,LONG,899.85,893.1,913.35,WIN,913.35,1.5,1498.25,2025-04-07 09:15:00+05:30,0,2025-04,3-5%
2025-08-18,RAMCOCEM,3.12,SHORT,1100.0,1108.25,1083.5,WIN,1083.5,1.5,1485.0,2025-08-18 09:15:00+05:30,0,2025-08,3-5%
2026-02-10,RAMCOCEM,-3.15,LONG,1170.0,1161.23,1187.55,LOSS,1161.23,-0.75,-745.87,2026-02-10 09:15:00+05:30,0,2026-02,3-5%
2026-03-02,RAMCOCEM,-3.97,LONG,1085.0,1076.86,1101.27,WIN,1101.27,1.5,1497.3,2026-03-02 09:15:00+05:30,0,2026-03,3-5%
2023-07-20,RELIANCE,-9.57,LONG,1290.0,1280.32,1309.35,WIN,1309.35,1.5,1489.95,2023-07-20 09:15:00+05:30,0,2023-07,5-10%
2024-06-03,RELIANCE,3.16,SHORT,1475.0,1486.06,1452.88,LOSS,1486.06,-0.75,-741.19,2024-06-03 10:15:00+05:30,1,2024-06,3-5%
2025-01-17,RELIANCE,3.57,SHORT,1311.65,1321.49,1291.98,WIN,1291.98,1.5,1495.28,2025-01-17 09:15:00+05:30,0,2025-01,3-5%
2025-04-07,RELIANCE,-6.63,LONG,1126.0,1117.56,1142.89,LOSS,1117.56,-0.75,-743.16,2025-04-07 09:15:00+05:30,0,2025-04,5-10%
2025-04-28,RELIANCE,3.08,SHORT,1341.0,1351.06,1320.88,LOSS,1351.06,-0.75,-744.26,2025-04-28 09:15:00+05:30,0,2025-04,3-5%
2026-02-03,RELIANCE,5.5,SHORT,1473.9,1484.95,1451.79,WIN,1451.79,1.5,1481.27,2026-02-03 09:15:00+05:30,0,2026-02,5-10%
2025-04-07,SBILIFE,-5.09,LONG,1435.15,1424.39,1456.68,WIN,1456.68,1.5,1485.38,2025-04-07 09:15:00+05:30,0,2025-04,5-10%
2025-04-25,SBILIFE,7.17,SHORT,1723.5,1736.43,1697.65,LOSS,1736.43,-0.75,-749.72,2025-04-25 09:15:00+05:30,0,2025-04,5-10%
2025-10-27,SBILIFE,3.09,SHORT,1896.7,1910.93,1868.25,LOSS,1910.93,-0.75,-739.71,2025-10-27 09:15:00+05:30,0,2025-10,3-5%
2026-03-04,SBILIFE,-3.14,LONG,1968.3,1953.54,1997.82,LOSS,1953.54,-0.75,-738.11,2026-03-04 11:15:00+05:30,2,2026-03,3-5%
2026-04-01,SBILIFE,3.13,SHORT,1833.0,1846.75,1805.5,WIN,1805.5,1.5,1484.73,2026-04-01 09:15:00+05:30,0,2026-04,3-5%
2023-06-26,SHREECEM,-8.53,LONG,23000.0,22827.5,23345.0,LOSS,22827.5,-0.75,-690.0,2023-06-26 09:15:00+05:30,0,2023-06,5-10%
2024-01-23,SHREECEM,3.49,SHORT,27600.0,27807.0,27186.0,LOSS,27807.0,-0.75,-621.0,2024-01-23 09:15:00+05:30,0,2024-01,3-5%
2025-04-07,SHREECEM,-3.82,LONG,29600.3,29378.3,30044.31,WIN,30044.31,1.5,1332.01,2025-04-07 09:15:00+05:30,0,2025-04,3-5%
2026-03-02,SHREECEM,-3.5,LONG,25215.0,25025.89,25593.22,WIN,25593.22,1.5,1134.67,2026-03-02 09:15:00+05:30,0,2026-03,3-5%
2026-04-08,SHREECEM,3.62,SHORT,24195.0,24376.46,23832.08,LOSS,24376.46,-0.75,-725.85,2026-04-08 09:15:00+05:30,0,2026-04,3-5%
2024-05-15,SIEMENS,5.62,SHORT,7034.45,7087.21,6928.93,LOSS,7087.21,-0.75,-738.62,2024-05-15 09:15:00+05:30,0,2024-05,5-10%
2024-06-03,SIEMENS,3.9,SHORT,7239.55,7293.85,7130.96,LOSS,7293.85,-0.75,-705.86,2024-06-03 09:15:00+05:30,0,2024-06,3-5%
2024-08-05,SIEMENS,-3.12,LONG,6675.0,6624.94,6775.12,LOSS,6624.94,-0.75,-700.88,2024-08-05 09:15:00+05:30,0,2024-08,3-5%
2024-11-27,SIEMENS,3.3,SHORT,7489.95,7546.12,7377.6,LOSS,7546.12,-0.75,-730.27,2024-11-27 09:15:00+05:30,0,2024-11,3-5%
2025-02-03,SIEMENS,-6.73,LONG,5670.75,5628.22,5755.81,LOSS,5628.22,-0.75,-723.02,2025-02-03 09:15:00+05:30,0,2025-02,5-10%
2025-04-08,SIEMENS,3.91,SHORT,2938.35,2960.39,2894.27,LOSS,2960.39,-0.75,-749.28,2025-04-08 09:15:00+05:30,0,2025-04,3-5%
2025-04-11,SIEMENS,3.28,SHORT,2798.8,2819.79,2756.82,WIN,2756.82,1.5,1469.37,2025-04-11 09:15:00+05:30,0,2025-04,3-5%
2026-03-09,SIEMENS,-3.7,LONG,3148.2,3124.59,3195.42,WIN,3195.42,1.5,1463.91,2026-03-09 09:15:00+05:30,0,2026-03,3-5%
2024-05-23,SUNPHARMA,-3.76,LONG,1503.15,1491.88,1525.7,LOSS,1491.88,-0.75,-744.06,2024-05-23 09:15:00+05:30,0,2024-05,3-5%
2025-04-03,SUNPHARMA,3.64,SHORT,1776.05,1789.37,1749.41,LOSS,1789.37,-0.75,-745.94,2025-04-03 09:15:00+05:30,0,2025-04,3-5%
2025-04-07,SUNPHARMA,-5.17,LONG,1621.6,1609.44,1645.92,WIN,1645.92,1.5,1483.76,2025-04-07 09:15:00+05:30,0,2025-04,5-10%
2025-04-11,SUNPHARMA,4.43,SHORT,1725.0,1737.94,1699.12,WIN,1699.12,1.5,1474.88,2025-04-11 09:15:00+05:30,0,2025-04,3-5%
2025-05-12,SUNPHARMA,-3.77,LONG,1679.1,1666.51,1704.29,LOSS,1666.51,-0.75,-743.0,2025-05-12 09:15:00+05:30,0,2025-05,3-5%
2025-05-23,SUNPHARMA,-4.11,LONG,1653.9,1641.5,1678.71,LOSS,1641.5,-0.75,-744.26,2025-05-23 09:15:00+05:30,0,2025-05,3-5%
2026-02-03,SUNPHARMA,7.33,SHORT,1712.2,1725.04,1686.52,WIN,1686.52,1.5,1489.61,2026-02-03 09:15:00+05:30,0,2026-02,5-10%
2026-04-02,SUNPHARMA,-5.31,LONG,1636.8,1624.52,1661.35,WIN,1661.35,1.5,1497.67,2026-04-02 09:15:00+05:30,0,2026-04,5-10%
2024-04-24,TATACONSUM,-3.6,LONG,1129.85,1121.38,1146.8,LOSS,1121.38,-0.75,-745.7,2024-04-24 09:15:00+05:30,0,2024-04,3-5%
2024-10-21,TATACONSUM,-4.06,LONG,1048.85,1040.98,1064.58,LOSS,1040.98,-0.75,-747.31,2024-10-21 09:15:00+05:30,0,2024-10,3-5%
2025-02-03,TATACONSUM,4.38,SHORT,1068.95,1076.97,1052.92,WIN,1052.92,1.5,1491.19,2025-02-03 09:15:00+05:30,0,2025-02,3-5%
2025-04-02,TATACONSUM,3.4,SHORT,1026.1,1033.8,1010.71,LOSS,1033.8,-0.75,-746.49,2025-04-02 09:15:00+05:30,0,2025-04,3-5%
2025-04-07,TATACONSUM,-3.79,LONG,1046.95,1039.1,1062.65,WIN,1062.65,1.5,1491.9,2025-04-07 09:15:00+05:30,0,2025-04,3-5%
2025-08-18,TATACONSUM,3.13,SHORT,1078.7,1086.79,1062.52,FLAT,1071.3,0.69,680.79,2025-08-18 15:15:00+05:30,6,2025-08,3-5%
2026-02-03,TATACONSUM,3.93,SHORT,1176.5,1185.32,1158.85,WIN,1158.85,1.5,1482.39,2026-02-03 09:15:00+05:30,0,2026-02,3-5%
2026-03-09,TATACONSUM,-3.01,LONG,1083.1,1074.98,1099.35,WIN,1099.35,1.5,1494.68,2026-03-09 14:15:00+05:30,5,2026-03,3-5%
2023-12-04,TATAPOWER,3.18,SHORT,283.5,285.63,279.25,WIN,279.25,1.5,1496.88,2023-12-04 11:15:00+05:30,2,2023-12,3-5%
2024-01-23,TATAPOWER,3.26,SHORT,360.0,362.7,354.6,WIN,354.6,1.5,1495.8,2024-01-23 09:15:00+05:30,0,2024-01,3-5%
2024-02-12,TATAPOWER,-3.29,LONG,379.45,376.6,385.14,LOSS,376.6,-0.75,-748.47,2024-02-12 09:15:00+05:30,0,2024-02,3-5%
2024-03-11,TATAPOWER,-3.67,LONG,412.15,409.06,418.33,LOSS,409.06,-0.75,-748.05,2024-03-11 09:15:00+05:30,0,2024-03,3-5%
2024-06-03,TATAPOWER,3.13,SHORT,451.7,455.09,444.92,LOSS,455.09,-0.75,-748.69,2024-06-03 09:15:00+05:30,0,2024-06,3-5%
2025-04-07,TATAPOWER,-7.89,LONG,340.35,337.8,345.46,WIN,345.46,1.5,1495.84,2025-04-07 09:15:00+05:30,0,2025-04,5-10%
2025-04-15,TATAPOWER,3.14,SHORT,376.25,379.07,370.61,LOSS,379.07,-0.75,-747.8,2025-04-15 09:15:00+05:30,0,2025-04,3-5%
2026-03-02,TATAPOWER,-3.08,LONG,365.0,362.26,370.48,WIN,370.48,1.5,1494.67,2026-03-02 09:15:00+05:30,0,2026-03,3-5%
2024-01-12,TCS,3.39,SHORT,3855.0,3883.91,3797.18,LOSS,3883.91,-0.75,-722.81,2024-01-12 09:15:00+05:30,0,2024-01,3-5%
2025-01-10,TCS,3.86,SHORT,4200.0,4231.5,4137.0,LOSS,4231.5,-0.75,-724.5,2025-01-10 10:15:00+05:30,1,2025-01,3-5%
2025-04-07,TCS,-5.52,LONG,3117.75,3094.37,3164.52,LOSS,3094.37,-0.75,-748.26,2025-04-07 09:15:00+05:30,0,2025-04,5-10%
2026-02-03,TCS,4.58,SHORT,3314.9,3339.76,3265.18,WIN,3265.18,1.5,1491.7,2026-02-03 09:15:00+05:30,0,2026-02,3-5%
2026-02-04,TCS,-3.11,LONG,3120.0,3096.6,3166.8,LOSS,3096.6,-0.75,-748.8,2026-02-04 09:15:00+05:30,0,2026-02,3-5%
2026-02-13,TCS,-5.5,LONG,2591.0,2571.57,2629.86,WIN,2629.86,1.5,1476.87,2026-02-13 09:15:00+05:30,0,2026-02,5-10%
2023-07-21,TECHM,-4.96,LONG,1191.0,1182.07,1208.86,WIN,1208.86,1.5,1482.79,2023-07-21 09:15:00+05:30,0,2023-07,3-5%
2024-01-15,TECHM,3.05,SHORT,1347.85,1357.96,1327.63,LOSS,1357.96,-0.75,-748.06,2024-01-15 09:15:00+05:30,0,2024-01,3-5%
2024-01-25,TECHM,-4.55,LONG,1343.85,1333.77,1364.01,LOSS,1333.77,-0.75,-745.84,2024-01-25 09:15:00+05:30,0,2024-01,3-5%
2024-04-26,TECHM,7.18,SHORT,1275.75,1285.32,1256.61,LOSS,1285.32,-0.75,-746.31,2024-04-26 09:15:00+05:30,0,2024-04,5-10%
2024-10-21,TECHM,3.76,SHORT,1751.35,1764.49,1725.08,WIN,1725.08,1.5,1497.4,2024-10-21 09:15:00+05:30,0,2024-10,3-5%
2025-03-04,TECHM,-3.95,LONG,1433.05,1422.3,1454.55,WIN,1454.55,1.5,1483.21,2025-03-04 09:15:00+05:30,0,2025-03,3-5%
2025-04-07,TECHM,-4.44,LONG,1264.75,1255.26,1283.72,LOSS,1255.26,-0.75,-749.36,2025-04-07 09:15:00+05:30,0,2025-04,3-5%
2025-04-08,TECHM,3.06,SHORT,1327.45,1337.41,1307.54,LOSS,1337.41,-0.75,-746.69,2025-04-08 09:15:00+05:30,0,2025-04,3-5%
2025-04-23,TECHM,3.17,SHORT,1420.1,1430.75,1398.8,LOSS,1430.75,-0.75,-745.55,2025-04-23 09:15:00+05:30,0,2025-04,3-5%
2025-09-22,TECHM,-3.66,LONG,1499.0,1487.76,1521.48,LOSS,1487.76,-0.75,-742.0,2025-09-22 09:15:00+05:30,0,2025-09,3-5%
2026-02-03,TECHM,6.71,SHORT,1852.0,1865.89,1824.22,WIN,1824.22,1.5,1472.34,2026-02-03 09:15:00+05:30,0,2026-02,5-10%
2026-02-04,TECHM,-3.52,LONG,1656.0,1643.58,1680.84,LOSS,1643.58,-0.75,-745.2,2026-02-04 09:15:00+05:30,0,2026-02,3-5%
2026-04-22,TECHM,-3.74,LONG,1444.7,1433.86,1466.37,WIN,1466.37,1.5,1495.26,2026-04-22 09:15:00+05:30,0,2026-04,3-5%
2024-08-05,TITAN,-3.84,LONG,3320.05,3295.15,3369.85,WIN,3369.85,1.5,1494.02,2024-08-05 09:15:00+05:30,0,2024-08,3-5%
2025-04-07,TITAN,-3.32,LONG,2974.2,2951.89,3018.81,LOSS,2951.89,-0.75,-736.11,2025-04-07 09:15:00+05:30,0,2025-04,3-5%
2025-04-08,TITAN,4.32,SHORT,3152.7,3176.35,3105.41,LOSS,3176.35,-0.75,-733.0,2025-04-08 09:15:00+05:30,0,2025-04,3-5%
2025-07-08,TITAN,-3.08,LONG,3554.0,3527.34,3607.31,LOSS,3527.34,-0.75,-746.34,2025-07-08 09:15:00+05:30,0,2025-07,3-5%
2026-02-03,TITAN,3.8,SHORT,4130.0,4160.98,4068.05,WIN,4068.05,1.5,1486.8,2026-02-03 09:15:00+05:30,0,2026-02,3-5%
2026-03-24,TITAN,3.37,SHORT,3966.9,3996.65,3907.4,WIN,3907.4,1.5,1487.59,2026-03-24 09:15:00+05:30,0,2026-03,3-5%
2023-05-31,TORNTPHARM,3.03,SHORT,1765.55,1778.79,1739.07,LOSS,1778.79,-0.75,-741.53,2023-05-31 09:15:00+05:30,0,2023-05,3-5%
2023-06-30,TORNTPHARM,3.08,SHORT,1936.95,1951.48,1907.9,WIN,1907.9,1.5,1481.77,2023-06-30 12:15:00+05:30,3,2023-06,3-5%
2024-01-23,TORNTPHARM,3.06,SHORT,2539.0,2558.04,2500.92,WIN,2500.92,1.5,1485.32,2024-01-23 10:15:00+05:30,1,2024-01,3-5%
2024-05-27,TORNTPHARM,5.54,SHORT,2757.2,2777.88,2715.84,LOSS,2777.88,-0.75,-744.44,2024-05-27 09:15:00+05:30,0,2024-05,5-10%
2025-06-27,TORNTPHARM,3.64,SHORT,3339.5,3364.55,3289.41,WIN,3289.41,1.5,1452.68,2025-06-27 13:15:00+05:30,4,2025-06,3-5%
2026-01-30,TORNTPHARM,-4.61,LONG,3749.0,3720.88,3805.23,WIN,3805.23,1.5,1462.11,2026-01-30 09:15:00+05:30,0,2026-01,3-5%
2026-03-02,TORNTPHARM,-3.29,LONG,4190.8,4159.37,4253.66,WIN,4253.66,1.5,1445.83,2026-03-02 09:15:00+05:30,0,2026-03,3-5%
2023-06-07,TORNTPOWER,3.69,SHORT,634.8,639.56,625.28,LOSS,639.56,-0.75,-747.48,2023-06-07 09:15:00+05:30,0,2023-06,3-5%
2023-12-04,TORNTPOWER,3.63,SHORT,984.9,992.29,970.13,WIN,970.13,1.5,1492.12,2023-12-04 09:15:00+05:30,0,2023-12,3-5%
2024-01-04,TORNTPOWER,5.68,SHORT,997.95,1005.43,982.98,LOSS,1005.43,-0.75,-748.46,2024-01-04 09:15:00+05:30,0,2024-01,5-10%
2024-02-09,TORNTPOWER,-6.44,LONG,1126.75,1118.3,1143.65,LOSS,1118.3,-0.75,-743.65,2024-02-09 09:15:00+05:30,0,2024-02,5-10%
2024-02-20,TORNTPOWER,3.81,SHORT,1217.65,1226.78,1199.39,WIN,1199.39,1.5,1497.71,2024-02-20 09:15:00+05:30,0,2024-02,3-5%
2024-03-04,TORNTPOWER,4.88,SHORT,1168.15,1176.91,1150.63,WIN,1150.63,1.5,1489.39,2024-03-04 09:15:00+05:30,0,2024-03,3-5%
2024-04-01,TORNTPOWER,4.57,SHORT,1420.0,1430.65,1398.7,LOSS,1430.65,-0.75,-745.5,2024-04-01 09:15:00+05:30,0,2024-04,3-5%
2024-04-15,TORNTPOWER,-7.77,LONG,1457.3,1446.37,1479.16,WIN,1479.16,1.5,1486.45,2024-04-15 09:15:00+05:30,0,2024-04,5-10%
2024-06-03,TORNTPOWER,4.11,SHORT,1525.0,1536.44,1502.12,LOSS,1536.44,-0.75,-743.44,2024-06-03 09:15:00+05:30,0,2024-06,3-5%
2024-07-09,TORNTPOWER,4.7,SHORT,1539.6,1551.15,1516.51,WIN,1516.51,1.5,1478.02,2024-07-09 09:15:00+05:30,0,2024-07,3-5%
2024-07-31,TORNTPOWER,8.66,SHORT,1739.9,1752.95,1713.8,LOSS,1752.95,-0.75,-743.81,2024-07-31 09:15:00+05:30,0,2024-07,5-10%
2024-09-18,TORNTPOWER,3.19,SHORT,1836.85,1850.63,1809.3,LOSS,1850.63,-0.75,-743.92,2024-09-18 09:15:00+05:30,0,2024-09,3-5%
2024-10-09,TORNTPOWER,4.94,SHORT,1907.9,1922.21,1879.28,LOSS,1922.21,-0.75,-744.08,2024-10-09 09:15:00+05:30,0,2024-10,3-5%
2024-11-14,TORNTPOWER,-3.1,LONG,1590.2,1578.27,1614.05,LOSS,1578.27,-0.75,-739.44,2024-11-14 09:15:00+05:30,0,2024-11,3-5%
2025-02-03,TORNTPOWER,-4.7,LONG,1394.7,1384.24,1415.62,LOSS,1384.24,-0.75,-742.68,2025-02-03 09:15:00+05:30,0,2025-02,3-5%
2025-04-07,TORNTPOWER,-10.17,LONG,1383.35,1372.97,1404.1,WIN,1404.1,1.5,1494.02,2025-04-07 09:15:00+05:30,0,2025-04,10%+
2025-05-12,TORNTPOWER,4.21,SHORT,1429.4,1440.12,1407.96,LOSS,1440.12,-0.75,-739.71,2025-05-12 09:15:00+05:30,0,2025-05,3-5%
2025-09-01,TORNTPOWER,5.37,SHORT,1293.2,1302.9,1273.8,LOSS,1302.9,-0.75,-746.82,2025-09-01 09:15:00+05:30,0,2025-09,5-10%
2026-03-02,TORNTPOWER,-3.16,LONG,1511.7,1500.36,1534.38,WIN,1534.38,1.5,1496.58,2026-03-02 09:15:00+05:30,0,2026-03,3-5%
2026-03-09,TORNTPOWER,-3.58,LONG,1428.2,1417.49,1449.62,LOSS,1417.49,-0.75,-749.8,2026-03-09 10:15:00+05:30,1,2026-03,3-5%
2026-04-01,TORNTPOWER,3.37,SHORT,1349.8,1359.92,1329.55,WIN,1329.55,1.5,1498.28,2026-04-01 09:15:00+05:30,0,2026-04,3-5%
2024-06-03,ULTRACEMCO,3.88,SHORT,10300.0,10377.25,10145.5,LOSS,10377.25,-0.75,-695.25,2024-06-03 09:15:00+05:30,0,2024-06,3-5%
2025-02-03,ULTRACEMCO,-3.56,LONG,11078.85,10995.76,11245.03,WIN,11245.03,1.5,1495.64,2025-02-03 09:15:00+05:30,0,2025-02,3-5%
2025-02-27,ULTRACEMCO,-3.32,LONG,10600.0,10520.5,10759.0,LOSS,10520.5,-0.75,-715.5,2025-02-27 09:15:00+05:30,0,2025-02,3-5%
2026-04-08,ULTRACEMCO,4.6,SHORT,11439.0,11524.79,11267.42,LOSS,11524.79,-0.75,-686.34,2026-04-08 09:15:00+05:30,0,2026-04,3-5%
2024-04-08,VOLTAS,6.95,SHORT,1315.0,1324.86,1295.28,LOSS,1324.86,-0.75,-749.55,2024-04-08 09:15:00+05:30,0,2024-04,5-10%
2024-04-22,VOLTAS,4.4,SHORT,1357.8,1367.98,1337.43,WIN,1337.43,1.5,1486.79,2024-04-22 09:15:00+05:30,0,2024-04,3-5%
2024-05-08,VOLTAS,-7.43,LONG,1280.0,1270.4,1299.2,LOSS,1270.4,-0.75,-748.8,2024-05-08 09:15:00+05:30,0,2024-05,5-10%
2024-06-03,VOLTAS,3.55,SHORT,1409.75,1420.32,1388.6,LOSS,1420.32,-0.75,-740.12,2024-06-03 09:15:00+05:30,0,2024-06,3-5%
2024-08-12,VOLTAS,6.18,SHORT,1517.1,1528.48,1494.34,LOSS,1528.48,-0.75,-739.59,2024-08-12 09:15:00+05:30,0,2024-08,5-10%
2025-01-30,VOLTAS,-4.08,LONG,1413.9,1403.3,1435.11,LOSS,1403.3,-0.75,-742.3,2025-01-30 09:15:00+05:30,0,2025-01,3-5%
2025-04-01,VOLTAS,-3.02,LONG,1414.7,1404.09,1435.92,LOSS,1404.09,-0.75,-742.72,2025-04-01 09:15:00+05:30,0,2025-04,3-5%
2025-04-07,VOLTAS,-5.41,LONG,1230.75,1221.52,1249.21,WIN,1249.21,1.5,1495.36,2025-04-07 09:15:00+05:30,0,2025-04,5-10%
2025-08-11,VOLTAS,-5.33,LONG,1235.3,1226.04,1253.83,LOSS,1226.04,-0.75,-741.18,2025-08-11 09:15:00+05:30,0,2025-08,5-10%
2025-08-18,VOLTAS,6.68,SHORT,1360.0,1370.2,1339.6,LOSS,1370.2,-0.75,-744.6,2025-08-18 09:15:00+05:30,0,2025-08,5-10%
2024-02-20,WHIRLPOOL,-4.29,LONG,1275.75,1266.18,1294.89,WIN,1294.89,1.5,1492.63,2024-02-20 09:15:00+05:30,0,2024-02,3-5%
2024-02-27,WHIRLPOOL,-4.13,LONG,1212.6,1203.51,1230.79,LOSS,1203.51,-0.75,-745.75,2024-02-27 09:15:00+05:30,0,2024-02,3-5%
2024-05-21,WHIRLPOOL,3.37,SHORT,1612.05,1624.14,1587.87,LOSS,1624.14,-0.75,-749.6,2024-05-21 09:15:00+05:30,0,2024-05,3-5%
2024-06-27,WHIRLPOOL,17.04,SHORT,2150.1,2166.23,2117.85,WIN,2117.85,1.5,1483.57,2024-06-27 09:15:00+05:30,0,2024-06,10%+
2024-11-25,WHIRLPOOL,3.56,SHORT,1828.05,1841.76,1800.63,LOSS,1841.76,-0.75,-740.36,2024-11-25 09:15:00+05:30,0,2024-11,3-5%
2025-01-30,WHIRLPOOL,-19.95,LONG,1260.8,1251.34,1279.71,FLAT,1260.8,0.0,0.0,2025-01-30 15:15:00+05:30,6,2025-01,10%+
2025-01-31,WHIRLPOOL,-10.74,LONG,1125.35,1116.91,1142.23,WIN,1142.23,1.5,1485.46,2025-01-31 09:15:00+05:30,0,2025-01,10%+
2025-04-07,WHIRLPOOL,-9.42,LONG,957.3,950.12,971.66,WIN,971.66,1.5,1493.39,2025-04-07 09:15:00+05:30,0,2025-04,5-10%
2025-05-09,WHIRLPOOL,-4.3,LONG,1181.9,1173.04,1199.63,WIN,1199.63,1.5,1489.19,2025-05-09 09:15:00+05:30,0,2025-05,3-5%
2025-05-12,WHIRLPOOL,3.85,SHORT,1270.0,1279.53,1250.95,LOSS,1279.53,-0.75,-742.95,2025-05-12 09:15:00+05:30,0,2025-05,3-5%
2025-05-21,WHIRLPOOL,4.79,SHORT,1357.5,1367.68,1337.14,LOSS,1367.68,-0.75,-743.23,2025-05-21 09:15:00+05:30,0,2025-05,3-5%
2025-08-18,WHIRLPOOL,5.27,SHORT,1303.2,1312.97,1283.65,LOSS,1312.97,-0.75,-742.82,2025-08-18 09:15:00+05:30,0,2025-08,5-10%
2025-11-27,WHIRLPOOL,-9.67,LONG,1084.0,1075.87,1100.26,LOSS,1075.87,-0.75,-747.96,2025-11-27 09:15:00+05:30,0,2025-11,5-10%
2026-03-02,WHIRLPOOL,-4.11,LONG,882.25,875.63,895.48,WIN,895.48,1.5,1495.41,2026-03-02 09:15:00+05:30,0,2026-03,3-5%
2026-04-08,WHIRLPOOL,4.72,SHORT,860.0,866.45,847.1,WIN,847.1,1.5,1496.4,2026-04-08 09:15:00+05:30,0,2026-04,3-5%
2023-07-21,WIPRO,-3.4,LONG,201.52,200.01,204.55,WIN,204.55,1.5,1499.35,2023-07-21 09:15:00+05:30,0,2023-07,3-5%
2023-10-19,WIPRO,-3.88,LONG,195.82,194.36,198.76,FLAT,197.5,0.86,854.25,2023-10-19 15:15:00+05:30,6,2023-10,3-5%
2024-01-15,WIPRO,9.79,SHORT,255.98,257.89,252.14,LOSS,257.89,-0.75,-748.73,2024-01-15 09:15:00+05:30,0,2024-01,5-10%
2024-03-22,WIPRO,-3.17,LONG,242.3,240.48,245.93,LOSS,240.48,-0.75,-748.71,2024-03-22 09:15:00+05:30,0,2024-03,3-5%
2024-07-22,WIPRO,-6.46,LONG,260.3,258.35,264.2,LOSS,258.35,-0.75,-749.66,2024-07-22 09:15:00+05:30,0,2024-07,5-10%
2025-01-20,WIPRO,6.87,SHORT,301.0,303.26,296.48,LOSS,303.26,-0.75,-749.49,2025-01-20 09:15:00+05:30,0,2025-01,5-10%
2025-02-03,WIPRO,-3.54,LONG,300.95,298.69,305.46,WIN,305.46,1.5,1498.73,2025-02-03 09:15:00+05:30,0,2025-02,3-5%
2025-04-07,WIPRO,-7.67,LONG,228.0,226.29,231.42,WIN,231.42,1.5,1497.96,2025-04-07 09:15:00+05:30,0,2025-04,5-10%
2025-04-17,WIPRO,-5.61,LONG,234.0,232.24,237.51,LOSS,232.24,-0.75,-749.38,2025-04-17 09:15:00+05:30,0,2025-04,5-10%
2025-07-18,WIPRO,3.82,SHORT,268.9,270.92,264.87,LOSS,270.92,-0.75,-748.21,2025-07-18 09:15:00+05:30,0,2025-07,3-5%
2026-01-19,WIPRO,-6.26,LONG,250.0,248.12,253.75,LOSS,248.12,-0.75,-750.0,2026-01-19 09:15:00+05:30,0,2026-01,5-10%
2026-02-03,WIPRO,7.18,SHORT,259.7,261.65,255.8,WIN,255.8,1.5,1499.77,2026-02-03 09:15:00+05:30,0,2026-02,5-10%
2026-02-13,WIPRO,-3.57,LONG,210.98,209.4,214.14,LOSS,209.4,-0.75,-748.45,2026-02-13 09:15:00+05:30,0,2026-02,3-5%
